date,product_id,daily_quantity
2024-04-01,P101,69
2024-04-01,P102,92
2024-04-01,P103,79
2024-04-01,P104,105
2024-04-01,P105,91
2024-04-01,P106,95
2024-04-01,P107,84
2024-04-01,P108,40
2024-04-01,P109,47
2024-04-01,P110,51
2024-04-01,P111,117
2024-04-01,P112,117
2024-04-01,P113,110
2024-04-01,P114,132
2024-04-01,P115,99
2024-04-01,P116,85
2024-04-01,P117,58
2024-04-01,P118,68
2024-04-01,P119,67
2024-04-01,P120,97
2024-04-01,P121,71
2024-04-01,P122,50
2024-04-01,P123,68
2024-04-01,P124,85
2024-04-01,P125,47
2024-04-01,P126,93
2024-04-01,P127,55
2024-04-01,P128,78
2024-04-01,P129,64
2024-04-01,P130,48
2024-04-02,P101,65
2024-04-02,P102,85
2024-04-02,P103,82
2024-04-02,P104,108
2024-04-02,P105,76
2024-04-02,P106,116
2024-04-02,P107,69
2024-04-02,P108,48
2024-04-02,P109,33
2024-04-02,P110,59
2024-04-02,P111,123
2024-04-02,P112,108
2024-04-02,P113,105
2024-04-02,P114,135
2024-04-02,P115,115
2024-04-02,P116,57
2024-04-02,P117,70
2024-04-02,P118,102
2024-04-02,P119,94
2024-04-02,P120,72
2024-04-02,P121,69
2024-04-02,P122,29
2024-04-02,P123,43
2024-04-02,P124,56
2024-04-02,P125,58
2024-04-02,P126,63
2024-04-02,P127,59
2024-04-02,P128,70
2024-04-02,P129,52
2024-04-02,P130,46
2024-04-03,P101,59
2024-04-03,P102,147
2024-04-03,P103,153
2024-04-03,P104,156
2024-04-03,P105,101
2024-04-03,P106,87
2024-04-03,P107,84
2024-04-03,P108,53
2024-04-03,P109,41
2024-04-03,P110,60
2024-04-03,P111,155
2024-04-03,P112,93
2024-04-03,P113,101
2024-04-03,P114,165
2024-04-03,P115,117
2024-04-03,P116,68
2024-04-03,P117,95
2024-04-03,P118,101
2024-04-03,P119,81
2024-04-03,P120,79
2024-04-03,P121,91
2024-04-03,P122,39
2024-04-03,P123,91
2024-04-03,P124,105
2024-04-03,P125,61
2024-04-03,P126,94
2024-04-03,P127,65
2024-04-03,P128,111
2024-04-03,P129,55
2024-04-03,P130,58
2024-04-04,P101,93
2024-04-04,P102,98
2024-04-04,P103,100
2024-04-04,P104,114
2024-04-04,P105,99
2024-04-04,P106,127
2024-04-04,P107,69
2024-04-04,P108,63
2024-04-04,P109,56
2024-04-04,P110,77
2024-04-04,P111,146
2024-04-04,P112,139
2024-04-04,P113,111
2024-04-04,P114,153
2024-04-04,P115,118
2024-04-04,P116,87
2024-04-04,P117,87
2024-04-04,P118,83
2024-04-04,P119,60
2024-04-04,P120,61
2024-04-04,P121,73
2024-04-04,P122,36
2024-04-04,P123,73
2024-04-04,P124,90
2024-04-04,P125,95
2024-04-04,P126,98
2024-04-04,P127,102
2024-04-04,P128,111
2024-04-04,P129,46
2024-04-04,P130,69
2024-04-05,P101,96
2024-04-05,P102,103
2024-04-05,P103,117
2024-04-05,P104,129
2024-04-05,P105,110
2024-04-05,P106,113
2024-04-05,P107,78
2024-04-05,P108,55
2024-04-05,P109,75
2024-04-05,P110,57
2024-04-05,P111,110
2024-04-05,P112,106
2024-04-05,P113,204
2024-04-05,P114,181
2024-04-05,P115,133
2024-04-05,P116,82
2024-04-05,P117,99
2024-04-05,P118,58
2024-04-05,P119,82
2024-04-05,P120,67
2024-04-05,P121,57
2024-04-05,P122,62
2024-04-05,P123,55
2024-04-05,P124,73
2024-04-05,P125,55
2024-04-05,P126,70
2024-04-05,P127,81
2024-04-05,P128,83
2024-04-05,P129,84
2024-04-05,P130,85
2024-04-06,P101,47
2024-04-06,P102,138
2024-04-06,P103,180
2024-04-06,P104,168
2024-04-06,P105,102
2024-04-06,P106,98
2024-04-06,P107,71
2024-04-06,P108,33
2024-04-06,P109,49
2024-04-06,P110,76
2024-04-06,P111,200
2024-04-06,P112,193
2024-04-06,P113,186
2024-04-06,P114,186
2024-04-06,P115,157
2024-04-06,P116,118
2024-04-06,P117,66
2024-04-06,P118,94
2024-04-06,P119,99
2024-04-06,P120,89
2024-04-06,P121,122
2024-04-06,P122,36
2024-04-06,P123,95
2024-04-06,P124,128
2024-04-06,P125,79
2024-04-06,P126,146
2024-04-06,P127,95
2024-04-06,P128,126
2024-04-06,P129,92
2024-04-06,P130,82
2024-04-07,P101,93
2024-04-07,P102,125
2024-04-07,P103,93
2024-04-07,P104,186
2024-04-07,P105,121
2024-04-07,P106,89
2024-04-07,P107,106
2024-04-07,P108,37
2024-04-07,P109,46
2024-04-07,P110,53
2024-04-07,P111,158
2024-04-07,P112,105
2024-04-07,P113,209
2024-04-07,P114,186
2024-04-07,P115,96
2024-04-07,P116,114
2024-04-07,P117,92
2024-04-07,P118,107
2024-04-07,P119,113
2024-04-07,P120,113
2024-04-07,P121,68
2024-04-07,P122,68
2024-04-07,P123,61
2024-04-07,P124,89
2024-04-07,P125,91
2024-04-07,P126,64
2024-04-07,P127,116
2024-04-07,P128,115
2024-04-07,P129,65
2024-04-07,P130,104
2024-04-08,P101,48
2024-04-08,P102,74
2024-04-08,P103,106
2024-04-08,P104,99
2024-04-08,P105,83
2024-04-08,P106,92
2024-04-08,P107,122
2024-04-08,P108,57
2024-04-08,P109,58
2024-04-08,P110,28
2024-04-08,P111,146
2024-04-08,P112,110
2024-04-08,P113,168
2024-04-08,P114,145
2024-04-08,P115,123
2024-04-08,P116,85
2024-04-08,P117,56
2024-04-08,P118,85
2024-04-08,P119,63
2024-04-08,P120,66
2024-04-08,P121,72
2024-04-08,P122,50
2024-04-08,P123,42
2024-04-08,P124,46
2024-04-08,P125,64
2024-04-08,P126,65
2024-04-08,P127,101
2024-04-08,P128,100
2024-04-08,P129,71
2024-04-08,P130,49
2024-04-09,P101,40
2024-04-09,P102,140
2024-04-09,P103,117
2024-04-09,P104,147
2024-04-09,P105,112
2024-04-09,P106,59
2024-04-09,P107,128
2024-04-09,P108,29
2024-04-09,P109,44
2024-04-09,P110,29
2024-04-09,P111,163
2024-04-09,P112,118
2024-04-09,P113,169
2024-04-09,P114,110
2024-04-09,P115,124
2024-04-09,P116,76
2024-04-09,P117,105
2024-04-09,P118,60
2024-04-09,P119,60
2024-04-09,P120,82
2024-04-09,P121,80
2024-04-09,P122,38
2024-04-09,P123,91
2024-04-09,P124,91
2024-04-09,P125,104
2024-04-09,P126,95
2024-04-09,P127,57
2024-04-09,P128,93
2024-04-09,P129,73
2024-04-09,P130,73
2024-04-10,P101,56
2024-04-10,P102,145
2024-04-10,P103,122
2024-04-10,P104,134
2024-04-10,P105,70
2024-04-10,P106,106
2024-04-10,P107,132
2024-04-10,P108,30
2024-04-10,P109,39
2024-04-10,P110,59
2024-04-10,P111,174
2024-04-10,P112,152
2024-04-10,P113,195
2024-04-10,P114,204
2024-04-10,P115,87
2024-04-10,P116,101
2024-04-10,P117,62
2024-04-10,P118,66
2024-04-10,P119,83
2024-04-10,P120,93
2024-04-10,P121,68
2024-04-10,P122,42
2024-04-10,P123,100
2024-04-10,P124,110
2024-04-10,P125,94
2024-04-10,P126,79
2024-04-10,P127,51
2024-04-10,P128,110
2024-04-10,P129,44
2024-04-10,P130,67
2024-04-11,P101,89
2024-04-11,P102,93
2024-04-11,P103,161
2024-04-11,P104,114
2024-04-11,P105,83
2024-04-11,P106,112
2024-04-11,P107,70
2024-04-11,P108,62
2024-04-11,P109,40
2024-04-11,P110,61
2024-04-11,P111,114
2024-04-11,P112,138
2024-04-11,P113,183
2024-04-11,P114,160
2024-04-11,P115,105
2024-04-11,P116,68
2024-04-11,P117,106
2024-04-11,P118,80
2024-04-11,P119,67
2024-04-11,P120,83
2024-04-11,P121,70
2024-04-11,P122,39
2024-04-11,P123,57
2024-04-11,P124,52
2024-04-11,P125,63
2024-04-11,P126,69
2024-04-11,P127,93
2024-04-11,P128,103
2024-04-11,P129,67
2024-04-11,P130,59
2024-04-12,P101,48
2024-04-12,P102,147
2024-04-12,P103,110
2024-04-12,P104,172
2024-04-12,P105,109
2024-04-12,P106,116
2024-04-12,P107,119
2024-04-12,P108,68
2024-04-12,P109,59
2024-04-12,P110,51
2024-04-12,P111,188
2024-04-12,P112,176
2024-04-12,P113,207
2024-04-12,P114,176
2024-04-12,P115,120
2024-04-12,P116,62
2024-04-12,P117,59
2024-04-12,P118,114
2024-04-12,P119,99
2024-04-12,P120,125
2024-04-12,P121,63
2024-04-12,P122,38
2024-04-12,P123,105
2024-04-12,P124,95
2024-04-12,P125,120
2024-04-12,P126,75
2024-04-12,P127,56
2024-04-12,P128,92
2024-04-12,P129,89
2024-04-12,P130,103
2024-04-13,P101,83
2024-04-13,P102,106
2024-04-13,P103,145
2024-04-13,P104,152
2024-04-13,P105,63
2024-04-13,P106,69
2024-04-13,P107,71
2024-04-13,P108,45
2024-04-13,P109,37
2024-04-13,P110,74
2024-04-13,P111,111
2024-04-13,P112,195
2024-04-13,P113,238
2024-04-13,P114,228
2024-04-13,P115,90
2024-04-13,P116,103
2024-04-13,P117,135
2024-04-13,P118,143
2024-04-13,P119,121
2024-04-13,P120,103
2024-04-13,P121,120
2024-04-13,P122,46
2024-04-13,P123,121
2024-04-13,P124,111
2024-04-13,P125,126
2024-04-13,P126,145
2024-04-13,P127,115
2024-04-13,P128,143
2024-04-13,P129,94
2024-04-13,P130,80
2024-04-14,P101,96
2024-04-14,P102,94
2024-04-14,P103,142
2024-04-14,P104,166
2024-04-14,P105,142
2024-04-14,P106,133
2024-04-14,P107,115
2024-04-14,P108,58
2024-04-14,P109,66
2024-04-14,P110,73
2024-04-14,P111,156
2024-04-14,P112,134
2024-04-14,P113,130
2024-04-14,P114,147
2024-04-14,P115,124
2024-04-14,P116,78
2024-04-14,P117,111
2024-04-14,P118,126
2024-04-14,P119,108
2024-04-14,P120,124
2024-04-14,P121,74
2024-04-14,P122,43
2024-04-14,P123,66
2024-04-14,P124,98
2024-04-14,P125,64
2024-04-14,P126,89
2024-04-14,P127,128
2024-04-14,P128,97
2024-04-14,P129,53
2024-04-14,P130,60
2024-04-15,P101,56
2024-04-15,P102,142
2024-04-15,P103,87
2024-04-15,P104,153
2024-04-15,P105,86
2024-04-15,P106,112
2024-04-15,P107,73
2024-04-15,P108,36
2024-04-15,P109,43
2024-04-15,P110,37
2024-04-15,P111,96
2024-04-15,P112,140
2024-04-15,P113,133
2024-04-15,P114,164
2024-04-15,P115,65
2024-04-15,P116,65
2024-04-15,P117,80
2024-04-15,P118,96
2024-04-15,P119,89
2024-04-15,P120,99
2024-04-15,P121,64
2024-04-15,P122,36
2024-04-15,P123,88
2024-04-15,P124,44
2024-04-15,P125,112
2024-04-15,P126,95
2024-04-15,P127,98
2024-04-15,P128,87
2024-04-15,P129,73
2024-04-15,P130,52
2024-04-16,P101,55
2024-04-16,P102,128
2024-04-16,P103,139
2024-04-16,P104,112
2024-04-16,P105,65
2024-04-16,P106,79
2024-04-16,P107,138
2024-04-16,P108,50
2024-04-16,P109,64
2024-04-16,P110,36
2024-04-16,P111,135
2024-04-16,P112,153
2024-04-16,P113,145
2024-04-16,P114,129
2024-04-16,P115,105
2024-04-16,P116,70
2024-04-16,P117,91
2024-04-16,P118,94
2024-04-16,P119,60
2024-04-16,P120,64
2024-04-16,P121,93
2024-04-16,P122,46
2024-04-16,P123,55
2024-04-16,P124,80
2024-04-16,P125,52
2024-04-16,P126,99
2024-04-16,P127,52
2024-04-16,P128,54
2024-04-16,P129,44
2024-04-16,P130,45
2024-04-17,P101,72
2024-04-17,P102,103
2024-04-17,P103,160
2024-04-17,P104,103
2024-04-17,P105,114
2024-04-17,P106,67
2024-04-17,P107,110
2024-04-17,P108,61
2024-04-17,P109,68
2024-04-17,P110,54
2024-04-17,P111,89
2024-04-17,P112,156
2024-04-17,P113,171
2024-04-17,P114,213
2024-04-17,P115,78
2024-04-17,P116,57
2024-04-17,P117,94
2024-04-17,P118,64
2024-04-17,P119,58
2024-04-17,P120,77
2024-04-17,P121,62
2024-04-17,P122,59
2024-04-17,P123,105
2024-04-17,P124,85
2024-04-17,P125,98
2024-04-17,P126,65
2024-04-17,P127,52
2024-04-17,P128,120
2024-04-17,P129,52
2024-04-17,P130,56
2024-04-18,P101,48
2024-04-18,P102,155
2024-04-18,P103,138
2024-04-18,P104,140
2024-04-18,P105,133
2024-04-18,P106,65
2024-04-18,P107,113
2024-04-18,P108,32
2024-04-18,P109,53
2024-04-18,P110,60
2024-04-18,P111,106
2024-04-18,P112,105
2024-04-18,P113,158
2024-04-18,P114,146
2024-04-18,P115,93
2024-04-18,P116,77
2024-04-18,P117,60
2024-04-18,P118,122
2024-04-18,P119,107
2024-04-18,P120,123
2024-04-18,P121,68
2024-04-18,P122,65
2024-04-18,P123,107
2024-04-18,P124,69
2024-04-18,P125,126
2024-04-18,P126,132
2024-04-18,P127,93
2024-04-18,P128,93
2024-04-18,P129,83
2024-04-18,P130,74
2024-04-19,P101,53
2024-04-19,P102,113
2024-04-19,P103,165
2024-04-19,P104,150
2024-04-19,P105,103
2024-04-19,P106,88
2024-04-19,P107,132
2024-04-19,P108,51
2024-04-19,P109,77
2024-04-19,P110,59
2024-04-19,P111,176
2024-04-19,P112,119
2024-04-19,P113,198
2024-04-19,P114,142
2024-04-19,P115,104
2024-04-19,P116,67
2024-04-19,P117,91
2024-04-19,P118,91
2024-04-19,P119,116
2024-04-19,P120,63
2024-04-19,P121,99
2024-04-19,P122,60
2024-04-19,P123,85
2024-04-19,P124,106
2024-04-19,P125,112
2024-04-19,P126,123
2024-04-19,P127,102
2024-04-19,P128,60
2024-04-19,P129,54
2024-04-19,P130,105
2024-04-20,P101,115
2024-04-20,P102,115
2024-04-20,P103,136
2024-04-20,P104,110
2024-04-20,P105,76
2024-04-20,P106,87
2024-04-20,P107,128
2024-04-20,P108,46
2024-04-20,P109,70
2024-04-20,P110,73
2024-04-20,P111,135
2024-04-20,P112,189
2024-04-20,P113,176
2024-04-20,P114,188
2024-04-20,P115,95
2024-04-20,P116,119
2024-04-20,P117,128
2024-04-20,P118,149
2024-04-20,P119,78
2024-04-20,P120,70
2024-04-20,P121,78
2024-04-20,P122,67
2024-04-20,P123,83
2024-04-20,P124,109
2024-04-20,P125,137
2024-04-20,P126,79
2024-04-20,P127,64
2024-04-20,P128,91
2024-04-20,P129,57
2024-04-20,P130,67
2024-04-21,P101,102
2024-04-21,P102,148
2024-04-21,P103,128
2024-04-21,P104,109
2024-04-21,P105,135
2024-04-21,P106,156
2024-04-21,P107,137
2024-04-21,P108,54
2024-04-21,P109,57
2024-04-21,P110,48
2024-04-21,P111,166
2024-04-21,P112,147
2024-04-21,P113,197
2024-04-21,P114,191
2024-04-21,P115,91
2024-04-21,P116,104
2024-04-21,P117,85
2024-04-21,P118,91
2024-04-21,P119,104
2024-04-21,P120,93
2024-04-21,P121,102
2024-04-21,P122,57
2024-04-21,P123,75
2024-04-21,P124,102
2024-04-21,P125,81
2024-04-21,P126,63
2024-04-21,P127,111
2024-04-21,P128,134
2024-04-21,P129,51
2024-04-21,P130,53
2024-04-22,P101,63
2024-04-22,P102,125
2024-04-22,P103,148
2024-04-22,P104,156
2024-04-22,P105,119
2024-04-22,P106,100
2024-04-22,P107,79
2024-04-22,P108,44
2024-04-22,P109,42
2024-04-22,P110,67
2024-04-22,P111,94
2024-04-22,P112,177
2024-04-22,P113,152
2024-04-22,P114,111
2024-04-22,P115,120
2024-04-22,P116,88
2024-04-22,P117,72
2024-04-22,P118,72
2024-04-22,P119,84
2024-04-22,P120,70
2024-04-22,P121,45
2024-04-22,P122,29
2024-04-22,P123,84
2024-04-22,P124,100
2024-04-22,P125,52
2024-04-22,P126,106
2024-04-22,P127,71
2024-04-22,P128,66
2024-04-22,P129,48
2024-04-22,P130,58
2024-04-23,P101,45
2024-04-23,P102,100
2024-04-23,P103,130
2024-04-23,P104,93
2024-04-23,P105,78
2024-04-23,P106,109
2024-04-23,P107,86
2024-04-23,P108,37
2024-04-23,P109,32
2024-04-23,P110,55
2024-04-23,P111,134
2024-04-23,P112,100
2024-04-23,P113,146
2024-04-23,P114,195
2024-04-23,P115,111
2024-04-23,P116,66
2024-04-23,P117,66
2024-04-23,P118,89
2024-04-23,P119,74
2024-04-23,P120,61
2024-04-23,P121,56
2024-04-23,P122,53
2024-04-23,P123,66
2024-04-23,P124,51
2024-04-23,P125,77
2024-04-23,P126,109
2024-04-23,P127,84
2024-04-23,P128,89
2024-04-23,P129,41
2024-04-23,P130,47
2024-04-24,P101,84
2024-04-24,P102,110
2024-04-24,P103,163
2024-04-24,P104,154
2024-04-24,P105,77
2024-04-24,P106,74
2024-04-24,P107,149
2024-04-24,P108,36
2024-04-24,P109,59
2024-04-24,P110,52
2024-04-24,P111,135
2024-04-24,P112,159
2024-04-24,P113,181
2024-04-24,P114,194
2024-04-24,P115,114
2024-04-24,P116,67
2024-04-24,P117,70
2024-04-24,P118,121
2024-04-24,P119,80
2024-04-24,P120,106
2024-04-24,P121,51
2024-04-24,P122,63
2024-04-24,P123,97
2024-04-24,P124,109
2024-04-24,P125,60
2024-04-24,P126,64
2024-04-24,P127,77
2024-04-24,P128,59
2024-04-24,P129,71
2024-04-24,P130,88
2024-04-25,P101,55
2024-04-25,P102,149
2024-04-25,P103,123
2024-04-25,P104,111
2024-04-25,P105,113
2024-04-25,P106,61
2024-04-25,P107,89
2024-04-25,P108,59
2024-04-25,P109,70
2024-04-25,P110,62
2024-04-25,P111,112
2024-04-25,P112,192
2024-04-25,P113,183
2024-04-25,P114,141
2024-04-25,P115,129
2024-04-25,P116,112
2024-04-25,P117,73
2024-04-25,P118,60
2024-04-25,P119,116
2024-04-25,P120,124
2024-04-25,P121,62
2024-04-25,P122,70
2024-04-25,P123,107
2024-04-25,P124,84
2024-04-25,P125,80
2024-04-25,P126,73
2024-04-25,P127,83
2024-04-25,P128,100
2024-04-25,P129,42
2024-04-25,P130,93
2024-04-26,P101,48
2024-04-26,P102,91
2024-04-26,P103,149
2024-04-26,P104,176
2024-04-26,P105,82
2024-04-26,P106,108
2024-04-26,P107,122
2024-04-26,P108,39
2024-04-26,P109,73
2024-04-26,P110,59
2024-04-26,P111,121
2024-04-26,P112,106
2024-04-26,P113,222
2024-04-26,P114,202
2024-04-26,P115,156
2024-04-26,P116,85
2024-04-26,P117,106
2024-04-26,P118,135
2024-04-26,P119,129
2024-04-26,P120,115
2024-04-26,P121,73
2024-04-26,P122,60
2024-04-26,P123,107
2024-04-26,P124,117
2024-04-26,P125,79
2024-04-26,P126,104
2024-04-26,P127,91
2024-04-26,P128,67
2024-04-26,P129,76
2024-04-26,P130,83
2024-04-27,P101,80
2024-04-27,P102,101
2024-04-27,P103,157
2024-04-27,P104,214
2024-04-27,P105,109
2024-04-27,P106,127
2024-04-27,P107,109
2024-04-27,P108,39
2024-04-27,P109,46
2024-04-27,P110,94
2024-04-27,P111,213
2024-04-27,P112,147
2024-04-27,P113,173
2024-04-27,P114,142
2024-04-27,P115,144
2024-04-27,P116,103
2024-04-27,P117,103
2024-04-27,P118,79
2024-04-27,P119,116
2024-04-27,P120,130
2024-04-27,P121,60
2024-04-27,P122,46
2024-04-27,P123,78
2024-04-27,P124,115
2024-04-27,P125,79
2024-04-27,P126,85
2024-04-27,P127,105
2024-04-27,P128,73
2024-04-27,P129,95
2024-04-27,P130,103
2024-04-28,P101,85
2024-04-28,P102,154
2024-04-28,P103,111
2024-04-28,P104,117
2024-04-28,P105,70
2024-04-28,P106,162
2024-04-28,P107,106
2024-04-28,P108,57
2024-04-28,P109,71
2024-04-28,P110,42
2024-04-28,P111,147
2024-04-28,P112,123
2024-04-28,P113,196
2024-04-28,P114,187
2024-04-28,P115,148
2024-04-28,P116,104
2024-04-28,P117,134
2024-04-28,P118,131
2024-04-28,P119,105
2024-04-28,P120,118
2024-04-28,P121,71
2024-04-28,P122,54
2024-04-28,P123,62
2024-04-28,P124,81
2024-04-28,P125,97
2024-04-28,P126,139
2024-04-28,P127,128
2024-04-28,P128,95
2024-04-28,P129,77
2024-04-28,P130,59
2024-04-29,P101,70
2024-04-29,P102,122
2024-04-29,P103,84
2024-04-29,P104,165
2024-04-29,P105,68
2024-04-29,P106,108
2024-04-29,P107,136
2024-04-29,P108,44
2024-04-29,P109,35
2024-04-29,P110,65
2024-04-29,P111,85
2024-04-29,P112,124
2024-04-29,P113,141
2024-04-29,P114,134
2024-04-29,P115,125
2024-04-29,P116,56
2024-04-29,P117,63
2024-04-29,P118,94
2024-04-29,P119,57
2024-04-29,P120,106
2024-04-29,P121,50
2024-04-29,P122,46
2024-04-29,P123,42
2024-04-29,P124,80
2024-04-29,P125,86
2024-04-29,P126,51
2024-04-29,P127,92
2024-04-29,P128,93
2024-04-29,P129,42
2024-04-29,P130,69
2024-04-30,P101,98
2024-04-30,P102,111
2024-04-30,P103,120
2024-04-30,P104,97
2024-04-30,P105,110
2024-04-30,P106,58
2024-04-30,P107,103
2024-04-30,P108,35
2024-04-30,P109,67
2024-04-30,P110,34
2024-04-30,P111,127
2024-04-30,P112,152
2024-04-30,P113,160
2024-04-30,P114,205
2024-04-30,P115,128
2024-04-30,P116,100
2024-04-30,P117,79
2024-04-30,P118,116
2024-04-30,P119,56
2024-04-30,P120,73
2024-04-30,P121,53
2024-04-30,P122,68
2024-04-30,P123,75
2024-04-30,P124,71
2024-04-30,P125,119
2024-04-30,P126,125
2024-04-30,P127,96
2024-04-30,P128,115
2024-04-30,P129,84
2024-04-30,P130,80
2024-05-01,P101,115
2024-05-01,P102,162
2024-05-01,P103,167
2024-05-01,P104,170
2024-05-01,P105,113
2024-05-01,P106,114
2024-05-01,P107,149
2024-05-01,P108,58
2024-05-01,P109,41
2024-05-01,P110,77
2024-05-01,P111,137
2024-05-01,P112,128
2024-05-01,P113,169
2024-05-01,P114,145
2024-05-01,P115,172
2024-05-01,P116,131
2024-05-01,P117,142
2024-05-01,P118,81
2024-05-01,P119,126
2024-05-01,P120,73
2024-05-01,P121,60
2024-05-01,P122,88
2024-05-01,P123,75
2024-05-01,P124,126
2024-05-01,P125,102
2024-05-01,P126,68
2024-05-01,P127,95
2024-05-01,P128,74
2024-05-01,P129,91
2024-05-01,P130,121
2024-05-02,P101,96
2024-05-02,P102,167
2024-05-02,P103,163
2024-05-02,P104,121
2024-05-02,P105,106
2024-05-02,P106,88
2024-05-02,P107,137
2024-05-02,P108,57
2024-05-02,P109,33
2024-05-02,P110,67
2024-05-02,P111,155
2024-05-02,P112,184
2024-05-02,P113,116
2024-05-02,P114,148
2024-05-02,P115,105
2024-05-02,P116,68
2024-05-02,P117,79
2024-05-02,P118,83
2024-05-02,P119,67
2024-05-02,P120,86
2024-05-02,P121,76
2024-05-02,P122,37
2024-05-02,P123,69
2024-05-02,P124,68
2024-05-02,P125,55
2024-05-02,P126,113
2024-05-02,P127,63
2024-05-02,P128,75
2024-05-02,P129,63
2024-05-02,P130,93
2024-05-03,P101,95
2024-05-03,P102,140
2024-05-03,P103,139
2024-05-03,P104,186
2024-05-03,P105,148
2024-05-03,P106,83
2024-05-03,P107,159
2024-05-03,P108,72
2024-05-03,P109,49
2024-05-03,P110,48
2024-05-03,P111,102
2024-05-03,P112,211
2024-05-03,P113,200
2024-05-03,P114,168
2024-05-03,P115,83
2024-05-03,P116,102
2024-05-03,P117,104
2024-05-03,P118,69
2024-05-03,P119,87
2024-05-03,P120,132
2024-05-03,P121,61
2024-05-03,P122,75
2024-05-03,P123,110
2024-05-03,P124,54
2024-05-03,P125,59
2024-05-03,P126,83
2024-05-03,P127,63
2024-05-03,P128,130
2024-05-03,P129,92
2024-05-03,P130,93
2024-05-04,P101,107
2024-05-04,P102,110
2024-05-04,P103,168
2024-05-04,P104,222
2024-05-04,P105,144
2024-05-04,P106,158
2024-05-04,P107,78
2024-05-04,P108,78
2024-05-04,P109,49
2024-05-04,P110,96
2024-05-04,P111,176
2024-05-04,P112,207
2024-05-04,P113,156
2024-05-04,P114,243
2024-05-04,P115,125
2024-05-04,P116,98
2024-05-04,P117,129
2024-05-04,P118,80
2024-05-04,P119,111
2024-05-04,P120,86
2024-05-04,P121,86
2024-05-04,P122,82
2024-05-04,P123,95
2024-05-04,P124,76
2024-05-04,P125,136
2024-05-04,P126,103
2024-05-04,P127,119
2024-05-04,P128,125
2024-05-04,P129,65
2024-05-04,P130,120
2024-05-05,P101,71
2024-05-05,P102,135
2024-05-05,P103,143
2024-05-05,P104,173
2024-05-05,P105,91
2024-05-05,P106,105
2024-05-05,P107,98
2024-05-05,P108,75
2024-05-05,P109,60
2024-05-05,P110,63
2024-05-05,P111,138
2024-05-05,P112,176
2024-05-05,P113,138
2024-05-05,P114,172
2024-05-05,P115,121
2024-05-05,P116,121
2024-05-05,P117,65
2024-05-05,P118,98
2024-05-05,P119,89
2024-05-05,P120,118
2024-05-05,P121,93
2024-05-05,P122,57
2024-05-05,P123,72
2024-05-05,P124,123
2024-05-05,P125,105
2024-05-05,P126,96
2024-05-05,P127,89
2024-05-05,P128,106
2024-05-05,P129,107
2024-05-05,P130,100
2024-05-06,P101,43
2024-05-06,P102,145
2024-05-06,P103,83
2024-05-06,P104,98
2024-05-06,P105,60
2024-05-06,P106,98
2024-05-06,P107,64
2024-05-06,P108,49
2024-05-06,P109,42
2024-05-06,P110,36
2024-05-06,P111,129
2024-05-06,P112,149
2024-05-06,P113,185
2024-05-06,P114,119
2024-05-06,P115,138
2024-05-06,P116,51
2024-05-06,P117,71
2024-05-06,P118,78
2024-05-06,P119,96
2024-05-06,P120,69
2024-05-06,P121,78
2024-05-06,P122,33
2024-05-06,P123,53
2024-05-06,P124,64
2024-05-06,P125,102
2024-05-06,P126,96
2024-05-06,P127,82
2024-05-06,P128,90
2024-05-06,P129,46
2024-05-06,P130,66
2024-05-07,P101,89
2024-05-07,P102,151
2024-05-07,P103,101
2024-05-07,P104,171
2024-05-07,P105,91
2024-05-07,P106,119
2024-05-07,P107,101
2024-05-07,P108,53
2024-05-07,P109,58
2024-05-07,P110,52
2024-05-07,P111,153
2024-05-07,P112,112
2024-05-07,P113,200
2024-05-07,P114,126
2024-05-07,P115,91
2024-05-07,P116,53
2024-05-07,P117,99
2024-05-07,P118,125
2024-05-07,P119,64
2024-05-07,P120,92
2024-05-07,P121,52
2024-05-07,P122,47
2024-05-07,P123,72
2024-05-07,P124,66
2024-05-07,P125,90
2024-05-07,P126,58
2024-05-07,P127,81
2024-05-07,P128,67
2024-05-07,P129,79
2024-05-07,P130,48
2024-05-08,P101,91
2024-05-08,P102,95
2024-05-08,P103,127
2024-05-08,P104,96
2024-05-08,P105,92
2024-05-08,P106,129
2024-05-08,P107,140
2024-05-08,P108,35
2024-05-08,P109,73
2024-05-08,P110,60
2024-05-08,P111,178
2024-05-08,P112,121
2024-05-08,P113,185
2024-05-08,P114,121
2024-05-08,P115,118
2024-05-08,P116,73
2024-05-08,P117,70
2024-05-08,P118,86
2024-05-08,P119,64
2024-05-08,P120,102
2024-05-08,P121,55
2024-05-08,P122,50
2024-05-08,P123,76
2024-05-08,P124,103
2024-05-08,P125,82
2024-05-08,P126,110
2024-05-08,P127,72
2024-05-08,P128,87
2024-05-08,P129,83
2024-05-08,P130,90
2024-05-09,P101,46
2024-05-09,P102,124
2024-05-09,P103,147
2024-05-09,P104,192
2024-05-09,P105,68
2024-05-09,P106,89
2024-05-09,P107,94
2024-05-09,P108,37
2024-05-09,P109,65
2024-05-09,P110,75
2024-05-09,P111,125
2024-05-09,P112,203
2024-05-09,P113,134
2024-05-09,P114,212
2024-05-09,P115,98
2024-05-09,P116,68
2024-05-09,P117,103
2024-05-09,P118,120
2024-05-09,P119,104
2024-05-09,P120,90
2024-05-09,P121,51
2024-05-09,P122,74
2024-05-09,P123,71
2024-05-09,P124,106
2024-05-09,P125,76
2024-05-09,P126,125
2024-05-09,P127,107
2024-05-09,P128,104
2024-05-09,P129,93
2024-05-09,P130,76
2024-05-10,P101,127
2024-05-10,P102,193
2024-05-10,P103,211
2024-05-10,P104,142
2024-05-10,P105,135
2024-05-10,P106,85
2024-05-10,P107,144
2024-05-10,P108,70
2024-05-10,P109,84
2024-05-10,P110,58
2024-05-10,P111,256
2024-05-10,P112,226
2024-05-10,P113,278
2024-05-10,P114,214
2024-05-10,P115,151
2024-05-10,P116,83
2024-05-10,P117,136
2024-05-10,P118,119
2024-05-10,P119,87
2024-05-10,P120,140
2024-05-10,P121,76
2024-05-10,P122,107
2024-05-10,P123,132
2024-05-10,P124,126
2024-05-10,P125,119
2024-05-10,P126,194
2024-05-10,P127,146
2024-05-10,P128,106
2024-05-10,P129,122
2024-05-10,P130,120
2024-05-11,P101,61
2024-05-11,P102,138
2024-05-11,P103,190
2024-05-11,P104,198
2024-05-11,P105,69
2024-05-11,P106,78
2024-05-11,P107,94
2024-05-11,P108,82
2024-05-11,P109,52
2024-05-11,P110,80
2024-05-11,P111,205
2024-05-11,P112,166
2024-05-11,P113,190
2024-05-11,P114,144
2024-05-11,P115,142
2024-05-11,P116,132
2024-05-11,P117,80
2024-05-11,P118,140
2024-05-11,P119,78
2024-05-11,P120,84
2024-05-11,P121,137
2024-05-11,P122,65
2024-05-11,P123,66
2024-05-11,P124,142
2024-05-11,P125,73
2024-05-11,P126,125
2024-05-11,P127,96
2024-05-11,P128,94
2024-05-11,P129,78
2024-05-11,P130,114
2024-05-12,P101,52
2024-05-12,P102,146
2024-05-12,P103,173
2024-05-12,P104,177
2024-05-12,P105,142
2024-05-12,P106,114
2024-05-12,P107,103
2024-05-12,P108,69
2024-05-12,P109,43
2024-05-12,P110,71
2024-05-12,P111,110
2024-05-12,P112,228
2024-05-12,P113,165
2024-05-12,P114,167
2024-05-12,P115,121
2024-05-12,P116,124
2024-05-12,P117,121
2024-05-12,P118,146
2024-05-12,P119,129
2024-05-12,P120,82
2024-05-12,P121,75
2024-05-12,P122,54
2024-05-12,P123,110
2024-05-12,P124,83
2024-05-12,P125,143
2024-05-12,P126,145
2024-05-12,P127,86
2024-05-12,P128,83
2024-05-12,P129,70
2024-05-12,P130,118
2024-05-13,P101,65
2024-05-13,P102,141
2024-05-13,P103,102
2024-05-13,P104,163
2024-05-13,P105,120
2024-05-13,P106,67
2024-05-13,P107,115
2024-05-13,P108,40
2024-05-13,P109,53
2024-05-13,P110,55
2024-05-13,P111,121
2024-05-13,P112,139
2024-05-13,P113,165
2024-05-13,P114,194
2024-05-13,P115,83
2024-05-13,P116,56
2024-05-13,P117,57
2024-05-13,P118,107
2024-05-13,P119,98
2024-05-13,P120,106
2024-05-13,P121,90
2024-05-13,P122,33
2024-05-13,P123,45
2024-05-13,P124,91
2024-05-13,P125,121
2024-05-13,P126,109
2024-05-13,P127,62
2024-05-13,P128,114
2024-05-13,P129,50
2024-05-13,P130,74
2024-05-14,P101,60
2024-05-14,P102,143
2024-05-14,P103,111
2024-05-14,P104,99
2024-05-14,P105,118
2024-05-14,P106,114
2024-05-14,P107,124
2024-05-14,P108,44
2024-05-14,P109,49
2024-05-14,P110,57
2024-05-14,P111,99
2024-05-14,P112,139
2024-05-14,P113,128
2024-05-14,P114,221
2024-05-14,P115,103
2024-05-14,P116,104
2024-05-14,P117,70
2024-05-14,P118,114
2024-05-14,P119,112
2024-05-14,P120,90
2024-05-14,P121,108
2024-05-14,P122,51
2024-05-14,P123,69
2024-05-14,P124,71
2024-05-14,P125,53
2024-05-14,P126,117
2024-05-14,P127,115
2024-05-14,P128,87
2024-05-14,P129,52
2024-05-14,P130,45
2024-05-15,P101,54
2024-05-15,P102,160
2024-05-15,P103,152
2024-05-15,P104,165
2024-05-15,P105,113
2024-05-15,P106,121
2024-05-15,P107,144
2024-05-15,P108,42
2024-05-15,P109,33
2024-05-15,P110,61
2024-05-15,P111,136
2024-05-15,P112,175
2024-05-15,P113,192
2024-05-15,P114,162
2024-05-15,P115,142
2024-05-15,P116,111
2024-05-15,P117,124
2024-05-15,P118,117
2024-05-15,P119,117
2024-05-15,P120,67
2024-05-15,P121,65
2024-05-15,P122,72
2024-05-15,P123,53
2024-05-15,P124,108
2024-05-15,P125,70
2024-05-15,P126,101
2024-05-15,P127,121
2024-05-15,P128,102
2024-05-15,P129,55
2024-05-15,P130,62
2024-05-16,P101,52
2024-05-16,P102,107
2024-05-16,P103,144
2024-05-16,P104,180
2024-05-16,P105,72
2024-05-16,P106,70
2024-05-16,P107,144
2024-05-16,P108,60
2024-05-16,P109,36
2024-05-16,P110,65
2024-05-16,P111,122
2024-05-16,P112,168
2024-05-16,P113,211
2024-05-16,P114,235
2024-05-16,P115,98
2024-05-16,P116,110
2024-05-16,P117,101
2024-05-16,P118,67
2024-05-16,P119,60
2024-05-16,P120,113
2024-05-16,P121,112
2024-05-16,P122,57
2024-05-16,P123,110
2024-05-16,P124,58
2024-05-16,P125,129
2024-05-16,P126,97
2024-05-16,P127,82
2024-05-16,P128,79
2024-05-16,P129,58
2024-05-16,P130,104
2024-05-17,P101,109
2024-05-17,P102,181
2024-05-17,P103,101
2024-05-17,P104,209
2024-05-17,P105,148
2024-05-17,P106,92
2024-05-17,P107,108
2024-05-17,P108,62
2024-05-17,P109,79
2024-05-17,P110,88
2024-05-17,P111,170
2024-05-17,P112,214
2024-05-17,P113,200
2024-05-17,P114,169
2024-05-17,P115,86
2024-05-17,P116,120
2024-05-17,P117,76
2024-05-17,P118,101
2024-05-17,P119,64
2024-05-17,P120,135
2024-05-17,P121,59
2024-05-17,P122,73
2024-05-17,P123,95
2024-05-17,P124,71
2024-05-17,P125,136
2024-05-17,P126,103
2024-05-17,P127,80
2024-05-17,P128,86
2024-05-17,P129,104
2024-05-17,P130,87
2024-05-18,P101,63
2024-05-18,P102,105
2024-05-18,P103,132
2024-05-18,P104,177
2024-05-18,P105,147
2024-05-18,P106,79
2024-05-18,P107,146
2024-05-18,P108,66
2024-05-18,P109,42
2024-05-18,P110,90
2024-05-18,P111,169
2024-05-18,P112,181
2024-05-18,P113,207
2024-05-18,P114,240
2024-05-18,P115,156
2024-05-18,P116,124
2024-05-18,P117,134
2024-05-18,P118,99
2024-05-18,P119,144
2024-05-18,P120,107
2024-05-18,P121,136
2024-05-18,P122,41
2024-05-18,P123,83
2024-05-18,P124,125
2024-05-18,P125,102
2024-05-18,P126,164
2024-05-18,P127,92
2024-05-18,P128,134
2024-05-18,P129,52
2024-05-18,P130,120
2024-05-19,P101,64
2024-05-19,P102,160
2024-05-19,P103,169
2024-05-19,P104,219
2024-05-19,P105,152
2024-05-19,P106,165
2024-05-19,P107,153
2024-05-19,P108,78
2024-05-19,P109,70
2024-05-19,P110,88
2024-05-19,P111,186
2024-05-19,P112,214
2024-05-19,P113,216
2024-05-19,P114,204
2024-05-19,P115,111
2024-05-19,P116,130
2024-05-19,P117,135
2024-05-19,P118,148
2024-05-19,P119,74
2024-05-19,P120,152
2024-05-19,P121,119
2024-05-19,P122,83
2024-05-19,P123,90
2024-05-19,P124,133
2024-05-19,P125,66
2024-05-19,P126,106
2024-05-19,P127,140
2024-05-19,P128,101
2024-05-19,P129,90
2024-05-19,P130,84
2024-05-20,P101,48
2024-05-20,P102,140
2024-05-20,P103,140
2024-05-20,P104,119
2024-05-20,P105,82
2024-05-20,P106,110
2024-05-20,P107,60
2024-05-20,P108,58
2024-05-20,P109,44
2024-05-20,P110,73
2024-05-20,P111,108
2024-05-20,P112,153
2024-05-20,P113,131
2024-05-20,P114,111
2024-05-20,P115,118
2024-05-20,P116,74
2024-05-20,P117,82
2024-05-20,P118,75
2024-05-20,P119,81
2024-05-20,P120,67
2024-05-20,P121,76
2024-05-20,P122,31
2024-05-20,P123,53
2024-05-20,P124,98
2024-05-20,P125,111
2024-05-20,P126,79
2024-05-20,P127,68
2024-05-20,P128,83
2024-05-20,P129,51
2024-05-20,P130,94
2024-05-21,P101,60
2024-05-21,P102,135
2024-05-21,P103,164
2024-05-21,P104,169
2024-05-21,P105,82
2024-05-21,P106,109
2024-05-21,P107,135
2024-05-21,P108,28
2024-05-21,P109,54
2024-05-21,P110,61
2024-05-21,P111,166
2024-05-21,P112,176
2024-05-21,P113,115
2024-05-21,P114,220
2024-05-21,P115,87
2024-05-21,P116,96
2024-05-21,P117,112
2024-05-21,P118,69
2024-05-21,P119,120
2024-05-21,P120,91
2024-05-21,P121,63
2024-05-21,P122,52
2024-05-21,P123,99
2024-05-21,P124,59
2024-05-21,P125,74
2024-05-21,P126,90
2024-05-21,P127,106
2024-05-21,P128,90
2024-05-21,P129,48
2024-05-21,P130,102
2024-05-22,P101,102
2024-05-22,P102,91
2024-05-22,P103,179
2024-05-22,P104,160
2024-05-22,P105,142
2024-05-22,P106,133
2024-05-22,P107,146
2024-05-22,P108,66
2024-05-22,P109,63
2024-05-22,P110,65
2024-05-22,P111,175
2024-05-22,P112,119
2024-05-22,P113,141
2024-05-22,P114,179
2024-05-22,P115,144
2024-05-22,P116,80
2024-05-22,P117,111
2024-05-22,P118,81
2024-05-22,P119,83
2024-05-22,P120,75
2024-05-22,P121,97
2024-05-22,P122,41
2024-05-22,P123,93
2024-05-22,P124,74
2024-05-22,P125,125
2024-05-22,P126,132
2024-05-22,P127,65
2024-05-22,P128,88
2024-05-22,P129,81
2024-05-22,P130,51
2024-05-23,P101,62
2024-05-23,P102,108
2024-05-23,P103,148
2024-05-23,P104,155
2024-05-23,P105,120
2024-05-23,P106,97
2024-05-23,P107,148
2024-05-23,P108,31
2024-05-23,P109,58
2024-05-23,P110,66
2024-05-23,P111,194
2024-05-23,P112,171
2024-05-23,P113,157
2024-05-23,P114,122
2024-05-23,P115,134
2024-05-23,P116,104
2024-05-23,P117,108
2024-05-23,P118,102
2024-05-23,P119,118
2024-05-23,P120,119
2024-05-23,P121,65
2024-05-23,P122,47
2024-05-23,P123,117
2024-05-23,P124,70
2024-05-23,P125,130
2024-05-23,P126,75
2024-05-23,P127,89
2024-05-23,P128,136
2024-05-23,P129,60
2024-05-23,P130,56
2024-05-24,P101,83
2024-05-24,P102,175
2024-05-24,P103,156
2024-05-24,P104,155
2024-05-24,P105,96
2024-05-24,P106,68
2024-05-24,P107,171
2024-05-24,P108,57
2024-05-24,P109,47
2024-05-24,P110,66
2024-05-24,P111,203
2024-05-24,P112,199
2024-05-24,P113,164
2024-05-24,P114,227
2024-05-24,P115,91
2024-05-24,P116,81
2024-05-24,P117,62
2024-05-24,P118,72
2024-05-24,P119,79
2024-05-24,P120,99
2024-05-24,P121,73
2024-05-24,P122,37
2024-05-24,P123,76
2024-05-24,P124,100
2024-05-24,P125,110
2024-05-24,P126,83
2024-05-24,P127,131
2024-05-24,P128,141
2024-05-24,P129,78
2024-05-24,P130,77
2024-05-25,P101,78
2024-05-25,P102,140
2024-05-25,P103,175
2024-05-25,P104,184
2024-05-25,P105,142
2024-05-25,P106,105
2024-05-25,P107,131
2024-05-25,P108,51
2024-05-25,P109,72
2024-05-25,P110,58
2024-05-25,P111,121
2024-05-25,P112,219
2024-05-25,P113,232
2024-05-25,P114,159
2024-05-25,P115,123
2024-05-25,P116,97
2024-05-25,P117,72
2024-05-25,P118,146
2024-05-25,P119,140
2024-05-25,P120,124
2024-05-25,P121,138
2024-05-25,P122,92
2024-05-25,P123,132
2024-05-25,P124,81
2024-05-25,P125,112
2024-05-25,P126,137
2024-05-25,P127,105
2024-05-25,P128,120
2024-05-25,P129,53
2024-05-25,P130,59
2024-05-26,P101,87
2024-05-26,P102,190
2024-05-26,P103,208
2024-05-26,P104,219
2024-05-26,P105,90
2024-05-26,P106,170
2024-05-26,P107,101
2024-05-26,P108,59
2024-05-26,P109,73
2024-05-26,P110,79
2024-05-26,P111,223
2024-05-26,P112,151
2024-05-26,P113,186
2024-05-26,P114,204
2024-05-26,P115,95
2024-05-26,P116,94
2024-05-26,P117,140
2024-05-26,P118,145
2024-05-26,P119,115
2024-05-26,P120,92
2024-05-26,P121,61
2024-05-26,P122,79
2024-05-26,P123,78
2024-05-26,P124,96
2024-05-26,P125,145
2024-05-26,P126,160
2024-05-26,P127,97
2024-05-26,P128,111
2024-05-26,P129,64
2024-05-26,P130,66
2024-05-27,P101,86
2024-05-27,P102,94
2024-05-27,P103,100
2024-05-27,P104,109
2024-05-27,P105,59
2024-05-27,P106,104
2024-05-27,P107,141
2024-05-27,P108,47
2024-05-27,P109,37
2024-05-27,P110,43
2024-05-27,P111,103
2024-05-27,P112,138
2024-05-27,P113,179
2024-05-27,P114,197
2024-05-27,P115,114
2024-05-27,P116,101
2024-05-27,P117,71
2024-05-27,P118,124
2024-05-27,P119,82
2024-05-27,P120,120
2024-05-27,P121,61
2024-05-27,P122,46
2024-05-27,P123,89
2024-05-27,P124,82
2024-05-27,P125,86
2024-05-27,P126,58
2024-05-27,P127,64
2024-05-27,P128,54
2024-05-27,P129,45
2024-05-27,P130,44
2024-05-28,P101,85
2024-05-28,P102,135
2024-05-28,P103,175
2024-05-28,P104,142
2024-05-28,P105,109
2024-05-28,P106,93
2024-05-28,P107,135
2024-05-28,P108,43
2024-05-28,P109,37
2024-05-28,P110,64
2024-05-28,P111,123
2024-05-28,P112,175
2024-05-28,P113,107
2024-05-28,P114,209
2024-05-28,P115,111
2024-05-28,P116,92
2024-05-28,P117,88
2024-05-28,P118,97
2024-05-28,P119,66
2024-05-28,P120,98
2024-05-28,P121,70
2024-05-28,P122,36
2024-05-28,P123,81
2024-05-28,P124,116
2024-05-28,P125,115
2024-05-28,P126,102
2024-05-28,P127,56
2024-05-28,P128,107
2024-05-28,P129,80
2024-05-28,P130,67
2024-05-29,P101,47
2024-05-29,P102,95
2024-05-29,P103,182
2024-05-29,P104,158
2024-05-29,P105,67
2024-05-29,P106,139
2024-05-29,P107,153
2024-05-29,P108,65
2024-05-29,P109,61
2024-05-29,P110,71
2024-05-29,P111,110
2024-05-29,P112,135
2024-05-29,P113,175
2024-05-29,P114,196
2024-05-29,P115,118
2024-05-29,P116,114
2024-05-29,P117,121
2024-05-29,P118,74
2024-05-29,P119,125
2024-05-29,P120,74
2024-05-29,P121,110
2024-05-29,P122,57
2024-05-29,P123,111
2024-05-29,P124,62
2024-05-29,P125,106
2024-05-29,P126,99
2024-05-29,P127,126
2024-05-29,P128,101
2024-05-29,P129,72
2024-05-29,P130,66
2024-05-30,P101,61
2024-05-30,P102,105
2024-05-30,P103,156
2024-05-30,P104,130
2024-05-30,P105,101
2024-05-30,P106,104
2024-05-30,P107,142
2024-05-30,P108,77
2024-05-30,P109,60
2024-05-30,P110,58
2024-05-30,P111,119
2024-05-30,P112,214
2024-05-30,P113,215
2024-05-30,P114,155
2024-05-30,P115,110
2024-05-30,P116,105
2024-05-30,P117,84
2024-05-30,P118,125
2024-05-30,P119,99
2024-05-30,P120,143
2024-05-30,P121,77
2024-05-30,P122,71
2024-05-30,P123,104
2024-05-30,P124,97
2024-05-30,P125,59
2024-05-30,P126,140
2024-05-30,P127,111
2024-05-30,P128,83
2024-05-30,P129,90
2024-05-30,P130,91
2024-05-31,P101,87
2024-05-31,P102,123
2024-05-31,P103,124
2024-05-31,P104,203
2024-05-31,P105,102
2024-05-31,P106,163
2024-05-31,P107,170
2024-05-31,P108,66
2024-05-31,P109,72
2024-05-31,P110,84
2024-05-31,P111,170
2024-05-31,P112,170
2024-05-31,P113,229
2024-05-31,P114,257
2024-05-31,P115,134
2024-05-31,P116,66
2024-05-31,P117,123
2024-05-31,P118,72
2024-05-31,P119,73
2024-05-31,P120,99
2024-05-31,P121,63
2024-05-31,P122,61
2024-05-31,P123,78
2024-05-31,P124,132
2024-05-31,P125,127
2024-05-31,P126,83
2024-05-31,P127,99
2024-05-31,P128,98
2024-05-31,P129,76
2024-05-31,P130,109
2024-06-01,P101,108
2024-06-01,P102,162
2024-06-01,P103,128
2024-06-01,P104,172
2024-06-01,P105,156
2024-06-01,P106,105
2024-06-01,P107,145
2024-06-01,P108,45
2024-06-01,P109,62
2024-06-01,P110,49
2024-06-01,P111,239
2024-06-01,P112,191
2024-06-01,P113,259
2024-06-01,P114,234
2024-06-01,P115,98
2024-06-01,P116,119
2024-06-01,P117,81
2024-06-01,P118,119
2024-06-01,P119,140
2024-06-01,P120,85
2024-06-01,P121,106
2024-06-01,P122,61
2024-06-01,P123,124
2024-06-01,P124,81
2024-06-01,P125,142
2024-06-01,P126,81
2024-06-01,P127,132
2024-06-01,P128,127
2024-06-01,P129,115
2024-06-01,P130,118
2024-06-02,P101,122
2024-06-02,P102,189
2024-06-02,P103,159
2024-06-02,P104,182
2024-06-02,P105,135
2024-06-02,P106,162
2024-06-02,P107,116
2024-06-02,P108,82
2024-06-02,P109,38
2024-06-02,P110,60
2024-06-02,P111,163
2024-06-02,P112,188
2024-06-02,P113,241
2024-06-02,P114,141
2024-06-02,P115,172
2024-06-02,P116,129
2024-06-02,P117,134
2024-06-02,P118,118
2024-06-02,P119,68
2024-06-02,P120,138
2024-06-02,P121,83
2024-06-02,P122,87
2024-06-02,P123,121
2024-06-02,P124,77
2024-06-02,P125,143
2024-06-02,P126,112
2024-06-02,P127,90
2024-06-02,P128,123
2024-06-02,P129,106
2024-06-02,P130,121
2024-06-03,P101,59
2024-06-03,P102,157
2024-06-03,P103,153
2024-06-03,P104,122
2024-06-03,P105,93
2024-06-03,P106,101
2024-06-03,P107,84
2024-06-03,P108,64
2024-06-03,P109,65
2024-06-03,P110,77
2024-06-03,P111,117
2024-06-03,P112,176
2024-06-03,P113,164
2024-06-03,P114,213
2024-06-03,P115,93
2024-06-03,P116,78
2024-06-03,P117,97
2024-06-03,P118,80
2024-06-03,P119,109
2024-06-03,P120,65
2024-06-03,P121,48
2024-06-03,P122,34
2024-06-03,P123,85
2024-06-03,P124,113
2024-06-03,P125,102
2024-06-03,P126,105
2024-06-03,P127,91
2024-06-03,P128,74
2024-06-03,P129,41
2024-06-03,P130,54
2024-06-04,P101,89
2024-06-04,P102,104
2024-06-04,P103,114
2024-06-04,P104,174
2024-06-04,P105,137
2024-06-04,P106,73
2024-06-04,P107,106
2024-06-04,P108,56
2024-06-04,P109,67
2024-06-04,P110,59
2024-06-04,P111,131
2024-06-04,P112,141
2024-06-04,P113,167
2024-06-04,P114,124
2024-06-04,P115,117
2024-06-04,P116,108
2024-06-04,P117,94
2024-06-04,P118,68
2024-06-04,P119,122
2024-06-04,P120,92
2024-06-04,P121,85
2024-06-04,P122,74
2024-06-04,P123,102
2024-06-04,P124,90
2024-06-04,P125,92
2024-06-04,P126,91
2024-06-04,P127,64
2024-06-04,P128,116
2024-06-04,P129,46
2024-06-04,P130,65
2024-06-05,P101,72
2024-06-05,P102,146
2024-06-05,P103,165
2024-06-05,P104,175
2024-06-05,P105,63
2024-06-05,P106,118
2024-06-05,P107,138
2024-06-05,P108,60
2024-06-05,P109,56
2024-06-05,P110,55
2024-06-05,P111,160
2024-06-05,P112,116
2024-06-05,P113,129
2024-06-05,P114,204
2024-06-05,P115,113
2024-06-05,P116,92
2024-06-05,P117,116
2024-06-05,P118,83
2024-06-05,P119,64
2024-06-05,P120,130
2024-06-05,P121,111
2024-06-05,P122,71
2024-06-05,P123,64
2024-06-05,P124,78
2024-06-05,P125,73
2024-06-05,P126,131
2024-06-05,P127,112
2024-06-05,P128,108
2024-06-05,P129,76
2024-06-05,P130,50
2024-06-06,P101,108
2024-06-06,P102,179
2024-06-06,P103,150
2024-06-06,P104,137
2024-06-06,P105,136
2024-06-06,P106,104
2024-06-06,P107,145
2024-06-06,P108,37
2024-06-06,P109,71
2024-06-06,P110,74
2024-06-06,P111,110
2024-06-06,P112,180
2024-06-06,P113,146
2024-06-06,P114,175
2024-06-06,P115,143
2024-06-06,P116,108
2024-06-06,P117,133
2024-06-06,P118,101
2024-06-06,P119,72
2024-06-06,P120,104
2024-06-06,P121,105
2024-06-06,P122,56
2024-06-06,P123,62
2024-06-06,P124,78
2024-06-06,P125,75
2024-06-06,P126,106
2024-06-06,P127,111
2024-06-06,P128,135
2024-06-06,P129,56
2024-06-06,P130,106
2024-06-07,P101,101
2024-06-07,P102,173
2024-06-07,P103,139
2024-06-07,P104,134
2024-06-07,P105,136
2024-06-07,P106,115
2024-06-07,P107,177
2024-06-07,P108,66
2024-06-07,P109,64
2024-06-07,P110,63
2024-06-07,P111,194
2024-06-07,P112,133
2024-06-07,P113,150
2024-06-07,P114,240
2024-06-07,P115,87
2024-06-07,P116,62
2024-06-07,P117,90
2024-06-07,P118,77
2024-06-07,P119,82
2024-06-07,P120,115
2024-06-07,P121,115
2024-06-07,P122,42
2024-06-07,P123,85
2024-06-07,P124,105
2024-06-07,P125,69
2024-06-07,P126,116
2024-06-07,P127,61
2024-06-07,P128,101
2024-06-07,P129,70
2024-06-07,P130,104
2024-06-08,P101,88
2024-06-08,P102,158
2024-06-08,P103,141
2024-06-08,P104,158
2024-06-08,P105,162
2024-06-08,P106,149
2024-06-08,P107,143
2024-06-08,P108,76
2024-06-08,P109,67
2024-06-08,P110,76
2024-06-08,P111,160
2024-06-08,P112,233
2024-06-08,P113,155
2024-06-08,P114,258
2024-06-08,P115,103
2024-06-08,P116,72
2024-06-08,P117,108
2024-06-08,P118,161
2024-06-08,P119,137
2024-06-08,P120,150
2024-06-08,P121,107
2024-06-08,P122,69
2024-06-08,P123,131
2024-06-08,P124,131
2024-06-08,P125,71
2024-06-08,P126,95
2024-06-08,P127,87
2024-06-08,P128,143
2024-06-08,P129,91
2024-06-08,P130,107
2024-06-09,P101,69
2024-06-09,P102,107
2024-06-09,P103,190
2024-06-09,P104,182
2024-06-09,P105,132
2024-06-09,P106,162
2024-06-09,P107,139
2024-06-09,P108,56
2024-06-09,P109,78
2024-06-09,P110,96
2024-06-09,P111,129
2024-06-09,P112,216
2024-06-09,P113,240
2024-06-09,P114,192
2024-06-09,P115,114
2024-06-09,P116,70
2024-06-09,P117,142
2024-06-09,P118,92
2024-06-09,P119,122
2024-06-09,P120,136
2024-06-09,P121,98
2024-06-09,P122,40
2024-06-09,P123,129
2024-06-09,P124,122
2024-06-09,P125,85
2024-06-09,P126,86
2024-06-09,P127,119
2024-06-09,P128,93
2024-06-09,P129,56
2024-06-09,P130,88
2024-06-10,P101,57
2024-06-10,P102,107
2024-06-10,P103,118
2024-06-10,P104,163
2024-06-10,P105,59
2024-06-10,P106,113
2024-06-10,P107,135
2024-06-10,P108,61
2024-06-10,P109,69
2024-06-10,P110,47
2024-06-10,P111,177
2024-06-10,P112,156
2024-06-10,P113,115
2024-06-10,P114,147
2024-06-10,P115,134
2024-06-10,P116,70
2024-06-10,P117,80
2024-06-10,P118,75
2024-06-10,P119,112
2024-06-10,P120,101
2024-06-10,P121,81
2024-06-10,P122,64
2024-06-10,P123,47
2024-06-10,P124,49
2024-06-10,P125,56
2024-06-10,P126,107
2024-06-10,P127,77
2024-06-10,P128,57
2024-06-10,P129,55
2024-06-10,P130,78
2024-06-11,P101,86
2024-06-11,P102,96
2024-06-11,P103,102
2024-06-11,P104,167
2024-06-11,P105,74
2024-06-11,P106,126
2024-06-11,P107,83
2024-06-11,P108,43
2024-06-11,P109,44
2024-06-11,P110,54
2024-06-11,P111,190
2024-06-11,P112,195
2024-06-11,P113,129
2024-06-11,P114,123
2024-06-11,P115,145
2024-06-11,P116,67
2024-06-11,P117,122
2024-06-11,P118,73
2024-06-11,P119,71
2024-06-11,P120,108
2024-06-11,P121,104
2024-06-11,P122,43
2024-06-11,P123,78
2024-06-11,P124,80
2024-06-11,P125,133
2024-06-11,P126,86
2024-06-11,P127,121
2024-06-11,P128,118
2024-06-11,P129,60
2024-06-11,P130,88
2024-06-12,P101,90
2024-06-12,P102,147
2024-06-12,P103,182
2024-06-12,P104,120
2024-06-12,P105,74
2024-06-12,P106,113
2024-06-12,P107,79
2024-06-12,P108,38
2024-06-12,P109,39
2024-06-12,P110,42
2024-06-12,P111,107
2024-06-12,P112,209
2024-06-12,P113,170
2024-06-12,P114,142
2024-06-12,P115,133
2024-06-12,P116,91
2024-06-12,P117,105
2024-06-12,P118,97
2024-06-12,P119,108
2024-06-12,P120,76
2024-06-12,P121,109
2024-06-12,P122,37
2024-06-12,P123,115
2024-06-12,P124,101
2024-06-12,P125,81
2024-06-12,P126,94
2024-06-12,P127,100
2024-06-12,P128,104
2024-06-12,P129,57
2024-06-12,P130,94
2024-06-13,P101,76
2024-06-13,P102,149
2024-06-13,P103,156
2024-06-13,P104,154
2024-06-13,P105,67
2024-06-13,P106,125
2024-06-13,P107,115
2024-06-13,P108,77
2024-06-13,P109,64
2024-06-13,P110,57
2024-06-13,P111,202
2024-06-13,P112,125
2024-06-13,P113,143
2024-06-13,P114,128
2024-06-13,P115,84
2024-06-13,P116,85
2024-06-13,P117,88
2024-06-13,P118,98
2024-06-13,P119,100
2024-06-13,P120,143
2024-06-13,P121,83
2024-06-13,P122,63
2024-06-13,P123,108
2024-06-13,P124,118
2024-06-13,P125,65
2024-06-13,P126,144
2024-06-13,P127,65
2024-06-13,P128,98
2024-06-13,P129,72
2024-06-13,P130,94
2024-06-14,P101,84
2024-06-14,P102,103
2024-06-14,P103,165
2024-06-14,P104,182
2024-06-14,P105,93
2024-06-14,P106,93
2024-06-14,P107,126
2024-06-14,P108,56
2024-06-14,P109,74
2024-06-14,P110,60
2024-06-14,P111,144
2024-06-14,P112,204
2024-06-14,P113,226
2024-06-14,P114,152
2024-06-14,P115,149
2024-06-14,P116,121
2024-06-14,P117,83
2024-06-14,P118,71
2024-06-14,P119,128
2024-06-14,P120,82
2024-06-14,P121,106
2024-06-14,P122,84
2024-06-14,P123,94
2024-06-14,P124,78
2024-06-14,P125,126
2024-06-14,P126,121
2024-06-14,P127,135
2024-06-14,P128,106
2024-06-14,P129,98
2024-06-14,P130,56
2024-06-15,P101,146
2024-06-15,P102,153
2024-06-15,P103,284
2024-06-15,P104,312
2024-06-15,P105,128
2024-06-15,P106,233
2024-06-15,P107,109
2024-06-15,P108,52
2024-06-15,P109,86
2024-06-15,P110,83
2024-06-15,P111,186
2024-06-15,P112,181
2024-06-15,P113,356
2024-06-15,P114,334
2024-06-15,P115,252
2024-06-15,P116,139
2024-06-15,P117,168
2024-06-15,P118,136
2024-06-15,P119,156
2024-06-15,P120,148
2024-06-15,P121,111
2024-06-15,P122,103
2024-06-15,P123,86
2024-06-15,P124,127
2024-06-15,P125,95
2024-06-15,P126,141
2024-06-15,P127,125
2024-06-15,P128,173
2024-06-15,P129,89
2024-06-15,P130,110
2024-06-16,P101,121
2024-06-16,P102,186
2024-06-16,P103,186
2024-06-16,P104,145
2024-06-16,P105,91
2024-06-16,P106,77
2024-06-16,P107,189
2024-06-16,P108,80
2024-06-16,P109,61
2024-06-16,P110,57
2024-06-16,P111,194
2024-06-16,P112,236
2024-06-16,P113,205
2024-06-16,P114,139
2024-06-16,P115,180
2024-06-16,P116,75
2024-06-16,P117,147
2024-06-16,P118,158
2024-06-16,P119,142
2024-06-16,P120,101
2024-06-16,P121,126
2024-06-16,P122,73
2024-06-16,P123,93
2024-06-16,P124,131
2024-06-16,P125,84
2024-06-16,P126,91
2024-06-16,P127,70
2024-06-16,P128,73
2024-06-16,P129,83
2024-06-16,P130,95
2024-06-17,P101,84
2024-06-17,P102,119
2024-06-17,P103,94
2024-06-17,P104,187
2024-06-17,P105,124
2024-06-17,P106,140
2024-06-17,P107,133
2024-06-17,P108,51
2024-06-17,P109,42
2024-06-17,P110,53
2024-06-17,P111,145
2024-06-17,P112,127
2024-06-17,P113,177
2024-06-17,P114,141
2024-06-17,P115,110
2024-06-17,P116,68
2024-06-17,P117,103
2024-06-17,P118,71
2024-06-17,P119,123
2024-06-17,P120,116
2024-06-17,P121,99
2024-06-17,P122,71
2024-06-17,P123,111
2024-06-17,P124,110
2024-06-17,P125,106
2024-06-17,P126,83
2024-06-17,P127,99
2024-06-17,P128,119
2024-06-17,P129,66
2024-06-17,P130,53
2024-06-18,P101,61
2024-06-18,P102,107
2024-06-18,P103,116
2024-06-18,P104,115
2024-06-18,P105,100
2024-06-18,P106,62
2024-06-18,P107,69
2024-06-18,P108,37
2024-06-18,P109,62
2024-06-18,P110,46
2024-06-18,P111,106
2024-06-18,P112,146
2024-06-18,P113,162
2024-06-18,P114,148
2024-06-18,P115,100
2024-06-18,P116,76
2024-06-18,P117,84
2024-06-18,P118,78
2024-06-18,P119,90
2024-06-18,P120,81
2024-06-18,P121,63
2024-06-18,P122,52
2024-06-18,P123,93
2024-06-18,P124,112
2024-06-18,P125,76
2024-06-18,P126,130
2024-06-18,P127,69
2024-06-18,P128,130
2024-06-18,P129,62
2024-06-18,P130,95
2024-06-19,P101,56
2024-06-19,P102,136
2024-06-19,P103,106
2024-06-19,P104,170
2024-06-19,P105,104
2024-06-19,P106,125
2024-06-19,P107,85
2024-06-19,P108,50
2024-06-19,P109,51
2024-06-19,P110,62
2024-06-19,P111,151
2024-06-19,P112,142
2024-06-19,P113,183
2024-06-19,P114,139
2024-06-19,P115,140
2024-06-19,P116,89
2024-06-19,P117,82
2024-06-19,P118,122
2024-06-19,P119,81
2024-06-19,P120,131
2024-06-19,P121,90
2024-06-19,P122,76
2024-06-19,P123,78
2024-06-19,P124,131
2024-06-19,P125,80
2024-06-19,P126,79
2024-06-19,P127,59
2024-06-19,P128,69
2024-06-19,P129,74
2024-06-19,P130,52
2024-06-20,P101,66
2024-06-20,P102,166
2024-06-20,P103,173
2024-06-20,P104,191
2024-06-20,P105,98
2024-06-20,P106,83
2024-06-20,P107,116
2024-06-20,P108,64
2024-06-20,P109,73
2024-06-20,P110,55
2024-06-20,P111,144
2024-06-20,P112,113
2024-06-20,P113,200
2024-06-20,P114,141
2024-06-20,P115,111
2024-06-20,P116,66
2024-06-20,P117,62
2024-06-20,P118,136
2024-06-20,P119,68
2024-06-20,P120,86
2024-06-20,P121,119
2024-06-20,P122,81
2024-06-20,P123,114
2024-06-20,P124,55
2024-06-20,P125,66
2024-06-20,P126,99
2024-06-20,P127,114
2024-06-20,P128,94
2024-06-20,P129,50
2024-06-20,P130,68
2024-06-21,P101,69
2024-06-21,P102,126
2024-06-21,P103,170
2024-06-21,P104,184
2024-06-21,P105,69
2024-06-21,P106,140
2024-06-21,P107,138
2024-06-21,P108,43
2024-06-21,P109,82
2024-06-21,P110,65
2024-06-21,P111,147
2024-06-21,P112,227
2024-06-21,P113,137
2024-06-21,P114,170
2024-06-21,P115,165
2024-06-21,P116,62
2024-06-21,P117,139
2024-06-21,P118,118
2024-06-21,P119,67
2024-06-21,P120,132
2024-06-21,P121,104
2024-06-21,P122,76
2024-06-21,P123,69
2024-06-21,P124,117
2024-06-21,P125,102
2024-06-21,P126,128
2024-06-21,P127,118
2024-06-21,P128,135
2024-06-21,P129,106
2024-06-21,P130,73
2024-06-22,P101,98
2024-06-22,P102,169
2024-06-22,P103,127
2024-06-22,P104,197
2024-06-22,P105,168
2024-06-22,P106,157
2024-06-22,P107,88
2024-06-22,P108,87
2024-06-22,P109,88
2024-06-22,P110,81
2024-06-22,P111,136
2024-06-22,P112,137
2024-06-22,P113,171
2024-06-22,P114,244
2024-06-22,P115,148
2024-06-22,P116,96
2024-06-22,P117,157
2024-06-22,P118,144
2024-06-22,P119,142
2024-06-22,P120,144
2024-06-22,P121,117
2024-06-22,P122,88
2024-06-22,P123,60
2024-06-22,P124,107
2024-06-22,P125,145
2024-06-22,P126,163
2024-06-22,P127,147
2024-06-22,P128,108
2024-06-22,P129,76
2024-06-22,P130,61
2024-06-23,P101,101
2024-06-23,P102,172
2024-06-23,P103,187
2024-06-23,P104,171
2024-06-23,P105,146
2024-06-23,P106,155
2024-06-23,P107,118
2024-06-23,P108,76
2024-06-23,P109,48
2024-06-23,P110,60
2024-06-23,P111,145
2024-06-23,P112,228
2024-06-23,P113,192
2024-06-23,P114,176
2024-06-23,P115,101
2024-06-23,P116,131
2024-06-23,P117,137
2024-06-23,P118,157
2024-06-23,P119,112
2024-06-23,P120,130
2024-06-23,P121,117
2024-06-23,P122,47
2024-06-23,P123,121
2024-06-23,P124,109
2024-06-23,P125,119
2024-06-23,P126,138
2024-06-23,P127,110
2024-06-23,P128,139
2024-06-23,P129,114
2024-06-23,P130,57
2024-06-24,P101,83
2024-06-24,P102,156
2024-06-24,P103,113
2024-06-24,P104,117
2024-06-24,P105,118
2024-06-24,P106,112
2024-06-24,P107,104
2024-06-24,P108,53
2024-06-24,P109,59
2024-06-24,P110,73
2024-06-24,P111,121
2024-06-24,P112,124
2024-06-24,P113,191
2024-06-24,P114,217
2024-06-24,P115,106
2024-06-24,P116,82
2024-06-24,P117,82
2024-06-24,P118,104
2024-06-24,P119,121
2024-06-24,P120,92
2024-06-24,P121,79
2024-06-24,P122,54
2024-06-24,P123,97
2024-06-24,P124,118
2024-06-24,P125,74
2024-06-24,P126,128
2024-06-24,P127,58
2024-06-24,P128,124
2024-06-24,P129,49
2024-06-24,P130,66
2024-06-25,P101,79
2024-06-25,P102,167
2024-06-25,P103,182
2024-06-25,P104,178
2024-06-25,P105,133
2024-06-25,P106,151
2024-06-25,P107,131
2024-06-25,P108,36
2024-06-25,P109,41
2024-06-25,P110,64
2024-06-25,P111,110
2024-06-25,P112,123
2024-06-25,P113,129
2024-06-25,P114,172
2024-06-25,P115,92
2024-06-25,P116,54
2024-06-25,P117,80
2024-06-25,P118,115
2024-06-25,P119,95
2024-06-25,P120,121
2024-06-25,P121,59
2024-06-25,P122,38
2024-06-25,P123,74
2024-06-25,P124,70
2024-06-25,P125,125
2024-06-25,P126,142
2024-06-25,P127,85
2024-06-25,P128,113
2024-06-25,P129,72
2024-06-25,P130,67
2024-06-26,P101,97
2024-06-26,P102,126
2024-06-26,P103,142
2024-06-26,P104,198
2024-06-26,P105,116
2024-06-26,P106,93
2024-06-26,P107,98
2024-06-26,P108,61
2024-06-26,P109,72
2024-06-26,P110,85
2024-06-26,P111,142
2024-06-26,P112,186
2024-06-26,P113,197
2024-06-26,P114,228
2024-06-26,P115,117
2024-06-26,P116,86
2024-06-26,P117,92
2024-06-26,P118,77
2024-06-26,P119,61
2024-06-26,P120,84
2024-06-26,P121,103
2024-06-26,P122,54
2024-06-26,P123,110
2024-06-26,P124,105
2024-06-26,P125,93
2024-06-26,P126,142
2024-06-26,P127,77
2024-06-26,P128,87
2024-06-26,P129,72
2024-06-26,P130,88
2024-06-27,P101,51
2024-06-27,P102,143
2024-06-27,P103,117
2024-06-27,P104,134
2024-06-27,P105,66
2024-06-27,P106,70
2024-06-27,P107,162
2024-06-27,P108,63
2024-06-27,P109,45
2024-06-27,P110,44
2024-06-27,P111,112
2024-06-27,P112,212
2024-06-27,P113,235
2024-06-27,P114,143
2024-06-27,P115,142
2024-06-27,P116,120
2024-06-27,P117,68
2024-06-27,P118,76
2024-06-27,P119,66
2024-06-27,P120,82
2024-06-27,P121,80
2024-06-27,P122,46
2024-06-27,P123,69
2024-06-27,P124,111
2024-06-27,P125,63
2024-06-27,P126,77
2024-06-27,P127,119
2024-06-27,P128,121
2024-06-27,P129,54
2024-06-27,P130,81
2024-06-28,P101,91
2024-06-28,P102,161
2024-06-28,P103,119
2024-06-28,P104,137
2024-06-28,P105,100
2024-06-28,P106,97
2024-06-28,P107,182
2024-06-28,P108,70
2024-06-28,P109,72
2024-06-28,P110,79
2024-06-28,P111,202
2024-06-28,P112,222
2024-06-28,P113,180
2024-06-28,P114,172
2024-06-28,P115,153
2024-06-28,P116,73
2024-06-28,P117,139
2024-06-28,P118,139
2024-06-28,P119,81
2024-06-28,P120,75
2024-06-28,P121,121
2024-06-28,P122,56
2024-06-28,P123,109
2024-06-28,P124,120
2024-06-28,P125,113
2024-06-28,P126,132
2024-06-28,P127,91
2024-06-28,P128,71
2024-06-28,P129,106
2024-06-28,P130,92
2024-06-29,P101,117
2024-06-29,P102,170
2024-06-29,P103,206
2024-06-29,P104,150
2024-06-29,P105,113
2024-06-29,P106,167
2024-06-29,P107,108
2024-06-29,P108,57
2024-06-29,P109,65
2024-06-29,P110,62
2024-06-29,P111,198
2024-06-29,P112,204
2024-06-29,P113,175
2024-06-29,P114,169
2024-06-29,P115,132
2024-06-29,P116,87
2024-06-29,P117,112
2024-06-29,P118,97
2024-06-29,P119,106
2024-06-29,P120,134
2024-06-29,P121,72
2024-06-29,P122,68
2024-06-29,P123,91
2024-06-29,P124,116
2024-06-29,P125,84
2024-06-29,P126,106
2024-06-29,P127,69
2024-06-29,P128,138
2024-06-29,P129,59
2024-06-29,P130,126
2024-06-30,P101,120
2024-06-30,P102,118
2024-06-30,P103,180
2024-06-30,P104,131
2024-06-30,P105,163
2024-06-30,P106,165
2024-06-30,P107,110
2024-06-30,P108,77
2024-06-30,P109,62
2024-06-30,P110,63
2024-06-30,P111,166
2024-06-30,P112,188
2024-06-30,P113,218
2024-06-30,P114,189
2024-06-30,P115,165
2024-06-30,P116,114
2024-06-30,P117,114
2024-06-30,P118,155
2024-06-30,P119,107
2024-06-30,P120,83
2024-06-30,P121,129
2024-06-30,P122,75
2024-06-30,P123,87
2024-06-30,P124,94
2024-06-30,P125,98
2024-06-30,P126,76
2024-06-30,P127,94
2024-06-30,P128,155
2024-06-30,P129,62
2024-06-30,P130,81
2024-07-01,P101,100
2024-07-01,P102,152
2024-07-01,P103,168
2024-07-01,P104,127
2024-07-01,P105,120
2024-07-01,P106,95
2024-07-01,P107,138
2024-07-01,P108,58
2024-07-01,P109,76
2024-07-01,P110,78
2024-07-01,P111,117
2024-07-01,P112,193
2024-07-01,P113,197
2024-07-01,P114,161
2024-07-01,P115,81
2024-07-01,P116,90
2024-07-01,P117,99
2024-07-01,P118,80
2024-07-01,P119,66
2024-07-01,P120,67
2024-07-01,P121,89
2024-07-01,P122,59
2024-07-01,P123,54
2024-07-01,P124,75
2024-07-01,P125,125
2024-07-01,P126,97
2024-07-01,P127,60
2024-07-01,P128,90
2024-07-01,P129,94
2024-07-01,P130,77
2024-07-02,P101,86
2024-07-02,P102,125
2024-07-02,P103,103
2024-07-02,P104,177
2024-07-02,P105,79
2024-07-02,P106,97
2024-07-02,P107,159
2024-07-02,P108,45
2024-07-02,P109,72
2024-07-02,P110,36
2024-07-02,P111,174
2024-07-02,P112,151
2024-07-02,P113,156
2024-07-02,P114,166
2024-07-02,P115,105
2024-07-02,P116,80
2024-07-02,P117,72
2024-07-02,P118,88
2024-07-02,P119,118
2024-07-02,P120,75
2024-07-02,P121,112
2024-07-02,P122,34
2024-07-02,P123,86
2024-07-02,P124,86
2024-07-02,P125,98
2024-07-02,P126,107
2024-07-02,P127,121
2024-07-02,P128,99
2024-07-02,P129,75
2024-07-02,P130,106
2024-07-03,P101,58
2024-07-03,P102,143
2024-07-03,P103,115
2024-07-03,P104,102
2024-07-03,P105,70
2024-07-03,P106,119
2024-07-03,P107,149
2024-07-03,P108,33
2024-07-03,P109,40
2024-07-03,P110,53
2024-07-03,P111,168
2024-07-03,P112,154
2024-07-03,P113,204
2024-07-03,P114,219
2024-07-03,P115,109
2024-07-03,P116,87
2024-07-03,P117,96
2024-07-03,P118,91
2024-07-03,P119,74
2024-07-03,P120,141
2024-07-03,P121,89
2024-07-03,P122,61
2024-07-03,P123,86
2024-07-03,P124,126
2024-07-03,P125,74
2024-07-03,P126,121
2024-07-03,P127,129
2024-07-03,P128,101
2024-07-03,P129,46
2024-07-03,P130,71
2024-07-04,P101,74
2024-07-04,P102,166
2024-07-04,P103,135
2024-07-04,P104,146
2024-07-04,P105,131
2024-07-04,P106,124
2024-07-04,P107,142
2024-07-04,P108,52
2024-07-04,P109,55
2024-07-04,P110,68
2024-07-04,P111,165
2024-07-04,P112,156
2024-07-04,P113,234
2024-07-04,P114,243
2024-07-04,P115,155
2024-07-04,P116,116
2024-07-04,P117,124
2024-07-04,P118,71
2024-07-04,P119,73
2024-07-04,P120,145
2024-07-04,P121,112
2024-07-04,P122,77
2024-07-04,P123,116
2024-07-04,P124,131
2024-07-04,P125,66
2024-07-04,P126,108
2024-07-04,P127,97
2024-07-04,P128,63
2024-07-04,P129,55
2024-07-04,P130,77
2024-07-05,P101,103
2024-07-05,P102,143
2024-07-05,P103,167
2024-07-05,P104,120
2024-07-05,P105,149
2024-07-05,P106,106
2024-07-05,P107,156
2024-07-05,P108,72
2024-07-05,P109,64
2024-07-05,P110,44
2024-07-05,P111,205
2024-07-05,P112,215
2024-07-05,P113,128
2024-07-05,P114,243
2024-07-05,P115,160
2024-07-05,P116,112
2024-07-05,P117,71
2024-07-05,P118,147
2024-07-05,P119,141
2024-07-05,P120,119
2024-07-05,P121,65
2024-07-05,P122,60
2024-07-05,P123,85
2024-07-05,P124,62
2024-07-05,P125,83
2024-07-05,P126,80
2024-07-05,P127,85
2024-07-05,P128,139
2024-07-05,P129,81
2024-07-05,P130,74
2024-07-06,P101,110
2024-07-06,P102,169
2024-07-06,P103,131
2024-07-06,P104,175
2024-07-06,P105,79
2024-07-06,P106,158
2024-07-06,P107,167
2024-07-06,P108,59
2024-07-06,P109,99
2024-07-06,P110,46
2024-07-06,P111,132
2024-07-06,P112,190
2024-07-06,P113,217
2024-07-06,P114,276
2024-07-06,P115,129
2024-07-06,P116,111
2024-07-06,P117,88
2024-07-06,P118,164
2024-07-06,P119,164
2024-07-06,P120,103
2024-07-06,P121,79
2024-07-06,P122,81
2024-07-06,P123,145
2024-07-06,P124,152
2024-07-06,P125,163
2024-07-06,P126,159
2024-07-06,P127,75
2024-07-06,P128,149
2024-07-06,P129,83
2024-07-06,P130,127
2024-07-07,P101,92
2024-07-07,P102,185
2024-07-07,P103,204
2024-07-07,P104,133
2024-07-07,P105,145
2024-07-07,P106,149
2024-07-07,P107,182
2024-07-07,P108,76
2024-07-07,P109,67
2024-07-07,P110,94
2024-07-07,P111,198
2024-07-07,P112,128
2024-07-07,P113,190
2024-07-07,P114,222
2024-07-07,P115,106
2024-07-07,P116,71
2024-07-07,P117,83
2024-07-07,P118,147
2024-07-07,P119,98
2024-07-07,P120,137
2024-07-07,P121,110
2024-07-07,P122,70
2024-07-07,P123,125
2024-07-07,P124,123
2024-07-07,P125,133
2024-07-07,P126,135
2024-07-07,P127,86
2024-07-07,P128,73
2024-07-07,P129,77
2024-07-07,P130,60
2024-07-08,P101,56
2024-07-08,P102,114
2024-07-08,P103,88
2024-07-08,P104,94
2024-07-08,P105,119
2024-07-08,P106,85
2024-07-08,P107,92
2024-07-08,P108,54
2024-07-08,P109,65
2024-07-08,P110,57
2024-07-08,P111,94
2024-07-08,P112,152
2024-07-08,P113,164
2024-07-08,P114,179
2024-07-08,P115,96
2024-07-08,P116,87
2024-07-08,P117,100
2024-07-08,P118,107
2024-07-08,P119,113
2024-07-08,P120,97
2024-07-08,P121,72
2024-07-08,P122,71
2024-07-08,P123,88
2024-07-08,P124,103
2024-07-08,P125,97
2024-07-08,P126,95
2024-07-08,P127,96
2024-07-08,P128,113
2024-07-08,P129,56
2024-07-08,P130,79
2024-07-09,P101,61
2024-07-09,P102,133
2024-07-09,P103,139
2024-07-09,P104,193
2024-07-09,P105,69
2024-07-09,P106,71
2024-07-09,P107,156
2024-07-09,P108,56
2024-07-09,P109,77
2024-07-09,P110,85
2024-07-09,P111,143
2024-07-09,P112,194
2024-07-09,P113,193
2024-07-09,P114,225
2024-07-09,P115,138
2024-07-09,P116,69
2024-07-09,P117,125
2024-07-09,P118,122
2024-07-09,P119,102
2024-07-09,P120,107
2024-07-09,P121,82
2024-07-09,P122,73
2024-07-09,P123,61
2024-07-09,P124,77
2024-07-09,P125,122
2024-07-09,P126,100
2024-07-09,P127,86
2024-07-09,P128,118
2024-07-09,P129,61
2024-07-09,P130,80
2024-07-10,P101,79
2024-07-10,P102,150
2024-07-10,P103,97
2024-07-10,P104,177
2024-07-10,P105,100
2024-07-10,P106,128
2024-07-10,P107,155
2024-07-10,P108,57
2024-07-10,P109,64
2024-07-10,P110,53
2024-07-10,P111,168
2024-07-10,P112,109
2024-07-10,P113,123
2024-07-10,P114,123
2024-07-10,P115,122
2024-07-10,P116,71
2024-07-10,P117,116
2024-07-10,P118,95
2024-07-10,P119,74
2024-07-10,P120,68
2024-07-10,P121,75
2024-07-10,P122,43
2024-07-10,P123,121
2024-07-10,P124,67
2024-07-10,P125,106
2024-07-10,P126,97
2024-07-10,P127,114
2024-07-10,P128,115
2024-07-10,P129,90
2024-07-10,P130,97
2024-07-11,P101,109
2024-07-11,P102,181
2024-07-11,P103,101
2024-07-11,P104,202
2024-07-11,P105,131
2024-07-11,P106,113
2024-07-11,P107,129
2024-07-11,P108,41
2024-07-11,P109,42
2024-07-11,P110,78
2024-07-11,P111,161
2024-07-11,P112,201
2024-07-11,P113,239
2024-07-11,P114,216
2024-07-11,P115,118
2024-07-11,P116,97
2024-07-11,P117,114
2024-07-11,P118,67
2024-07-11,P119,63
2024-07-11,P120,110
2024-07-11,P121,120
2024-07-11,P122,50
2024-07-11,P123,100
2024-07-11,P124,103
2024-07-11,P125,67
2024-07-11,P126,136
2024-07-11,P127,100
2024-07-11,P128,118
2024-07-11,P129,73
2024-07-11,P130,53
2024-07-12,P101,90
2024-07-12,P102,186
2024-07-12,P103,152
2024-07-12,P104,188
2024-07-12,P105,103
2024-07-12,P106,131
2024-07-12,P107,123
2024-07-12,P108,54
2024-07-12,P109,80
2024-07-12,P110,49
2024-07-12,P111,181
2024-07-12,P112,214
2024-07-12,P113,250
2024-07-12,P114,174
2024-07-12,P115,103
2024-07-12,P116,103
2024-07-12,P117,98
2024-07-12,P118,99
2024-07-12,P119,75
2024-07-12,P120,116
2024-07-12,P121,119
2024-07-12,P122,70
2024-07-12,P123,89
2024-07-12,P124,112
2024-07-12,P125,99
2024-07-12,P126,128
2024-07-12,P127,109
2024-07-12,P128,108
2024-07-12,P129,52
2024-07-12,P130,56
2024-07-13,P101,101
2024-07-13,P102,119
2024-07-13,P103,153
2024-07-13,P104,143
2024-07-13,P105,146
2024-07-13,P106,189
2024-07-13,P107,94
2024-07-13,P108,62
2024-07-13,P109,47
2024-07-13,P110,49
2024-07-13,P111,155
2024-07-13,P112,137
2024-07-13,P113,189
2024-07-13,P114,230
2024-07-13,P115,165
2024-07-13,P116,93
2024-07-13,P117,80
2024-07-13,P118,144
2024-07-13,P119,79
2024-07-13,P120,163
2024-07-13,P121,125
2024-07-13,P122,75
2024-07-13,P123,132
2024-07-13,P124,69
2024-07-13,P125,161
2024-07-13,P126,128
2024-07-13,P127,115
2024-07-13,P128,114
2024-07-13,P129,122
2024-07-13,P130,121
2024-07-14,P101,126
2024-07-14,P102,102
2024-07-14,P103,195
2024-07-14,P104,131
2024-07-14,P105,75
2024-07-14,P106,150
2024-07-14,P107,121
2024-07-14,P108,63
2024-07-14,P109,83
2024-07-14,P110,78
2024-07-14,P111,169
2024-07-14,P112,218
2024-07-14,P113,234
2024-07-14,P114,201
2024-07-14,P115,160
2024-07-14,P116,120
2024-07-14,P117,121
2024-07-14,P118,93
2024-07-14,P119,76
2024-07-14,P120,130
2024-07-14,P121,134
2024-07-14,P122,89
2024-07-14,P123,70
2024-07-14,P124,83
2024-07-14,P125,86
2024-07-14,P126,70
2024-07-14,P127,87
2024-07-14,P128,86
2024-07-14,P129,103
2024-07-14,P130,114
2024-07-15,P101,87
2024-07-15,P102,143
2024-07-15,P103,166
2024-07-15,P104,138
2024-07-15,P105,75
2024-07-15,P106,126
2024-07-15,P107,145
2024-07-15,P108,47
2024-07-15,P109,33
2024-07-15,P110,46
2024-07-15,P111,158
2024-07-15,P112,167
2024-07-15,P113,116
2024-07-15,P114,151
2024-07-15,P115,148
2024-07-15,P116,80
2024-07-15,P117,70
2024-07-15,P118,114
2024-07-15,P119,58
2024-07-15,P120,72
2024-07-15,P121,111
2024-07-15,P122,63
2024-07-15,P123,48
2024-07-15,P124,98
2024-07-15,P125,76
2024-07-15,P126,128
2024-07-15,P127,73
2024-07-15,P128,93
2024-07-15,P129,65
2024-07-15,P130,86
2024-07-16,P101,86
2024-07-16,P102,125
2024-07-16,P103,160
2024-07-16,P104,134
2024-07-16,P105,89
2024-07-16,P106,103
2024-07-16,P107,140
2024-07-16,P108,33
2024-07-16,P109,62
2024-07-16,P110,64
2024-07-16,P111,109
2024-07-16,P112,111
2024-07-16,P113,221
2024-07-16,P114,209
2024-07-16,P115,124
2024-07-16,P116,116
2024-07-16,P117,95
2024-07-16,P118,132
2024-07-16,P119,67
2024-07-16,P120,100
2024-07-16,P121,93
2024-07-16,P122,43
2024-07-16,P123,116
2024-07-16,P124,62
2024-07-16,P125,114
2024-07-16,P126,102
2024-07-16,P127,93
2024-07-16,P128,63
2024-07-16,P129,90
2024-07-16,P130,71
2024-07-17,P101,111
2024-07-17,P102,112
2024-07-17,P103,186
2024-07-17,P104,163
2024-07-17,P105,108
2024-07-17,P106,98
2024-07-17,P107,77
2024-07-17,P108,36
2024-07-17,P109,76
2024-07-17,P110,45
2024-07-17,P111,132
2024-07-17,P112,212
2024-07-17,P113,117
2024-07-17,P114,242
2024-07-17,P115,98
2024-07-17,P116,108
2024-07-17,P117,85
2024-07-17,P118,82
2024-07-17,P119,117
2024-07-17,P120,101
2024-07-17,P121,99
2024-07-17,P122,36
2024-07-17,P123,116
2024-07-17,P124,93
2024-07-17,P125,106
2024-07-17,P126,71
2024-07-17,P127,100
2024-07-17,P128,125
2024-07-17,P129,75
2024-07-17,P130,94
2024-07-18,P101,54
2024-07-18,P102,105
2024-07-18,P103,182
2024-07-18,P104,129
2024-07-18,P105,101
2024-07-18,P106,73
2024-07-18,P107,167
2024-07-18,P108,61
2024-07-18,P109,50
2024-07-18,P110,79
2024-07-18,P111,205
2024-07-18,P112,122
2024-07-18,P113,238
2024-07-18,P114,228
2024-07-18,P115,156
2024-07-18,P116,100
2024-07-18,P117,96
2024-07-18,P118,118
2024-07-18,P119,133
2024-07-18,P120,134
2024-07-18,P121,104
2024-07-18,P122,55
2024-07-18,P123,60
2024-07-18,P124,79
2024-07-18,P125,70
2024-07-18,P126,135
2024-07-18,P127,132
2024-07-18,P128,96
2024-07-18,P129,89
2024-07-18,P130,56
2024-07-19,P101,57
2024-07-19,P102,164
2024-07-19,P103,184
2024-07-19,P104,165
2024-07-19,P105,159
2024-07-19,P106,161
2024-07-19,P107,162
2024-07-19,P108,76
2024-07-19,P109,80
2024-07-19,P110,81
2024-07-19,P111,174
2024-07-19,P112,147
2024-07-19,P113,134
2024-07-19,P114,173
2024-07-19,P115,154
2024-07-19,P116,71
2024-07-19,P117,140
2024-07-19,P118,84
2024-07-19,P119,144
2024-07-19,P120,139
2024-07-19,P121,125
2024-07-19,P122,71
2024-07-19,P123,57
2024-07-19,P124,90
2024-07-19,P125,101
2024-07-19,P126,151
2024-07-19,P127,125
2024-07-19,P128,71
2024-07-19,P129,95
2024-07-19,P130,91
2024-07-20,P101,123
2024-07-20,P102,146
2024-07-20,P103,134
2024-07-20,P104,150
2024-07-20,P105,83
2024-07-20,P106,85
2024-07-20,P107,143
2024-07-20,P108,75
2024-07-20,P109,41
2024-07-20,P110,81
2024-07-20,P111,165
2024-07-20,P112,196
2024-07-20,P113,182
2024-07-20,P114,235
2024-07-20,P115,107
2024-07-20,P116,122
2024-07-20,P117,133
2024-07-20,P118,124
2024-07-20,P119,73
2024-07-20,P120,100
2024-07-20,P121,130
2024-07-20,P122,80
2024-07-20,P123,92
2024-07-20,P124,83
2024-07-20,P125,93
2024-07-20,P126,170
2024-07-20,P127,111
2024-07-20,P128,141
2024-07-20,P129,66
2024-07-20,P130,121
2024-07-21,P101,78
2024-07-21,P102,130
2024-07-21,P103,217
2024-07-21,P104,161
2024-07-21,P105,156
2024-07-21,P106,76
2024-07-21,P107,164
2024-07-21,P108,40
2024-07-21,P109,86
2024-07-21,P110,83
2024-07-21,P111,216
2024-07-21,P112,246
2024-07-21,P113,164
2024-07-21,P114,223
2024-07-21,P115,146
2024-07-21,P116,112
2024-07-21,P117,77
2024-07-21,P118,93
2024-07-21,P119,94
2024-07-21,P120,158
2024-07-21,P121,108
2024-07-21,P122,72
2024-07-21,P123,88
2024-07-21,P124,140
2024-07-21,P125,116
2024-07-21,P126,110
2024-07-21,P127,74
2024-07-21,P128,113
2024-07-21,P129,98
2024-07-21,P130,67
2024-07-22,P101,91
2024-07-22,P102,82
2024-07-22,P103,125
2024-07-22,P104,163
2024-07-22,P105,85
2024-07-22,P106,65
2024-07-22,P107,107
2024-07-22,P108,63
2024-07-22,P109,39
2024-07-22,P110,80
2024-07-22,P111,116
2024-07-22,P112,157
2024-07-22,P113,202
2024-07-22,P114,157
2024-07-22,P115,81
2024-07-22,P116,105
2024-07-22,P117,86
2024-07-22,P118,127
2024-07-22,P119,114
2024-07-22,P120,81
2024-07-22,P121,76
2024-07-22,P122,51
2024-07-22,P123,109
2024-07-22,P124,112
2024-07-22,P125,77
2024-07-22,P126,129
2024-07-22,P127,81
2024-07-22,P128,111
2024-07-22,P129,48
2024-07-22,P130,52
2024-07-23,P101,45
2024-07-23,P102,128
2024-07-23,P103,176
2024-07-23,P104,128
2024-07-23,P105,96
2024-07-23,P106,105
2024-07-23,P107,111
2024-07-23,P108,44
2024-07-23,P109,71
2024-07-23,P110,59
2024-07-23,P111,133
2024-07-23,P112,133
2024-07-23,P113,183
2024-07-23,P114,119
2024-07-23,P115,142
2024-07-23,P116,108
2024-07-23,P117,110
2024-07-23,P118,116
2024-07-23,P119,116
2024-07-23,P120,123
2024-07-23,P121,83
2024-07-23,P122,78
2024-07-23,P123,103
2024-07-23,P124,70
2024-07-23,P125,108
2024-07-23,P126,104
2024-07-23,P127,115
2024-07-23,P128,116
2024-07-23,P129,53
2024-07-23,P130,78
2024-07-24,P101,57
2024-07-24,P102,142
2024-07-24,P103,166
2024-07-24,P104,187
2024-07-24,P105,141
2024-07-24,P106,104
2024-07-24,P107,145
2024-07-24,P108,53
2024-07-24,P109,52
2024-07-24,P110,83
2024-07-24,P111,107
2024-07-24,P112,195
2024-07-24,P113,160
2024-07-24,P114,190
2024-07-24,P115,140
2024-07-24,P116,108
2024-07-24,P117,77
2024-07-24,P118,136
2024-07-24,P119,87
2024-07-24,P120,122
2024-07-24,P121,84
2024-07-24,P122,48
2024-07-24,P123,121
2024-07-24,P124,68
2024-07-24,P125,67
2024-07-24,P126,144
2024-07-24,P127,107
2024-07-24,P128,73
2024-07-24,P129,64
2024-07-24,P130,66
2024-07-25,P101,100
2024-07-25,P102,114
2024-07-25,P103,104
2024-07-25,P104,168
2024-07-25,P105,71
2024-07-25,P106,68
2024-07-25,P107,141
2024-07-25,P108,79
2024-07-25,P109,36
2024-07-25,P110,44
2024-07-25,P111,164
2024-07-25,P112,200
2024-07-25,P113,207
2024-07-25,P114,182
2024-07-25,P115,151
2024-07-25,P116,75
2024-07-25,P117,71
2024-07-25,P118,86
2024-07-25,P119,64
2024-07-25,P120,96
2024-07-25,P121,83
2024-07-25,P122,57
2024-07-25,P123,116
2024-07-25,P124,103
2024-07-25,P125,132
2024-07-25,P126,120
2024-07-25,P127,76
2024-07-25,P128,135
2024-07-25,P129,88
2024-07-25,P130,82
2024-07-26,P101,115
2024-07-26,P102,124
2024-07-26,P103,106
2024-07-26,P104,115
2024-07-26,P105,145
2024-07-26,P106,161
2024-07-26,P107,146
2024-07-26,P108,52
2024-07-26,P109,74
2024-07-26,P110,59
2024-07-26,P111,121
2024-07-26,P112,177
2024-07-26,P113,248
2024-07-26,P114,222
2024-07-26,P115,124
2024-07-26,P116,76
2024-07-26,P117,111
2024-07-26,P118,82
2024-07-26,P119,120
2024-07-26,P120,99
2024-07-26,P121,118
2024-07-26,P122,51
2024-07-26,P123,70
2024-07-26,P124,60
2024-07-26,P125,100
2024-07-26,P126,108
2024-07-26,P127,96
2024-07-26,P128,87
2024-07-26,P129,63
2024-07-26,P130,81
2024-07-27,P101,81
2024-07-27,P102,178
2024-07-27,P103,166
2024-07-27,P104,224
2024-07-27,P105,175
2024-07-27,P106,112
2024-07-27,P107,129
2024-07-27,P108,79
2024-07-27,P109,63
2024-07-27,P110,65
2024-07-27,P111,193
2024-07-27,P112,230
2024-07-27,P113,205
2024-07-27,P114,188
2024-07-27,P115,112
2024-07-27,P116,78
2024-07-27,P117,81
2024-07-27,P118,125
2024-07-27,P119,88
2024-07-27,P120,121
2024-07-27,P121,135
2024-07-27,P122,54
2024-07-27,P123,96
2024-07-27,P124,156
2024-07-27,P125,110
2024-07-27,P126,114
2024-07-27,P127,140
2024-07-27,P128,104
2024-07-27,P129,110
2024-07-27,P130,87
2024-07-28,P101,53
2024-07-28,P102,157
2024-07-28,P103,128
2024-07-28,P104,230
2024-07-28,P105,85
2024-07-28,P106,88
2024-07-28,P107,118
2024-07-28,P108,61
2024-07-28,P109,87
2024-07-28,P110,77
2024-07-28,P111,182
2024-07-28,P112,231
2024-07-28,P113,239
2024-07-28,P114,142
2024-07-28,P115,137
2024-07-28,P116,133
2024-07-28,P117,89
2024-07-28,P118,87
2024-07-28,P119,154
2024-07-28,P120,139
2024-07-28,P121,138
2024-07-28,P122,73
2024-07-28,P123,125
2024-07-28,P124,139
2024-07-28,P125,75
2024-07-28,P126,152
2024-07-28,P127,141
2024-07-28,P128,144
2024-07-28,P129,71
2024-07-28,P130,118
2024-07-29,P101,56
2024-07-29,P102,106
2024-07-29,P103,112
2024-07-29,P104,118
2024-07-29,P105,84
2024-07-29,P106,95
2024-07-29,P107,141
2024-07-29,P108,62
2024-07-29,P109,71
2024-07-29,P110,51
2024-07-29,P111,182
2024-07-29,P112,176
2024-07-29,P113,199
2024-07-29,P114,180
2024-07-29,P115,85
2024-07-29,P116,107
2024-07-29,P117,89
2024-07-29,P118,82
2024-07-29,P119,62
2024-07-29,P120,73
2024-07-29,P121,110
2024-07-29,P122,70
2024-07-29,P123,71
2024-07-29,P124,119
2024-07-29,P125,97
2024-07-29,P126,112
2024-07-29,P127,69
2024-07-29,P128,68
2024-07-29,P129,44
2024-07-29,P130,49
2024-07-30,P101,64
2024-07-30,P102,100
2024-07-30,P103,173
2024-07-30,P104,98
2024-07-30,P105,62
2024-07-30,P106,118
2024-07-30,P107,159
2024-07-30,P108,55
2024-07-30,P109,64
2024-07-30,P110,65
2024-07-30,P111,108
2024-07-30,P112,116
2024-07-30,P113,198
2024-07-30,P114,147
2024-07-30,P115,139
2024-07-30,P116,61
2024-07-30,P117,77
2024-07-30,P118,132
2024-07-30,P119,114
2024-07-30,P120,65
2024-07-30,P121,60
2024-07-30,P122,65
2024-07-30,P123,70
2024-07-30,P124,116
2024-07-30,P125,108
2024-07-30,P126,78
2024-07-30,P127,55
2024-07-30,P128,79
2024-07-30,P129,72
2024-07-30,P130,92
2024-07-31,P101,49
2024-07-31,P102,111
2024-07-31,P103,165
2024-07-31,P104,166
2024-07-31,P105,117
2024-07-31,P106,67
2024-07-31,P107,112
2024-07-31,P108,46
2024-07-31,P109,64
2024-07-31,P110,51
2024-07-31,P111,116
2024-07-31,P112,171
2024-07-31,P113,139
2024-07-31,P114,188
2024-07-31,P115,149
2024-07-31,P116,67
2024-07-31,P117,79
2024-07-31,P118,68
2024-07-31,P119,84
2024-07-31,P120,140
2024-07-31,P121,100
2024-07-31,P122,79
2024-07-31,P123,121
2024-07-31,P124,110
2024-07-31,P125,96
2024-07-31,P126,144
2024-07-31,P127,84
2024-07-31,P128,136
2024-07-31,P129,58
2024-07-31,P130,65
2024-08-01,P101,65
2024-08-01,P102,141
2024-08-01,P103,192
2024-08-01,P104,130
2024-08-01,P105,62
2024-08-01,P106,134
2024-08-01,P107,165
2024-08-01,P108,38
2024-08-01,P109,46
2024-08-01,P110,80
2024-08-01,P111,122
2024-08-01,P112,166
2024-08-01,P113,174
2024-08-01,P114,227
2024-08-01,P115,112
2024-08-01,P116,88
2024-08-01,P117,61
2024-08-01,P118,127
2024-08-01,P119,123
2024-08-01,P120,119
2024-08-01,P121,79
2024-08-01,P122,70
2024-08-01,P123,71
2024-08-01,P124,132
2024-08-01,P125,87
2024-08-01,P126,111
2024-08-01,P127,75
2024-08-01,P128,137
2024-08-01,P129,78
2024-08-01,P130,97
2024-08-02,P101,56
2024-08-02,P102,97
2024-08-02,P103,117
2024-08-02,P104,211
2024-08-02,P105,73
2024-08-02,P106,133
2024-08-02,P107,147
2024-08-02,P108,79
2024-08-02,P109,53
2024-08-02,P110,56
2024-08-02,P111,180
2024-08-02,P112,186
2024-08-02,P113,214
2024-08-02,P114,191
2024-08-02,P115,150
2024-08-02,P116,63
2024-08-02,P117,92
2024-08-02,P118,90
2024-08-02,P119,84
2024-08-02,P120,102
2024-08-02,P121,86
2024-08-02,P122,75
2024-08-02,P123,58
2024-08-02,P124,136
2024-08-02,P125,131
2024-08-02,P126,147
2024-08-02,P127,105
2024-08-02,P128,85
2024-08-02,P129,75
2024-08-02,P130,65
2024-08-03,P101,62
2024-08-03,P102,121
2024-08-03,P103,124
2024-08-03,P104,122
2024-08-03,P105,97
2024-08-03,P106,140
2024-08-03,P107,110
2024-08-03,P108,70
2024-08-03,P109,77
2024-08-03,P110,55
2024-08-03,P111,174
2024-08-03,P112,190
2024-08-03,P113,274
2024-08-03,P114,215
2024-08-03,P115,165
2024-08-03,P116,143
2024-08-03,P117,133
2024-08-03,P118,165
2024-08-03,P119,127
2024-08-03,P120,111
2024-08-03,P121,100
2024-08-03,P122,73
2024-08-03,P123,139
2024-08-03,P124,86
2024-08-03,P125,160
2024-08-03,P126,139
2024-08-03,P127,133
2024-08-03,P128,152
2024-08-03,P129,58
2024-08-03,P130,131
2024-08-04,P101,116
2024-08-04,P102,114
2024-08-04,P103,125
2024-08-04,P104,218
2024-08-04,P105,107
2024-08-04,P106,167
2024-08-04,P107,131
2024-08-04,P108,70
2024-08-04,P109,78
2024-08-04,P110,60
2024-08-04,P111,198
2024-08-04,P112,231
2024-08-04,P113,206
2024-08-04,P114,192
2024-08-04,P115,93
2024-08-04,P116,63
2024-08-04,P117,99
2024-08-04,P118,126
2024-08-04,P119,69
2024-08-04,P120,136
2024-08-04,P121,79
2024-08-04,P122,84
2024-08-04,P123,93
2024-08-04,P124,83
2024-08-04,P125,126
2024-08-04,P126,118
2024-08-04,P127,97
2024-08-04,P128,72
2024-08-04,P129,99
2024-08-04,P130,105
2024-08-05,P101,67
2024-08-05,P102,158
2024-08-05,P103,139
2024-08-05,P104,105
2024-08-05,P105,103
2024-08-05,P106,85
2024-08-05,P107,87
2024-08-05,P108,57
2024-08-05,P109,70
2024-08-05,P110,67
2024-08-05,P111,143
2024-08-05,P112,160
2024-08-05,P113,207
2024-08-05,P114,222
2024-08-05,P115,101
2024-08-05,P116,56
2024-08-05,P117,54
2024-08-05,P118,69
2024-08-05,P119,121
2024-08-05,P120,114
2024-08-05,P121,60
2024-08-05,P122,50
2024-08-05,P123,99
2024-08-05,P124,59
2024-08-05,P125,69
2024-08-05,P126,119
2024-08-05,P127,116
2024-08-05,P128,60
2024-08-05,P129,53
2024-08-05,P130,87
2024-08-06,P101,56
2024-08-06,P102,99
2024-08-06,P103,168
2024-08-06,P104,185
2024-08-06,P105,128
2024-08-06,P106,138
2024-08-06,P107,94
2024-08-06,P108,72
2024-08-06,P109,47
2024-08-06,P110,76
2024-08-06,P111,154
2024-08-06,P112,122
2024-08-06,P113,174
2024-08-06,P114,206
2024-08-06,P115,135
2024-08-06,P116,77
2024-08-06,P117,66
2024-08-06,P118,93
2024-08-06,P119,99
2024-08-06,P120,78
2024-08-06,P121,104
2024-08-06,P122,50
2024-08-06,P123,51
2024-08-06,P124,58
2024-08-06,P125,126
2024-08-06,P126,123
2024-08-06,P127,115
2024-08-06,P128,111
2024-08-06,P129,58
2024-08-06,P130,85
2024-08-07,P101,103
2024-08-07,P102,111
2024-08-07,P103,171
2024-08-07,P104,157
2024-08-07,P105,108
2024-08-07,P106,89
2024-08-07,P107,147
2024-08-07,P108,37
2024-08-07,P109,67
2024-08-07,P110,64
2024-08-07,P111,104
2024-08-07,P112,167
2024-08-07,P113,140
2024-08-07,P114,210
2024-08-07,P115,160
2024-08-07,P116,95
2024-08-07,P117,61
2024-08-07,P118,63
2024-08-07,P119,79
2024-08-07,P120,135
2024-08-07,P121,71
2024-08-07,P122,72
2024-08-07,P123,83
2024-08-07,P124,76
2024-08-07,P125,69
2024-08-07,P126,122
2024-08-07,P127,60
2024-08-07,P128,77
2024-08-07,P129,48
2024-08-07,P130,58
2024-08-08,P101,50
2024-08-08,P102,166
2024-08-08,P103,117
2024-08-08,P104,110
2024-08-08,P105,102
2024-08-08,P106,147
2024-08-08,P107,88
2024-08-08,P108,65
2024-08-08,P109,60
2024-08-08,P110,47
2024-08-08,P111,140
2024-08-08,P112,192
2024-08-08,P113,194
2024-08-08,P114,224
2024-08-08,P115,121
2024-08-08,P116,117
2024-08-08,P117,63
2024-08-08,P118,111
2024-08-08,P119,103
2024-08-08,P120,118
2024-08-08,P121,65
2024-08-08,P122,79
2024-08-08,P123,103
2024-08-08,P124,97
2024-08-08,P125,80
2024-08-08,P126,150
2024-08-08,P127,109
2024-08-08,P128,103
2024-08-08,P129,65
2024-08-08,P130,54
2024-08-09,P101,100
2024-08-09,P102,171
2024-08-09,P103,165
2024-08-09,P104,204
2024-08-09,P105,135
2024-08-09,P106,118
2024-08-09,P107,89
2024-08-09,P108,58
2024-08-09,P109,37
2024-08-09,P110,71
2024-08-09,P111,131
2024-08-09,P112,121
2024-08-09,P113,206
2024-08-09,P114,255
2024-08-09,P115,94
2024-08-09,P116,59
2024-08-09,P117,137
2024-08-09,P118,107
2024-08-09,P119,115
2024-08-09,P120,98
2024-08-09,P121,100
2024-08-09,P122,66
2024-08-09,P123,121
2024-08-09,P124,130
2024-08-09,P125,94
2024-08-09,P126,66
2024-08-09,P127,131
2024-08-09,P128,99
2024-08-09,P129,78
2024-08-09,P130,57
2024-08-10,P101,108
2024-08-10,P102,208
2024-08-10,P103,192
2024-08-10,P104,223
2024-08-10,P105,176
2024-08-10,P106,110
2024-08-10,P107,165
2024-08-10,P108,73
2024-08-10,P109,69
2024-08-10,P110,87
2024-08-10,P111,180
2024-08-10,P112,214
2024-08-10,P113,161
2024-08-10,P114,181
2024-08-10,P115,108
2024-08-10,P116,68
2024-08-10,P117,147
2024-08-10,P118,76
2024-08-10,P119,73
2024-08-10,P120,149
2024-08-10,P121,84
2024-08-10,P122,85
2024-08-10,P123,94
2024-08-10,P124,113
2024-08-10,P125,165
2024-08-10,P126,172
2024-08-10,P127,117
2024-08-10,P128,95
2024-08-10,P129,112
2024-08-10,P130,68
2024-08-11,P101,110
2024-08-11,P102,138
2024-08-11,P103,153
2024-08-11,P104,175
2024-08-11,P105,71
2024-08-11,P106,175
2024-08-11,P107,133
2024-08-11,P108,40
2024-08-11,P109,38
2024-08-11,P110,56
2024-08-11,P111,189
2024-08-11,P112,127
2024-08-11,P113,156
2024-08-11,P114,219
2024-08-11,P115,165
2024-08-11,P116,122
2024-08-11,P117,138
2024-08-11,P118,102
2024-08-11,P119,103
2024-08-11,P120,79
2024-08-11,P121,119
2024-08-11,P122,42
2024-08-11,P123,69
2024-08-11,P124,90
2024-08-11,P125,155
2024-08-11,P126,71
2024-08-11,P127,122
2024-08-11,P128,71
2024-08-11,P129,71
2024-08-11,P130,108
2024-08-12,P101,81
2024-08-12,P102,115
2024-08-12,P103,151
2024-08-12,P104,92
2024-08-12,P105,90
2024-08-12,P106,102
2024-08-12,P107,90
2024-08-12,P108,38
2024-08-12,P109,47
2024-08-12,P110,79
2024-08-12,P111,113
2024-08-12,P112,99
2024-08-12,P113,122
2024-08-12,P114,212
2024-08-12,P115,125
2024-08-12,P116,74
2024-08-12,P117,67
2024-08-12,P118,81
2024-08-12,P119,73
2024-08-12,P120,71
2024-08-12,P121,58
2024-08-12,P122,46
2024-08-12,P123,60
2024-08-12,P124,102
2024-08-12,P125,68
2024-08-12,P126,93
2024-08-12,P127,105
2024-08-12,P128,70
2024-08-12,P129,58
2024-08-12,P130,82
2024-08-13,P101,77
2024-08-13,P102,113
2024-08-13,P103,134
2024-08-13,P104,174
2024-08-13,P105,75
2024-08-13,P106,147
2024-08-13,P107,149
2024-08-13,P108,42
2024-08-13,P109,42
2024-08-13,P110,55
2024-08-13,P111,98
2024-08-13,P112,191
2024-08-13,P113,215
2024-08-13,P114,126
2024-08-13,P115,142
2024-08-13,P116,103
2024-08-13,P117,81
2024-08-13,P118,72
2024-08-13,P119,109
2024-08-13,P120,111
2024-08-13,P121,100
2024-08-13,P122,60
2024-08-13,P123,64
2024-08-13,P124,111
2024-08-13,P125,122
2024-08-13,P126,58
2024-08-13,P127,78
2024-08-13,P128,120
2024-08-13,P129,85
2024-08-13,P130,48
2024-08-14,P101,89
2024-08-14,P102,119
2024-08-14,P103,122
2024-08-14,P104,157
2024-08-14,P105,59
2024-08-14,P106,114
2024-08-14,P107,137
2024-08-14,P108,75
2024-08-14,P109,71
2024-08-14,P110,83
2024-08-14,P111,117
2024-08-14,P112,137
2024-08-14,P113,138
2024-08-14,P114,226
2024-08-14,P115,137
2024-08-14,P116,114
2024-08-14,P117,104
2024-08-14,P118,71
2024-08-14,P119,77
2024-08-14,P120,69
2024-08-14,P121,102
2024-08-14,P122,51
2024-08-14,P123,84
2024-08-14,P124,73
2024-08-14,P125,131
2024-08-14,P126,74
2024-08-14,P127,104
2024-08-14,P128,122
2024-08-14,P129,57
2024-08-14,P130,84
2024-08-15,P101,137
2024-08-15,P102,154
2024-08-15,P103,243
2024-08-15,P104,312
2024-08-15,P105,172
2024-08-15,P106,167
2024-08-15,P107,176
2024-08-15,P108,94
2024-08-15,P109,114
2024-08-15,P110,104
2024-08-15,P111,274
2024-08-15,P112,254
2024-08-15,P113,333
2024-08-15,P114,205
2024-08-15,P115,252
2024-08-15,P116,91
2024-08-15,P117,95
2024-08-15,P118,165
2024-08-15,P119,165
2024-08-15,P120,117
2024-08-15,P121,143
2024-08-15,P122,116
2024-08-15,P123,98
2024-08-15,P124,173
2024-08-15,P125,109
2024-08-15,P126,180
2024-08-15,P127,182
2024-08-15,P128,174
2024-08-15,P129,102
2024-08-15,P130,164
2024-08-16,P101,96
2024-08-16,P102,158
2024-08-16,P103,132
2024-08-16,P104,201
2024-08-16,P105,144
2024-08-16,P106,150
2024-08-16,P107,134
2024-08-16,P108,66
2024-08-16,P109,87
2024-08-16,P110,74
2024-08-16,P111,200
2024-08-16,P112,164
2024-08-16,P113,163
2024-08-16,P114,144
2024-08-16,P115,133
2024-08-16,P116,100
2024-08-16,P117,136
2024-08-16,P118,140
2024-08-16,P119,92
2024-08-16,P120,69
2024-08-16,P121,96
2024-08-16,P122,41
2024-08-16,P123,103
2024-08-16,P124,81
2024-08-16,P125,144
2024-08-16,P126,75
2024-08-16,P127,128
2024-08-16,P128,82
2024-08-16,P129,75
2024-08-16,P130,97
2024-08-17,P101,125
2024-08-17,P102,116
2024-08-17,P103,166
2024-08-17,P104,223
2024-08-17,P105,96
2024-08-17,P106,178
2024-08-17,P107,161
2024-08-17,P108,78
2024-08-17,P109,62
2024-08-17,P110,72
2024-08-17,P111,225
2024-08-17,P112,216
2024-08-17,P113,171
2024-08-17,P114,145
2024-08-17,P115,100
2024-08-17,P116,114
2024-08-17,P117,140
2024-08-17,P118,133
2024-08-17,P119,87
2024-08-17,P120,161
2024-08-17,P121,126
2024-08-17,P122,63
2024-08-17,P123,76
2024-08-17,P124,137
2024-08-17,P125,70
2024-08-17,P126,90
2024-08-17,P127,87
2024-08-17,P128,119
2024-08-17,P129,84
2024-08-17,P130,94
2024-08-18,P101,65
2024-08-18,P102,134
2024-08-18,P103,184
2024-08-18,P104,118
2024-08-18,P105,139
2024-08-18,P106,157
2024-08-18,P107,166
2024-08-18,P108,59
2024-08-18,P109,39
2024-08-18,P110,80
2024-08-18,P111,225
2024-08-18,P112,139
2024-08-18,P113,235
2024-08-18,P114,259
2024-08-18,P115,102
2024-08-18,P116,104
2024-08-18,P117,109
2024-08-18,P118,131
2024-08-18,P119,136
2024-08-18,P120,73
2024-08-18,P121,121
2024-08-18,P122,63
2024-08-18,P123,113
2024-08-18,P124,117
2024-08-18,P125,152
2024-08-18,P126,109
2024-08-18,P127,130
2024-08-18,P128,128
2024-08-18,P129,53
2024-08-18,P130,119
2024-08-19,P101,42
2024-08-19,P102,153
2024-08-19,P103,157
2024-08-19,P104,148
2024-08-19,P105,78
2024-08-19,P106,119
2024-08-19,P107,79
2024-08-19,P108,49
2024-08-19,P109,37
2024-08-19,P110,46
2024-08-19,P111,106
2024-08-19,P112,104
2024-08-19,P113,105
2024-08-19,P114,160
2024-08-19,P115,78
2024-08-19,P116,101
2024-08-19,P117,76
2024-08-19,P118,88
2024-08-19,P119,80
2024-08-19,P120,128
2024-08-19,P121,47
2024-08-19,P122,67
2024-08-19,P123,73
2024-08-19,P124,112
2024-08-19,P125,83
2024-08-19,P126,68
2024-08-19,P127,73
2024-08-19,P128,62
2024-08-19,P129,48
2024-08-19,P130,77
2024-08-20,P101,69
2024-08-20,P102,155
2024-08-20,P103,108
2024-08-20,P104,168
2024-08-20,P105,138
2024-08-20,P106,123
2024-08-20,P107,83
2024-08-20,P108,62
2024-08-20,P109,62
2024-08-20,P110,69
2024-08-20,P111,138
2024-08-20,P112,113
2024-08-20,P113,196
2024-08-20,P114,168
2024-08-20,P115,132
2024-08-20,P116,107
2024-08-20,P117,67
2024-08-20,P118,75
2024-08-20,P119,56
2024-08-20,P120,116
2024-08-20,P121,72
2024-08-20,P122,44
2024-08-20,P123,59
2024-08-20,P124,71
2024-08-20,P125,71
2024-08-20,P126,134
2024-08-20,P127,101
2024-08-20,P128,102
2024-08-20,P129,63
2024-08-20,P130,94
2024-08-21,P101,93
2024-08-21,P102,94
2024-08-21,P103,161
2024-08-21,P104,140
2024-08-21,P105,137
2024-08-21,P106,134
2024-08-21,P107,161
2024-08-21,P108,51
2024-08-21,P109,47
2024-08-21,P110,79
2024-08-21,P111,104
2024-08-21,P112,153
2024-08-21,P113,189
2024-08-21,P114,176
2024-08-21,P115,119
2024-08-21,P116,64
2024-08-21,P117,81
2024-08-21,P118,132
2024-08-21,P119,129
2024-08-21,P120,98
2024-08-21,P121,100
2024-08-21,P122,37
2024-08-21,P123,49
2024-08-21,P124,54
2024-08-21,P125,86
2024-08-21,P126,90
2024-08-21,P127,80
2024-08-21,P128,116
2024-08-21,P129,76
2024-08-21,P130,105
2024-08-22,P101,103
2024-08-22,P102,175
2024-08-22,P103,167
2024-08-22,P104,121
2024-08-22,P105,101
2024-08-22,P106,125
2024-08-22,P107,125
2024-08-22,P108,53
2024-08-22,P109,40
2024-08-22,P110,58
2024-08-22,P111,162
2024-08-22,P112,200
2024-08-22,P113,167
2024-08-22,P114,229
2024-08-22,P115,157
2024-08-22,P116,94
2024-08-22,P117,113
2024-08-22,P118,64
2024-08-22,P119,107
2024-08-22,P120,91
2024-08-22,P121,86
2024-08-22,P122,37
2024-08-22,P123,56
2024-08-22,P124,69
2024-08-22,P125,128
2024-08-22,P126,122
2024-08-22,P127,97
2024-08-22,P128,68
2024-08-22,P129,88
2024-08-22,P130,55
2024-08-23,P101,72
2024-08-23,P102,180
2024-08-23,P103,154
2024-08-23,P104,166
2024-08-23,P105,146
2024-08-23,P106,158
2024-08-23,P107,144
2024-08-23,P108,67
2024-08-23,P109,83
2024-08-23,P110,60
2024-08-23,P111,199
2024-08-23,P112,157
2024-08-23,P113,119
2024-08-23,P114,232
2024-08-23,P115,101
2024-08-23,P116,57
2024-08-23,P117,96
2024-08-23,P118,76
2024-08-23,P119,88
2024-08-23,P120,148
2024-08-23,P121,55
2024-08-23,P122,70
2024-08-23,P123,55
2024-08-23,P124,100
2024-08-23,P125,71
2024-08-23,P126,128
2024-08-23,P127,101
2024-08-23,P128,112
2024-08-23,P129,79
2024-08-23,P130,69
2024-08-24,P101,116
2024-08-24,P102,161
2024-08-24,P103,109
2024-08-24,P104,130
2024-08-24,P105,168
2024-08-24,P106,112
2024-08-24,P107,130
2024-08-24,P108,56
2024-08-24,P109,60
2024-08-24,P110,89
2024-08-24,P111,197
2024-08-24,P112,165
2024-08-24,P113,157
2024-08-24,P114,280
2024-08-24,P115,170
2024-08-24,P116,124
2024-08-24,P117,93
2024-08-24,P118,156
2024-08-24,P119,150
2024-08-24,P120,109
2024-08-24,P121,96
2024-08-24,P122,43
2024-08-24,P123,105
2024-08-24,P124,120
2024-08-24,P125,85
2024-08-24,P126,170
2024-08-24,P127,76
2024-08-24,P128,147
2024-08-24,P129,84
2024-08-24,P130,119
2024-08-25,P101,57
2024-08-25,P102,133
2024-08-25,P103,103
2024-08-25,P104,112
2024-08-25,P105,89
2024-08-25,P106,125
2024-08-25,P107,111
2024-08-25,P108,63
2024-08-25,P109,77
2024-08-25,P110,67
2024-08-25,P111,161
2024-08-25,P112,202
2024-08-25,P113,185
2024-08-25,P114,251
2024-08-25,P115,97
2024-08-25,P116,99
2024-08-25,P117,137
2024-08-25,P118,140
2024-08-25,P119,96
2024-08-25,P120,93
2024-08-25,P121,101
2024-08-25,P122,57
2024-08-25,P123,85
2024-08-25,P124,66
2024-08-25,P125,130
2024-08-25,P126,120
2024-08-25,P127,86
2024-08-25,P128,110
2024-08-25,P129,69
2024-08-25,P130,75
2024-08-26,P101,47
2024-08-26,P102,99
2024-08-26,P103,110
2024-08-26,P104,167
2024-08-26,P105,90
2024-08-26,P106,120
2024-08-26,P107,68
2024-08-26,P108,30
2024-08-26,P109,57
2024-08-26,P110,73
2024-08-26,P111,162
2024-08-26,P112,124
2024-08-26,P113,126
2024-08-26,P114,196
2024-08-26,P115,124
2024-08-26,P116,58
2024-08-26,P117,82
2024-08-26,P118,70
2024-08-26,P119,83
2024-08-26,P120,117
2024-08-26,P121,86
2024-08-26,P122,35
2024-08-26,P123,59
2024-08-26,P124,54
2024-08-26,P125,115
2024-08-26,P126,109
2024-08-26,P127,59
2024-08-26,P128,55
2024-08-26,P129,75
2024-08-26,P130,48
2024-08-27,P101,89
2024-08-27,P102,84
2024-08-27,P103,151
2024-08-27,P104,157
2024-08-27,P105,119
2024-08-27,P106,114
2024-08-27,P107,77
2024-08-27,P108,52
2024-08-27,P109,74
2024-08-27,P110,39
2024-08-27,P111,101
2024-08-27,P112,146
2024-08-27,P113,191
2024-08-27,P114,199
2024-08-27,P115,105
2024-08-27,P116,100
2024-08-27,P117,119
2024-08-27,P118,99
2024-08-27,P119,93
2024-08-27,P120,117
2024-08-27,P121,71
2024-08-27,P122,33
2024-08-27,P123,92
2024-08-27,P124,76
2024-08-27,P125,87
2024-08-27,P126,126
2024-08-27,P127,87
2024-08-27,P128,63
2024-08-27,P129,61
2024-08-27,P130,48
2024-08-28,P101,63
2024-08-28,P102,87
2024-08-28,P103,148
2024-08-28,P104,182
2024-08-28,P105,107
2024-08-28,P106,124
2024-08-28,P107,87
2024-08-28,P108,63
2024-08-28,P109,43
2024-08-28,P110,81
2024-08-28,P111,132
2024-08-28,P112,154
2024-08-28,P113,201
2024-08-28,P114,143
2024-08-28,P115,122
2024-08-28,P116,102
2024-08-28,P117,82
2024-08-28,P118,116
2024-08-28,P119,117
2024-08-28,P120,64
2024-08-28,P121,103
2024-08-28,P122,56
2024-08-28,P123,66
2024-08-28,P124,52
2024-08-28,P125,83
2024-08-28,P126,85
2024-08-28,P127,123
2024-08-28,P128,119
2024-08-28,P129,78
2024-08-28,P130,87
2024-08-29,P101,79
2024-08-29,P102,153
2024-08-29,P103,94
2024-08-29,P104,180
2024-08-29,P105,120
2024-08-29,P106,96
2024-08-29,P107,131
2024-08-29,P108,68
2024-08-29,P109,71
2024-08-29,P110,43
2024-08-29,P111,158
2024-08-29,P112,134
2024-08-29,P113,138
2024-08-29,P114,161
2024-08-29,P115,81
2024-08-29,P116,62
2024-08-29,P117,68
2024-08-29,P118,82
2024-08-29,P119,79
2024-08-29,P120,63
2024-08-29,P121,64
2024-08-29,P122,58
2024-08-29,P123,53
2024-08-29,P124,63
2024-08-29,P125,114
2024-08-29,P126,127
2024-08-29,P127,100
2024-08-29,P128,88
2024-08-29,P129,50
2024-08-29,P130,57
2024-08-30,P101,98
2024-08-30,P102,170
2024-08-30,P103,141
2024-08-30,P104,110
2024-08-30,P105,102
2024-08-30,P106,104
2024-08-30,P107,163
2024-08-30,P108,73
2024-08-30,P109,77
2024-08-30,P110,85
2024-08-30,P111,174
2024-08-30,P112,181
2024-08-30,P113,153
2024-08-30,P114,232
2024-08-30,P115,87
2024-08-30,P116,96
2024-08-30,P117,84
2024-08-30,P118,100
2024-08-30,P119,98
2024-08-30,P120,107
2024-08-30,P121,120
2024-08-30,P122,71
2024-08-30,P123,89
2024-08-30,P124,76
2024-08-30,P125,138
2024-08-30,P126,140
2024-08-30,P127,73
2024-08-30,P128,95
2024-08-30,P129,47
2024-08-30,P130,109
2024-08-31,P101,80
2024-08-31,P102,156
2024-08-31,P103,112
2024-08-31,P104,151
2024-08-31,P105,132
2024-08-31,P106,122
2024-08-31,P107,116
2024-08-31,P108,45
2024-08-31,P109,77
2024-08-31,P110,90
2024-08-31,P111,131
2024-08-31,P112,173
2024-08-31,P113,137
2024-08-31,P114,150
2024-08-31,P115,100
2024-08-31,P116,102
2024-08-31,P117,87
2024-08-31,P118,134
2024-08-31,P119,144
2024-08-31,P120,93
2024-08-31,P121,95
2024-08-31,P122,82
2024-08-31,P123,84
2024-08-31,P124,60
2024-08-31,P125,71
2024-08-31,P126,132
2024-08-31,P127,85
2024-08-31,P128,138
2024-08-31,P129,112
2024-08-31,P130,79
2024-09-01,P101,109
2024-09-01,P102,129
2024-09-01,P103,126
2024-09-01,P104,111
2024-09-01,P105,112
2024-09-01,P106,71
2024-09-01,P107,139
2024-09-01,P108,46
2024-09-01,P109,66
2024-09-01,P110,59
2024-09-01,P111,196
2024-09-01,P112,121
2024-09-01,P113,179
2024-09-01,P114,196
2024-09-01,P115,149
2024-09-01,P116,60
2024-09-01,P117,83
2024-09-01,P118,102
2024-09-01,P119,125
2024-09-01,P120,145
2024-09-01,P121,116
2024-09-01,P122,51
2024-09-01,P123,76
2024-09-01,P124,69
2024-09-01,P125,139
2024-09-01,P126,125
2024-09-01,P127,127
2024-09-01,P128,119
2024-09-01,P129,97
2024-09-01,P130,76
2024-09-02,P101,66
2024-09-02,P102,128
2024-09-02,P103,147
2024-09-02,P104,89
2024-09-02,P105,121
2024-09-02,P106,111
2024-09-02,P107,93
2024-09-02,P108,37
2024-09-02,P109,59
2024-09-02,P110,76
2024-09-02,P111,103
2024-09-02,P112,108
2024-09-02,P113,178
2024-09-02,P114,122
2024-09-02,P115,137
2024-09-02,P116,53
2024-09-02,P117,79
2024-09-02,P118,104
2024-09-02,P119,88
2024-09-02,P120,96
2024-09-02,P121,62
2024-09-02,P122,65
2024-09-02,P123,69
2024-09-02,P124,87
2024-09-02,P125,98
2024-09-02,P126,108
2024-09-02,P127,67
2024-09-02,P128,76
2024-09-02,P129,72
2024-09-02,P130,56
2024-09-03,P101,64
2024-09-03,P102,145
2024-09-03,P103,166
2024-09-03,P104,129
2024-09-03,P105,70
2024-09-03,P106,117
2024-09-03,P107,93
2024-09-03,P108,61
2024-09-03,P109,39
2024-09-03,P110,49
2024-09-03,P111,125
2024-09-03,P112,160
2024-09-03,P113,118
2024-09-03,P114,129
2024-09-03,P115,102
2024-09-03,P116,80
2024-09-03,P117,76
2024-09-03,P118,72
2024-09-03,P119,77
2024-09-03,P120,79
2024-09-03,P121,55
2024-09-03,P122,57
2024-09-03,P123,83
2024-09-03,P124,67
2024-09-03,P125,55
2024-09-03,P126,65
2024-09-03,P127,83
2024-09-03,P128,64
2024-09-03,P129,80
2024-09-03,P130,83
2024-09-04,P101,80
2024-09-04,P102,145
2024-09-04,P103,142
2024-09-04,P104,177
2024-09-04,P105,95
2024-09-04,P106,75
2024-09-04,P107,111
2024-09-04,P108,63
2024-09-04,P109,36
2024-09-04,P110,71
2024-09-04,P111,160
2024-09-04,P112,180
2024-09-04,P113,167
2024-09-04,P114,150
2024-09-04,P115,102
2024-09-04,P116,68
2024-09-04,P117,75
2024-09-04,P118,88
2024-09-04,P119,75
2024-09-04,P120,113
2024-09-04,P121,70
2024-09-04,P122,38
2024-09-04,P123,101
2024-09-04,P124,52
2024-09-04,P125,113
2024-09-04,P126,62
2024-09-04,P127,97
2024-09-04,P128,128
2024-09-04,P129,64
2024-09-04,P130,97
2024-09-05,P101,64
2024-09-05,P102,159
2024-09-05,P103,104
2024-09-05,P104,139
2024-09-05,P105,65
2024-09-05,P106,124
2024-09-05,P107,132
2024-09-05,P108,63
2024-09-05,P109,67
2024-09-05,P110,41
2024-09-05,P111,109
2024-09-05,P112,191
2024-09-05,P113,127
2024-09-05,P114,179
2024-09-05,P115,155
2024-09-05,P116,98
2024-09-05,P117,118
2024-09-05,P118,126
2024-09-05,P119,74
2024-09-05,P120,102
2024-09-05,P121,116
2024-09-05,P122,54
2024-09-05,P123,61
2024-09-05,P124,64
2024-09-05,P125,60
2024-09-05,P126,129
2024-09-05,P127,119
2024-09-05,P128,110
2024-09-05,P129,48
2024-09-05,P130,100
2024-09-06,P101,97
2024-09-06,P102,110
2024-09-06,P103,155
2024-09-06,P104,126
2024-09-06,P105,112
2024-09-06,P106,97
2024-09-06,P107,139
2024-09-06,P108,62
2024-09-06,P109,64
2024-09-06,P110,64
2024-09-06,P111,124
2024-09-06,P112,192
2024-09-06,P113,117
2024-09-06,P114,194
2024-09-06,P115,86
2024-09-06,P116,65
2024-09-06,P117,67
2024-09-06,P118,92
2024-09-06,P119,69
2024-09-06,P120,98
2024-09-06,P121,92
2024-09-06,P122,55
2024-09-06,P123,93
2024-09-06,P124,76
2024-09-06,P125,112
2024-09-06,P126,94
2024-09-06,P127,101
2024-09-06,P128,104
2024-09-06,P129,83
2024-09-06,P130,54
2024-09-07,P101,82
2024-09-07,P102,165
2024-09-07,P103,159
2024-09-07,P104,184
2024-09-07,P105,98
2024-09-07,P106,148
2024-09-07,P107,171
2024-09-07,P108,66
2024-09-07,P109,66
2024-09-07,P110,83
2024-09-07,P111,208
2024-09-07,P112,195
2024-09-07,P113,149
2024-09-07,P114,239
2024-09-07,P115,165
2024-09-07,P116,109
2024-09-07,P117,143
2024-09-07,P118,127
2024-09-07,P119,106
2024-09-07,P120,144
2024-09-07,P121,64
2024-09-07,P122,86
2024-09-07,P123,134
2024-09-07,P124,132
2024-09-07,P125,65
2024-09-07,P126,127
2024-09-07,P127,125
2024-09-07,P128,149
2024-09-07,P129,100
2024-09-07,P130,61
2024-09-08,P101,74
2024-09-08,P102,111
2024-09-08,P103,194
2024-09-08,P104,187
2024-09-08,P105,96
2024-09-08,P106,161
2024-09-08,P107,114
2024-09-08,P108,76
2024-09-08,P109,86
2024-09-08,P110,45
2024-09-08,P111,128
2024-09-08,P112,123
2024-09-08,P113,207
2024-09-08,P114,145
2024-09-08,P115,135
2024-09-08,P116,116
2024-09-08,P117,125
2024-09-08,P118,114
2024-09-08,P119,84
2024-09-08,P120,70
2024-09-08,P121,85
2024-09-08,P122,67
2024-09-08,P123,103
2024-09-08,P124,103
2024-09-08,P125,148
2024-09-08,P126,72
2024-09-08,P127,70
2024-09-08,P128,130
2024-09-08,P129,90
2024-09-08,P130,106
2024-09-09,P101,68
2024-09-09,P102,114
2024-09-09,P103,140
2024-09-09,P104,104
2024-09-09,P105,69
2024-09-09,P106,126
2024-09-09,P107,91
2024-09-09,P108,37
2024-09-09,P109,49
2024-09-09,P110,50
2024-09-09,P111,113
2024-09-09,P112,154
2024-09-09,P113,155
2024-09-09,P114,164
2024-09-09,P115,130
2024-09-09,P116,64
2024-09-09,P117,110
2024-09-09,P118,61
2024-09-09,P119,78
2024-09-09,P120,78
2024-09-09,P121,75
2024-09-09,P122,68
2024-09-09,P123,47
2024-09-09,P124,89
2024-09-09,P125,52
2024-09-09,P126,126
2024-09-09,P127,49
2024-09-09,P128,67
2024-09-09,P129,42
2024-09-09,P130,80
2024-09-10,P101,65
2024-09-10,P102,99
2024-09-10,P103,152
2024-09-10,P104,168
2024-09-10,P105,129
2024-09-10,P106,65
2024-09-10,P107,102
2024-09-10,P108,39
2024-09-10,P109,50
2024-09-10,P110,56
2024-09-10,P111,142
2024-09-10,P112,137
2024-09-10,P113,136
2024-09-10,P114,190
2024-09-10,P115,128
2024-09-10,P116,83
2024-09-10,P117,82
2024-09-10,P118,96
2024-09-10,P119,61
2024-09-10,P120,84
2024-09-10,P121,67
2024-09-10,P122,47
2024-09-10,P123,57
2024-09-10,P124,91
2024-09-10,P125,117
2024-09-10,P126,114
2024-09-10,P127,53
2024-09-10,P128,96
2024-09-10,P129,79
2024-09-10,P130,85
2024-09-11,P101,83
2024-09-11,P102,118
2024-09-11,P103,175
2024-09-11,P104,161
2024-09-11,P105,61
2024-09-11,P106,126
2024-09-11,P107,64
2024-09-11,P108,61
2024-09-11,P109,38
2024-09-11,P110,52
2024-09-11,P111,169
2024-09-11,P112,152
2024-09-11,P113,194
2024-09-11,P114,134
2024-09-11,P115,126
2024-09-11,P116,110
2024-09-11,P117,98
2024-09-11,P118,78
2024-09-11,P119,125
2024-09-11,P120,62
2024-09-11,P121,85
2024-09-11,P122,45
2024-09-11,P123,81
2024-09-11,P124,61
2024-09-11,P125,70
2024-09-11,P126,81
2024-09-11,P127,112
2024-09-11,P128,88
2024-09-11,P129,88
2024-09-11,P130,52
2024-09-12,P101,69
2024-09-12,P102,102
2024-09-12,P103,117
2024-09-12,P104,191
2024-09-12,P105,109
2024-09-12,P106,72
2024-09-12,P107,95
2024-09-12,P108,65
2024-09-12,P109,63
2024-09-12,P110,47
2024-09-12,P111,158
2024-09-12,P112,141
2024-09-12,P113,205
2024-09-12,P114,186
2024-09-12,P115,151
2024-09-12,P116,99
2024-09-12,P117,112
2024-09-12,P118,110
2024-09-12,P119,93
2024-09-12,P120,83
2024-09-12,P121,82
2024-09-12,P122,45
2024-09-12,P123,72
2024-09-12,P124,114
2024-09-12,P125,124
2024-09-12,P126,119
2024-09-12,P127,122
2024-09-12,P128,81
2024-09-12,P129,46
2024-09-12,P130,94
2024-09-13,P101,68
2024-09-13,P102,128
2024-09-13,P103,121
2024-09-13,P104,153
2024-09-13,P105,111
2024-09-13,P106,144
2024-09-13,P107,68
2024-09-13,P108,42
2024-09-13,P109,33
2024-09-13,P110,41
2024-09-13,P111,100
2024-09-13,P112,150
2024-09-13,P113,159
2024-09-13,P114,149
2024-09-13,P115,118
2024-09-13,P116,111
2024-09-13,P117,109
2024-09-13,P118,137
2024-09-13,P119,124
2024-09-13,P120,121
2024-09-13,P121,74
2024-09-13,P122,50
2024-09-13,P123,64
2024-09-13,P124,124
2024-09-13,P125,133
2024-09-13,P126,120
2024-09-13,P127,114
2024-09-13,P128,116
2024-09-13,P129,47
2024-09-13,P130,78
2024-09-14,P101,73
2024-09-14,P102,118
2024-09-14,P103,172
2024-09-14,P104,174
2024-09-14,P105,80
2024-09-14,P106,150
2024-09-14,P107,137
2024-09-14,P108,49
2024-09-14,P109,65
2024-09-14,P110,75
2024-09-14,P111,191
2024-09-14,P112,165
2024-09-14,P113,225
2024-09-14,P114,237
2024-09-14,P115,144
2024-09-14,P116,132
2024-09-14,P117,103
2024-09-14,P118,77
2024-09-14,P119,79
2024-09-14,P120,150
2024-09-14,P121,127
2024-09-14,P122,74
2024-09-14,P123,88
2024-09-14,P124,82
2024-09-14,P125,113
2024-09-14,P126,131
2024-09-14,P127,120
2024-09-14,P128,143
2024-09-14,P129,97
2024-09-14,P130,88
2024-09-15,P101,74
2024-09-15,P102,114
2024-09-15,P103,144
2024-09-15,P104,153
2024-09-15,P105,96
2024-09-15,P106,125
2024-09-15,P107,92
2024-09-15,P108,57
2024-09-15,P109,86
2024-09-15,P110,42
2024-09-15,P111,142
2024-09-15,P112,128
2024-09-15,P113,206
2024-09-15,P114,207
2024-09-15,P115,164
2024-09-15,P116,81
2024-09-15,P117,119
2024-09-15,P118,111
2024-09-15,P119,93
2024-09-15,P120,112
2024-09-15,P121,68
2024-09-15,P122,48
2024-09-15,P123,105
2024-09-15,P124,73
2024-09-15,P125,67
2024-09-15,P126,96
2024-09-15,P127,75
2024-09-15,P128,125
2024-09-15,P129,57
2024-09-15,P130,104
2024-09-16,P101,70
2024-09-16,P102,77
2024-09-16,P103,155
2024-09-16,P104,122
2024-09-16,P105,119
2024-09-16,P106,82
2024-09-16,P107,64
2024-09-16,P108,28
2024-09-16,P109,53
2024-09-16,P110,51
2024-09-16,P111,85
2024-09-16,P112,115
2024-09-16,P113,103
2024-09-16,P114,195
2024-09-16,P115,75
2024-09-16,P116,66
2024-09-16,P117,92
2024-09-16,P118,116
2024-09-16,P119,63
2024-09-16,P120,93
2024-09-16,P121,66
2024-09-16,P122,34
2024-09-16,P123,60
2024-09-16,P124,106
2024-09-16,P125,114
2024-09-16,P126,124
2024-09-16,P127,91
2024-09-16,P128,64
2024-09-16,P129,53
2024-09-16,P130,87
2024-09-17,P101,87
2024-09-17,P102,81
2024-09-17,P103,130
2024-09-17,P104,171
2024-09-17,P105,68
2024-09-17,P106,80
2024-09-17,P107,97
2024-09-17,P108,46
2024-09-17,P109,56
2024-09-17,P110,74
2024-09-17,P111,148
2024-09-17,P112,128
2024-09-17,P113,128
2024-09-17,P114,160
2024-09-17,P115,97
2024-09-17,P116,60
2024-09-17,P117,93
2024-09-17,P118,55
2024-09-17,P119,104
2024-09-17,P120,94
2024-09-17,P121,54
2024-09-17,P122,70
2024-09-17,P123,101
2024-09-17,P124,90
2024-09-17,P125,50
2024-09-17,P126,127
2024-09-17,P127,103
2024-09-17,P128,75
2024-09-17,P129,78
2024-09-17,P130,81
2024-09-18,P101,87
2024-09-18,P102,156
2024-09-18,P103,149
2024-09-18,P104,99
2024-09-18,P105,98
2024-09-18,P106,131
2024-09-18,P107,63
2024-09-18,P108,69
2024-09-18,P109,59
2024-09-18,P110,61
2024-09-18,P111,171
2024-09-18,P112,183
2024-09-18,P113,143
2024-09-18,P114,210
2024-09-18,P115,142
2024-09-18,P116,86
2024-09-18,P117,104
2024-09-18,P118,126
2024-09-18,P119,100
2024-09-18,P120,127
2024-09-18,P121,59
2024-09-18,P122,47
2024-09-18,P123,66
2024-09-18,P124,106
2024-09-18,P125,109
2024-09-18,P126,81
2024-09-18,P127,112
2024-09-18,P128,102
2024-09-18,P129,89
2024-09-18,P130,61
2024-09-19,P101,78
2024-09-19,P102,157
2024-09-19,P103,164
2024-09-19,P104,156
2024-09-19,P105,122
2024-09-19,P106,67
2024-09-19,P107,145
2024-09-19,P108,59
2024-09-19,P109,54
2024-09-19,P110,42
2024-09-19,P111,187
2024-09-19,P112,187
2024-09-19,P113,210
2024-09-19,P114,196
2024-09-19,P115,147
2024-09-19,P116,63
2024-09-19,P117,92
2024-09-19,P118,65
2024-09-19,P119,88
2024-09-19,P120,109
2024-09-19,P121,88
2024-09-19,P122,75
2024-09-19,P123,63
2024-09-19,P124,84
2024-09-19,P125,78
2024-09-19,P126,77
2024-09-19,P127,119
2024-09-19,P128,109
2024-09-19,P129,69
2024-09-19,P130,70
2024-09-20,P101,102
2024-09-20,P102,119
2024-09-20,P103,107
2024-09-20,P104,168
2024-09-20,P105,100
2024-09-20,P106,73
2024-09-20,P107,95
2024-09-20,P108,42
2024-09-20,P109,72
2024-09-20,P110,58
2024-09-20,P111,189
2024-09-20,P112,177
2024-09-20,P113,135
2024-09-20,P114,208
2024-09-20,P115,151
2024-09-20,P116,105
2024-09-20,P117,62
2024-09-20,P118,92
2024-09-20,P119,63
2024-09-20,P120,81
2024-09-20,P121,95
2024-09-20,P122,45
2024-09-20,P123,98
2024-09-20,P124,77
2024-09-20,P125,96
2024-09-20,P126,124
2024-09-20,P127,93
2024-09-20,P128,108
2024-09-20,P129,99
2024-09-20,P130,73
2024-09-21,P101,116
2024-09-21,P102,133
2024-09-21,P103,177
2024-09-21,P104,175
2024-09-21,P105,68
2024-09-21,P106,107
2024-09-21,P107,87
2024-09-21,P108,80
2024-09-21,P109,47
2024-09-21,P110,38
2024-09-21,P111,213
2024-09-21,P112,213
2024-09-21,P113,152
2024-09-21,P114,137
2024-09-21,P115,113
2024-09-21,P116,90
2024-09-21,P117,117
2024-09-21,P118,72
2024-09-21,P119,115
2024-09-21,P120,90
2024-09-21,P121,57
2024-09-21,P122,88
2024-09-21,P123,68
2024-09-21,P124,129
2024-09-21,P125,79
2024-09-21,P126,138
2024-09-21,P127,85
2024-09-21,P128,129
2024-09-21,P129,90
2024-09-21,P130,104
2024-09-22,P101,56
2024-09-22,P102,98
2024-09-22,P103,192
2024-09-22,P104,157
2024-09-22,P105,148
2024-09-22,P106,104
2024-09-22,P107,105
2024-09-22,P108,46
2024-09-22,P109,76
2024-09-22,P110,77
2024-09-22,P111,110
2024-09-22,P112,120
2024-09-22,P113,207
2024-09-22,P114,217
2024-09-22,P115,85
2024-09-22,P116,98
2024-09-22,P117,129
2024-09-22,P118,110
2024-09-22,P119,134
2024-09-22,P120,138
2024-09-22,P121,70
2024-09-22,P122,71
2024-09-22,P123,89
2024-09-22,P124,82
2024-09-22,P125,100
2024-09-22,P126,63
2024-09-22,P127,103
2024-09-22,P128,132
2024-09-22,P129,68
2024-09-22,P130,56
2024-09-23,P101,38
2024-09-23,P102,90
2024-09-23,P103,100
2024-09-23,P104,157
2024-09-23,P105,122
2024-09-23,P106,92
2024-09-23,P107,105
2024-09-23,P108,48
2024-09-23,P109,33
2024-09-23,P110,73
2024-09-23,P111,143
2024-09-23,P112,125
2024-09-23,P113,149
2024-09-23,P114,136
2024-09-23,P115,68
2024-09-23,P116,62
2024-09-23,P117,83
2024-09-23,P118,54
2024-09-23,P119,62
2024-09-23,P120,59
2024-09-23,P121,50
2024-09-23,P122,41
2024-09-23,P123,80
2024-09-23,P124,98
2024-09-23,P125,80
2024-09-23,P126,104
2024-09-23,P127,62
2024-09-23,P128,105
2024-09-23,P129,42
2024-09-23,P130,69
2024-09-24,P101,70
2024-09-24,P102,87
2024-09-24,P103,104
2024-09-24,P104,89
2024-09-24,P105,75
2024-09-24,P106,75
2024-09-24,P107,75
2024-09-24,P108,54
2024-09-24,P109,59
2024-09-24,P110,57
2024-09-24,P111,168
2024-09-24,P112,158
2024-09-24,P113,124
2024-09-24,P114,118
2024-09-24,P115,105
2024-09-24,P116,103
2024-09-24,P117,99
2024-09-24,P118,105
2024-09-24,P119,96
2024-09-24,P120,71
2024-09-24,P121,66
2024-09-24,P122,34
2024-09-24,P123,99
2024-09-24,P124,56
2024-09-24,P125,107
2024-09-24,P126,114
2024-09-24,P127,49
2024-09-24,P128,77
2024-09-24,P129,42
2024-09-24,P130,92
2024-09-25,P101,70
2024-09-25,P102,97
2024-09-25,P103,116
2024-09-25,P104,109
2024-09-25,P105,60
2024-09-25,P106,64
2024-09-25,P107,80
2024-09-25,P108,42
2024-09-25,P109,66
2024-09-25,P110,47
2024-09-25,P111,141
2024-09-25,P112,168
2024-09-25,P113,129
2024-09-25,P114,109
2024-09-25,P115,102
2024-09-25,P116,72
2024-09-25,P117,59
2024-09-25,P118,80
2024-09-25,P119,74
2024-09-25,P120,125
2024-09-25,P121,80
2024-09-25,P122,61
2024-09-25,P123,51
2024-09-25,P124,111
2024-09-25,P125,62
2024-09-25,P126,96
2024-09-25,P127,68
2024-09-25,P128,100
2024-09-25,P129,46
2024-09-25,P130,98
2024-09-26,P101,49
2024-09-26,P102,81
2024-09-26,P103,125
2024-09-26,P104,124
2024-09-26,P105,120
2024-09-26,P106,111
2024-09-26,P107,115
2024-09-26,P108,57
2024-09-26,P109,58
2024-09-26,P110,69
2024-09-26,P111,134
2024-09-26,P112,161
2024-09-26,P113,144
2024-09-26,P114,194
2024-09-26,P115,144
2024-09-26,P116,93
2024-09-26,P117,116
2024-09-26,P118,117
2024-09-26,P119,83
2024-09-26,P120,60
2024-09-26,P121,48
2024-09-26,P122,58
2024-09-26,P123,50
2024-09-26,P124,64
2024-09-26,P125,93
2024-09-26,P126,117
2024-09-26,P127,60
2024-09-26,P128,98
2024-09-26,P129,50
2024-09-26,P130,73
2024-09-27,P101,76
2024-09-27,P102,103
2024-09-27,P103,107
2024-09-27,P104,100
2024-09-27,P105,63
2024-09-27,P106,78
2024-09-27,P107,70
2024-09-27,P108,52
2024-09-27,P109,73
2024-09-27,P110,78
2024-09-27,P111,103
2024-09-27,P112,160
2024-09-27,P113,148
2024-09-27,P114,197
2024-09-27,P115,107
2024-09-27,P116,81
2024-09-27,P117,84
2024-09-27,P118,79
2024-09-27,P119,104
2024-09-27,P120,71
2024-09-27,P121,97
2024-09-27,P122,37
2024-09-27,P123,108
2024-09-27,P124,75
2024-09-27,P125,129
2024-09-27,P126,64
2024-09-27,P127,111
2024-09-27,P128,58
2024-09-27,P129,48
2024-09-27,P130,105
2024-09-28,P101,102
2024-09-28,P102,110
2024-09-28,P103,173
2024-09-28,P104,119
2024-09-28,P105,144
2024-09-28,P106,152
2024-09-28,P107,106
2024-09-28,P108,68
2024-09-28,P109,78
2024-09-28,P110,75
2024-09-28,P111,189
2024-09-28,P112,146
2024-09-28,P113,200
2024-09-28,P114,189
2024-09-28,P115,162
2024-09-28,P116,80
2024-09-28,P117,130
2024-09-28,P118,84
2024-09-28,P119,134
2024-09-28,P120,76
2024-09-28,P121,111
2024-09-28,P122,50
2024-09-28,P123,95
2024-09-28,P124,64
2024-09-28,P125,99
2024-09-28,P126,113
2024-09-28,P127,85
2024-09-28,P128,87
2024-09-28,P129,74
2024-09-28,P130,58
2024-09-29,P101,112
2024-09-29,P102,94
2024-09-29,P103,152
2024-09-29,P104,197
2024-09-29,P105,87
2024-09-29,P106,145
2024-09-29,P107,155
2024-09-29,P108,63
2024-09-29,P109,68
2024-09-29,P110,45
2024-09-29,P111,145
2024-09-29,P112,195
2024-09-29,P113,214
2024-09-29,P114,196
2024-09-29,P115,159
2024-09-29,P116,116
2024-09-29,P117,94
2024-09-29,P118,76
2024-09-29,P119,70
2024-09-29,P120,83
2024-09-29,P121,93
2024-09-29,P122,46
2024-09-29,P123,117
2024-09-29,P124,64
2024-09-29,P125,110
2024-09-29,P126,118
2024-09-29,P127,73
2024-09-29,P128,78
2024-09-29,P129,63
2024-09-29,P130,95
2024-09-30,P101,59
2024-09-30,P102,78
2024-09-30,P103,112
2024-09-30,P104,122
2024-09-30,P105,67
2024-09-30,P106,68
2024-09-30,P107,116
2024-09-30,P108,53
2024-09-30,P109,60
2024-09-30,P110,53
2024-09-30,P111,133
2024-09-30,P112,115
2024-09-30,P113,118
2024-09-30,P114,125
2024-09-30,P115,84
2024-09-30,P116,62
2024-09-30,P117,65
2024-09-30,P118,103
2024-09-30,P119,67
2024-09-30,P120,66
2024-09-30,P121,93
2024-09-30,P122,35
2024-09-30,P123,71
2024-09-30,P124,52
2024-09-30,P125,84
2024-09-30,P126,110
2024-09-30,P127,88
2024-09-30,P128,98
2024-09-30,P129,56
2024-09-30,P130,55
2024-10-01,P101,55
2024-10-01,P102,116
2024-10-01,P103,119
2024-10-01,P104,92
2024-10-01,P105,99
2024-10-01,P106,99
2024-10-01,P107,116
2024-10-01,P108,64
2024-10-01,P109,56
2024-10-01,P110,57
2024-10-01,P111,129
2024-10-01,P112,160
2024-10-01,P113,137
2024-10-01,P114,172
2024-10-01,P115,92
2024-10-01,P116,53
2024-10-01,P117,60
2024-10-01,P118,87
2024-10-01,P119,84
2024-10-01,P120,61
2024-10-01,P121,70
2024-10-01,P122,43
2024-10-01,P123,88
2024-10-01,P124,46
2024-10-01,P125,117
2024-10-01,P126,101
2024-10-01,P127,70
2024-10-01,P128,95
2024-10-01,P129,50
2024-10-01,P130,80
2024-10-02,P101,116
2024-10-02,P102,233
2024-10-02,P103,206
2024-10-02,P104,267
2024-10-02,P105,92
2024-10-02,P106,156
2024-10-02,P107,124
2024-10-02,P108,84
2024-10-02,P109,51
2024-10-02,P110,74
2024-10-02,P111,243
2024-10-02,P112,272
2024-10-02,P113,281
2024-10-02,P114,241
2024-10-02,P115,191
2024-10-02,P116,81
2024-10-02,P117,170
2024-10-02,P118,162
2024-10-02,P119,112
2024-10-02,P120,193
2024-10-02,P121,74
2024-10-02,P122,61
2024-10-02,P123,161
2024-10-02,P124,116
2024-10-02,P125,90
2024-10-02,P126,88
2024-10-02,P127,121
2024-10-02,P128,113
2024-10-02,P129,66
2024-10-02,P130,70
2024-10-03,P101,95
2024-10-03,P102,100
2024-10-03,P103,165
2024-10-03,P104,112
2024-10-03,P105,130
2024-10-03,P106,71
2024-10-03,P107,110
2024-10-03,P108,45
2024-10-03,P109,48
2024-10-03,P110,68
2024-10-03,P111,179
2024-10-03,P112,152
2024-10-03,P113,194
2024-10-03,P114,172
2024-10-03,P115,89
2024-10-03,P116,77
2024-10-03,P117,61
2024-10-03,P118,108
2024-10-03,P119,79
2024-10-03,P120,87
2024-10-03,P121,73
2024-10-03,P122,47
2024-10-03,P123,87
2024-10-03,P124,106
2024-10-03,P125,71
2024-10-03,P126,99
2024-10-03,P127,54
2024-10-03,P128,103
2024-10-03,P129,68
2024-10-03,P130,47
2024-10-04,P101,88
2024-10-04,P102,159
2024-10-04,P103,126
2024-10-04,P104,187
2024-10-04,P105,72
2024-10-04,P106,111
2024-10-04,P107,71
2024-10-04,P108,69
2024-10-04,P109,31
2024-10-04,P110,82
2024-10-04,P111,148
2024-10-04,P112,159
2024-10-04,P113,177
2024-10-04,P114,200
2024-10-04,P115,86
2024-10-04,P116,101
2024-10-04,P117,94
2024-10-04,P118,72
2024-10-04,P119,83
2024-10-04,P120,82
2024-10-04,P121,77
2024-10-04,P122,33
2024-10-04,P123,96
2024-10-04,P124,86
2024-10-04,P125,107
2024-10-04,P126,81
2024-10-04,P127,115
2024-10-04,P128,61
2024-10-04,P129,57
2024-10-04,P130,89
2024-10-05,P101,99
2024-10-05,P102,156
2024-10-05,P103,118
2024-10-05,P104,152
2024-10-05,P105,112
2024-10-05,P106,156
2024-10-05,P107,127
2024-10-05,P108,42
2024-10-05,P109,60
2024-10-05,P110,40
2024-10-05,P111,198
2024-10-05,P112,183
2024-10-05,P113,211
2024-10-05,P114,164
2024-10-05,P115,161
2024-10-05,P116,82
2024-10-05,P117,69
2024-10-05,P118,135
2024-10-05,P119,119
2024-10-05,P120,110
2024-10-05,P121,110
2024-10-05,P122,67
2024-10-05,P123,83
2024-10-05,P124,56
2024-10-05,P125,87
2024-10-05,P126,140
2024-10-05,P127,65
2024-10-05,P128,64
2024-10-05,P129,55
2024-10-05,P130,58
2024-10-06,P101,81
2024-10-06,P102,126
2024-10-06,P103,180
2024-10-06,P104,170
2024-10-06,P105,127
2024-10-06,P106,90
2024-10-06,P107,97
2024-10-06,P108,57
2024-10-06,P109,81
2024-10-06,P110,50
2024-10-06,P111,118
2024-10-06,P112,114
2024-10-06,P113,203
2024-10-06,P114,200
2024-10-06,P115,115
2024-10-06,P116,105
2024-10-06,P117,64
2024-10-06,P118,68
2024-10-06,P119,97
2024-10-06,P120,104
2024-10-06,P121,79
2024-10-06,P122,76
2024-10-06,P123,89
2024-10-06,P124,105
2024-10-06,P125,95
2024-10-06,P126,84
2024-10-06,P127,124
2024-10-06,P128,89
2024-10-06,P129,100
2024-10-06,P130,74
2024-10-07,P101,77
2024-10-07,P102,109
2024-10-07,P103,98
2024-10-07,P104,153
2024-10-07,P105,73
2024-10-07,P106,76
2024-10-07,P107,83
2024-10-07,P108,50
2024-10-07,P109,56
2024-10-07,P110,50
2024-10-07,P111,100
2024-10-07,P112,113
2024-10-07,P113,180
2024-10-07,P114,102
2024-10-07,P115,119
2024-10-07,P116,93
2024-10-07,P117,90
2024-10-07,P118,79
2024-10-07,P119,75
2024-10-07,P120,53
2024-10-07,P121,55
2024-10-07,P122,63
2024-10-07,P123,44
2024-10-07,P124,73
2024-10-07,P125,83
2024-10-07,P126,91
2024-10-07,P127,94
2024-10-07,P128,90
2024-10-07,P129,79
2024-10-07,P130,74
2024-10-08,P101,70
2024-10-08,P102,86
2024-10-08,P103,103
2024-10-08,P104,133
2024-10-08,P105,57
2024-10-08,P106,78
2024-10-08,P107,115
2024-10-08,P108,30
2024-10-08,P109,52
2024-10-08,P110,68
2024-10-08,P111,145
2024-10-08,P112,115
2024-10-08,P113,100
2024-10-08,P114,188
2024-10-08,P115,128
2024-10-08,P116,78
2024-10-08,P117,59
2024-10-08,P118,81
2024-10-08,P119,57
2024-10-08,P120,80
2024-10-08,P121,86
2024-10-08,P122,66
2024-10-08,P123,68
2024-10-08,P124,72
2024-10-08,P125,57
2024-10-08,P126,70
2024-10-08,P127,91
2024-10-08,P128,57
2024-10-08,P129,58
2024-10-08,P130,73
2024-10-09,P101,49
2024-10-09,P102,94
2024-10-09,P103,144
2024-10-09,P104,142
2024-10-09,P105,81
2024-10-09,P106,60
2024-10-09,P107,139
2024-10-09,P108,41
2024-10-09,P109,38
2024-10-09,P110,63
2024-10-09,P111,128
2024-10-09,P112,138
2024-10-09,P113,99
2024-10-09,P114,165
2024-10-09,P115,77
2024-10-09,P116,63
2024-10-09,P117,110
2024-10-09,P118,103
2024-10-09,P119,111
2024-10-09,P120,107
2024-10-09,P121,52
2024-10-09,P122,38
2024-10-09,P123,51
2024-10-09,P124,90
2024-10-09,P125,53
2024-10-09,P126,107
2024-10-09,P127,100
2024-10-09,P128,57
2024-10-09,P129,53
2024-10-09,P130,66
2024-10-10,P101,78
2024-10-10,P102,108
2024-10-10,P103,113
2024-10-10,P104,108
2024-10-10,P105,111
2024-10-10,P106,65
2024-10-10,P107,63
2024-10-10,P108,38
2024-10-10,P109,35
2024-10-10,P110,67
2024-10-10,P111,110
2024-10-10,P112,121
2024-10-10,P113,160
2024-10-10,P114,213
2024-10-10,P115,77
2024-10-10,P116,100
2024-10-10,P117,66
2024-10-10,P118,113
2024-10-10,P119,91
2024-10-10,P120,67
2024-10-10,P121,49
2024-10-10,P122,45
2024-10-10,P123,46
2024-10-10,P124,50
2024-10-10,P125,102
2024-10-10,P126,53
2024-10-10,P127,64
2024-10-10,P128,65
2024-10-10,P129,59
2024-10-10,P130,80
2024-10-11,P101,100
2024-10-11,P102,107
2024-10-11,P103,91
2024-10-11,P104,147
2024-10-11,P105,77
2024-10-11,P106,130
2024-10-11,P107,113
2024-10-11,P108,30
2024-10-11,P109,70
2024-10-11,P110,56
2024-10-11,P111,143
2024-10-11,P112,108
2024-10-11,P113,175
2024-10-11,P114,118
2024-10-11,P115,78
2024-10-11,P116,76
2024-10-11,P117,93
2024-10-11,P118,113
2024-10-11,P119,84
2024-10-11,P120,76
2024-10-11,P121,109
2024-10-11,P122,70
2024-10-11,P123,49
2024-10-11,P124,80
2024-10-11,P125,125
2024-10-11,P126,106
2024-10-11,P127,114
2024-10-11,P128,111
2024-10-11,P129,89
2024-10-11,P130,67
2024-10-12,P101,75
2024-10-12,P102,94
2024-10-12,P103,125
2024-10-12,P104,105
2024-10-12,P105,92
2024-10-12,P106,150
2024-10-12,P107,140
2024-10-12,P108,71
2024-10-12,P109,60
2024-10-12,P110,64
2024-10-12,P111,193
2024-10-12,P112,169
2024-10-12,P113,157
2024-10-12,P114,225
2024-10-12,P115,146
2024-10-12,P116,98
2024-10-12,P117,105
2024-10-12,P118,122
2024-10-12,P119,88
2024-10-12,P120,90
2024-10-12,P121,96
2024-10-12,P122,83
2024-10-12,P123,56
2024-10-12,P124,114
2024-10-12,P125,90
2024-10-12,P126,77
2024-10-12,P127,90
2024-10-12,P128,105
2024-10-12,P129,92
2024-10-12,P130,107
2024-10-13,P101,84
2024-10-13,P102,124
2024-10-13,P103,94
2024-10-13,P104,182
2024-10-13,P105,73
2024-10-13,P106,130
2024-10-13,P107,88
2024-10-13,P108,35
2024-10-13,P109,45
2024-10-13,P110,57
2024-10-13,P111,115
2024-10-13,P112,201
2024-10-13,P113,168
2024-10-13,P114,193
2024-10-13,P115,111
2024-10-13,P116,92
2024-10-13,P117,88
2024-10-13,P118,116
2024-10-13,P119,65
2024-10-13,P120,83
2024-10-13,P121,70
2024-10-13,P122,47
2024-10-13,P123,77
2024-10-13,P124,65
2024-10-13,P125,77
2024-10-13,P126,122
2024-10-13,P127,110
2024-10-13,P128,73
2024-10-13,P129,80
2024-10-13,P130,87
2024-10-14,P101,73
2024-10-14,P102,72
2024-10-14,P103,118
2024-10-14,P104,130
2024-10-14,P105,100
2024-10-14,P106,59
2024-10-14,P107,67
2024-10-14,P108,55
2024-10-14,P109,54
2024-10-14,P110,39
2024-10-14,P111,89
2024-10-14,P112,107
2024-10-14,P113,171
2024-10-14,P114,164
2024-10-14,P115,87
2024-10-14,P116,81
2024-10-14,P117,92
2024-10-14,P118,61
2024-10-14,P119,56
2024-10-14,P120,109
2024-10-14,P121,51
2024-10-14,P122,28
2024-10-14,P123,71
2024-10-14,P124,77
2024-10-14,P125,69
2024-10-14,P126,80
2024-10-14,P127,85
2024-10-14,P128,83
2024-10-14,P129,44
2024-10-14,P130,67
2024-10-15,P101,78
2024-10-15,P102,126
2024-10-15,P103,147
2024-10-15,P104,89
2024-10-15,P105,59
2024-10-15,P106,53
2024-10-15,P107,88
2024-10-15,P108,44
2024-10-15,P109,53
2024-10-15,P110,71
2024-10-15,P111,132
2024-10-15,P112,123
2024-10-15,P113,128
2024-10-15,P114,98
2024-10-15,P115,118
2024-10-15,P116,48
2024-10-15,P117,96
2024-10-15,P118,74
2024-10-15,P119,54
2024-10-15,P120,58
2024-10-15,P121,68
2024-10-15,P122,58
2024-10-15,P123,83
2024-10-15,P124,73
2024-10-15,P125,48
2024-10-15,P126,97
2024-10-15,P127,77
2024-10-15,P128,86
2024-10-15,P129,38
2024-10-15,P130,45
2024-10-16,P101,87
2024-10-16,P102,120
2024-10-16,P103,108
2024-10-16,P104,100
2024-10-16,P105,80
2024-10-16,P106,70
2024-10-16,P107,135
2024-10-16,P108,45
2024-10-16,P109,31
2024-10-16,P110,42
2024-10-16,P111,121
2024-10-16,P112,157
2024-10-16,P113,142
2024-10-16,P114,118
2024-10-16,P115,115
2024-10-16,P116,85
2024-10-16,P117,66
2024-10-16,P118,93
2024-10-16,P119,68
2024-10-16,P120,71
2024-10-16,P121,84
2024-10-16,P122,34
2024-10-16,P123,47
2024-10-16,P124,99
2024-10-16,P125,93
2024-10-16,P126,122
2024-10-16,P127,107
2024-10-16,P128,60
2024-10-16,P129,44
2024-10-16,P130,58
2024-10-17,P101,94
2024-10-17,P102,100
2024-10-17,P103,142
2024-10-17,P104,126
2024-10-17,P105,116
2024-10-17,P106,62
2024-10-17,P107,117
2024-10-17,P108,51
2024-10-17,P109,37
2024-10-17,P110,40
2024-10-17,P111,172
2024-10-17,P112,158
2024-10-17,P113,184
2024-10-17,P114,203
2024-10-17,P115,104
2024-10-17,P116,60
2024-10-17,P117,52
2024-10-17,P118,103
2024-10-17,P119,55
2024-10-17,P120,65
2024-10-17,P121,59
2024-10-17,P122,43
2024-10-17,P123,57
2024-10-17,P124,55
2024-10-17,P125,65
2024-10-17,P126,87
2024-10-17,P127,74
2024-10-17,P128,99
2024-10-17,P129,53
2024-10-17,P130,76
2024-10-18,P101,88
2024-10-18,P102,107
2024-10-18,P103,103
2024-10-18,P104,155
2024-10-18,P105,85
2024-10-18,P106,86
2024-10-18,P107,127
2024-10-18,P108,55
2024-10-18,P109,39
2024-10-18,P110,74
2024-10-18,P111,155
2024-10-18,P112,160
2024-10-18,P113,167
2024-10-18,P114,154
2024-10-18,P115,128
2024-10-18,P116,101
2024-10-18,P117,55
2024-10-18,P118,101
2024-10-18,P119,90
2024-10-18,P120,67
2024-10-18,P121,61
2024-10-18,P122,36
2024-10-18,P123,79
2024-10-18,P124,49
2024-10-18,P125,74
2024-10-18,P126,58
2024-10-18,P127,115
2024-10-18,P128,97
2024-10-18,P129,85
2024-10-18,P130,95
2024-10-19,P101,77
2024-10-19,P102,175
2024-10-19,P103,113
2024-10-19,P104,147
2024-10-19,P105,110
2024-10-19,P106,126
2024-10-19,P107,124
2024-10-19,P108,56
2024-10-19,P109,75
2024-10-19,P110,51
2024-10-19,P111,141
2024-10-19,P112,138
2024-10-19,P113,197
2024-10-19,P114,160
2024-10-19,P115,122
2024-10-19,P116,119
2024-10-19,P117,91
2024-10-19,P118,118
2024-10-19,P119,74
2024-10-19,P120,127
2024-10-19,P121,85
2024-10-19,P122,76
2024-10-19,P123,59
2024-10-19,P124,73
2024-10-19,P125,58
2024-10-19,P126,98
2024-10-19,P127,77
2024-10-19,P128,133
2024-10-19,P129,88
2024-10-19,P130,53
2024-10-20,P101,92
2024-10-20,P102,161
2024-10-20,P103,133
2024-10-20,P104,174
2024-10-20,P105,137
2024-10-20,P106,88
2024-10-20,P107,104
2024-10-20,P108,54
2024-10-20,P109,36
2024-10-20,P110,49
2024-10-20,P111,170
2024-10-20,P112,172
2024-10-20,P113,157
2024-10-20,P114,166
2024-10-20,P115,122
2024-10-20,P116,81
2024-10-20,P117,119
2024-10-20,P118,104
2024-10-20,P119,78
2024-10-20,P120,118
2024-10-20,P121,83
2024-10-20,P122,56
2024-10-20,P123,78
2024-10-20,P124,91
2024-10-20,P125,117
2024-10-20,P126,76
2024-10-20,P127,61
2024-10-20,P128,67
2024-10-20,P129,56
2024-10-20,P130,69
2024-10-21,P101,67
2024-10-21,P102,115
2024-10-21,P103,122
2024-10-21,P104,100
2024-10-21,P105,49
2024-10-21,P106,88
2024-10-21,P107,114
2024-10-21,P108,23
2024-10-21,P109,62
2024-10-21,P110,36
2024-10-21,P111,131
2024-10-21,P112,85
2024-10-21,P113,123
2024-10-21,P114,162
2024-10-21,P115,89
2024-10-21,P116,72
2024-10-21,P117,69
2024-10-21,P118,99
2024-10-21,P119,49
2024-10-21,P120,94
2024-10-21,P121,86
2024-10-21,P122,31
2024-10-21,P123,73
2024-10-21,P124,48
2024-10-21,P125,50
2024-10-21,P126,52
2024-10-21,P127,72
2024-10-21,P128,97
2024-10-21,P129,44
2024-10-21,P130,83
2024-10-22,P101,67
2024-10-22,P102,78
2024-10-22,P103,127
2024-10-22,P104,117
2024-10-22,P105,48
2024-10-22,P106,87
2024-10-22,P107,129
2024-10-22,P108,38
2024-10-22,P109,43
2024-10-22,P110,33
2024-10-22,P111,160
2024-10-22,P112,98
2024-10-22,P113,130
2024-10-22,P114,114
2024-10-22,P115,81
2024-10-22,P116,69
2024-10-22,P117,96
2024-10-22,P118,56
2024-10-22,P119,106
2024-10-22,P120,67
2024-10-22,P121,59
2024-10-22,P122,64
2024-10-22,P123,50
2024-10-22,P124,73
2024-10-22,P125,53
2024-10-22,P126,103
2024-10-22,P127,67
2024-10-22,P128,52
2024-10-22,P129,79
2024-10-22,P130,84
2024-10-23,P101,89
2024-10-23,P102,112
2024-10-23,P103,87
2024-10-23,P104,91
2024-10-23,P105,110
2024-10-23,P106,129
2024-10-23,P107,108
2024-10-23,P108,38
2024-10-23,P109,65
2024-10-23,P110,37
2024-10-23,P111,95
2024-10-23,P112,127
2024-10-23,P113,94
2024-10-23,P114,144
2024-10-23,P115,74
2024-10-23,P116,67
2024-10-23,P117,63
2024-10-23,P118,53
2024-10-23,P119,103
2024-10-23,P120,59
2024-10-23,P121,56
2024-10-23,P122,64
2024-10-23,P123,58
2024-10-23,P124,51
2024-10-23,P125,111
2024-10-23,P126,79
2024-10-23,P127,92
2024-10-23,P128,80
2024-10-23,P129,55
2024-10-23,P130,85
2024-10-24,P101,68
2024-10-24,P102,106
2024-10-24,P103,109
2024-10-24,P104,146
2024-10-24,P105,76
2024-10-24,P106,83
2024-10-24,P107,141
2024-10-24,P108,33
2024-10-24,P109,58
2024-10-24,P110,50
2024-10-24,P111,161
2024-10-24,P112,155
2024-10-24,P113,182
2024-10-24,P114,133
2024-10-24,P115,121
2024-10-24,P116,84
2024-10-24,P117,65
2024-10-24,P118,114
2024-10-24,P119,93
2024-10-24,P120,92
2024-10-24,P121,81
2024-10-24,P122,56
2024-10-24,P123,85
2024-10-24,P124,105
2024-10-24,P125,101
2024-10-24,P126,91
2024-10-24,P127,105
2024-10-24,P128,89
2024-10-24,P129,47
2024-10-24,P130,81
2024-10-25,P101,47
2024-10-25,P102,119
2024-10-25,P103,133
2024-10-25,P104,175
2024-10-25,P105,81
2024-10-25,P106,133
2024-10-25,P107,124
2024-10-25,P108,44
2024-10-25,P109,40
2024-10-25,P110,61
2024-10-25,P111,136
2024-10-25,P112,95
2024-10-25,P113,144
2024-10-25,P114,147
2024-10-25,P115,87
2024-10-25,P116,97
2024-10-25,P117,115
2024-10-25,P118,64
2024-10-25,P119,67
2024-10-25,P120,107
2024-10-25,P121,92
2024-10-25,P122,60
2024-10-25,P123,47
2024-10-25,P124,105
2024-10-25,P125,64
2024-10-25,P126,76
2024-10-25,P127,82
2024-10-25,P128,67
2024-10-25,P129,64
2024-10-25,P130,54
2024-10-26,P101,64
2024-10-26,P102,106
2024-10-26,P103,132
2024-10-26,P104,147
2024-10-26,P105,117
2024-10-26,P106,140
2024-10-26,P107,147
2024-10-26,P108,56
2024-10-26,P109,77
2024-10-26,P110,57
2024-10-26,P111,104
2024-10-26,P112,138
2024-10-26,P113,136
2024-10-26,P114,129
2024-10-26,P115,119
2024-10-26,P116,66
2024-10-26,P117,80
2024-10-26,P118,125
2024-10-26,P119,97
2024-10-26,P120,122
2024-10-26,P121,74
2024-10-26,P122,68
2024-10-26,P123,87
2024-10-26,P124,80
2024-10-26,P125,73
2024-10-26,P126,88
2024-10-26,P127,125
2024-10-26,P128,59
2024-10-26,P129,58
2024-10-26,P130,77
2024-10-27,P101,95
2024-10-27,P102,115
2024-10-27,P103,97
2024-10-27,P104,111
2024-10-27,P105,62
2024-10-27,P106,73
2024-10-27,P107,144
2024-10-27,P108,39
2024-10-27,P109,43
2024-10-27,P110,40
2024-10-27,P111,103
2024-10-27,P112,186
2024-10-27,P113,190
2024-10-27,P114,209
2024-10-27,P115,142
2024-10-27,P116,62
2024-10-27,P117,68
2024-10-27,P118,92
2024-10-27,P119,105
2024-10-27,P120,102
2024-10-27,P121,72
2024-10-27,P122,75
2024-10-27,P123,85
2024-10-27,P124,109
2024-10-27,P125,118
2024-10-27,P126,89
2024-10-27,P127,64
2024-10-27,P128,95
2024-10-27,P129,73
2024-10-27,P130,99
2024-10-28,P101,57
2024-10-28,P102,110
2024-10-28,P103,131
2024-10-28,P104,112
2024-10-28,P105,52
2024-10-28,P106,57
2024-10-28,P107,100
2024-10-28,P108,25
2024-10-28,P109,41
2024-10-28,P110,48
2024-10-28,P111,81
2024-10-28,P112,86
2024-10-28,P113,133
2024-10-28,P114,112
2024-10-28,P115,71
2024-10-28,P116,47
2024-10-28,P117,94
2024-10-28,P118,103
2024-10-28,P119,82
2024-10-28,P120,89
2024-10-28,P121,56
2024-10-28,P122,39
2024-10-28,P123,48
2024-10-28,P124,80
2024-10-28,P125,83
2024-10-28,P126,46
2024-10-28,P127,69
2024-10-28,P128,77
2024-10-28,P129,71
2024-10-28,P130,60
2024-10-29,P101,61
2024-10-29,P102,83
2024-10-29,P103,75
2024-10-29,P104,115
2024-10-29,P105,79
2024-10-29,P106,91
2024-10-29,P107,107
2024-10-29,P108,57
2024-10-29,P109,49
2024-10-29,P110,39
2024-10-29,P111,134
2024-10-29,P112,129
2024-10-29,P113,117
2024-10-29,P114,188
2024-10-29,P115,97
2024-10-29,P116,91
2024-10-29,P117,84
2024-10-29,P118,57
2024-10-29,P119,57
2024-10-29,P120,101
2024-10-29,P121,73
2024-10-29,P122,53
2024-10-29,P123,74
2024-10-29,P124,81
2024-10-29,P125,89
2024-10-29,P126,80
2024-10-29,P127,59
2024-10-29,P128,65
2024-10-29,P129,47
2024-10-29,P130,60
2024-10-30,P101,66
2024-10-30,P102,95
2024-10-30,P103,136
2024-10-30,P104,121
2024-10-30,P105,83
2024-10-30,P106,60
2024-10-30,P107,126
2024-10-30,P108,33
2024-10-30,P109,57
2024-10-30,P110,58
2024-10-30,P111,158
2024-10-30,P112,125
2024-10-30,P113,95
2024-10-30,P114,142
2024-10-30,P115,120
2024-10-30,P116,95
2024-10-30,P117,62
2024-10-30,P118,59
2024-10-30,P119,104
2024-10-30,P120,66
2024-10-30,P121,59
2024-10-30,P122,51
2024-10-30,P123,62
2024-10-30,P124,51
2024-10-30,P125,100
2024-10-30,P126,102
2024-10-30,P127,60
2024-10-30,P128,95
2024-10-30,P129,80
2024-10-30,P130,75
2024-10-31,P101,49
2024-10-31,P102,113
2024-10-31,P103,148
2024-10-31,P104,98
2024-10-31,P105,98
2024-10-31,P106,115
2024-10-31,P107,88
2024-10-31,P108,48
2024-10-31,P109,35
2024-10-31,P110,64
2024-10-31,P111,159
2024-10-31,P112,138
2024-10-31,P113,139
2024-10-31,P114,112
2024-10-31,P115,91
2024-10-31,P116,50
2024-10-31,P117,52
2024-10-31,P118,91
2024-10-31,P119,93
2024-10-31,P120,111
2024-10-31,P121,49
2024-10-31,P122,64
2024-10-31,P123,92
2024-10-31,P124,96
2024-10-31,P125,77
2024-10-31,P126,96
2024-10-31,P127,66
2024-10-31,P128,68
2024-10-31,P129,40
2024-10-31,P130,77
2024-11-01,P101,84
2024-11-01,P102,78
2024-11-01,P103,134
2024-11-01,P104,128
2024-11-01,P105,106
2024-11-01,P106,125
2024-11-01,P107,100
2024-11-01,P108,55
2024-11-01,P109,55
2024-11-01,P110,67
2024-11-01,P111,130
2024-11-01,P112,133
2024-11-01,P113,114
2024-11-01,P114,194
2024-11-01,P115,129
2024-11-01,P116,99
2024-11-01,P117,79
2024-11-01,P118,94
2024-11-01,P119,72
2024-11-01,P120,103
2024-11-01,P121,63
2024-11-01,P122,58
2024-11-01,P123,86
2024-11-01,P124,60
2024-11-01,P125,77
2024-11-01,P126,87
2024-11-01,P127,88
2024-11-01,P128,100
2024-11-01,P129,75
2024-11-01,P130,66
2024-11-02,P101,61
2024-11-02,P102,129
2024-11-02,P103,181
2024-11-02,P104,147
2024-11-02,P105,78
2024-11-02,P106,132
2024-11-02,P107,158
2024-11-02,P108,59
2024-11-02,P109,37
2024-11-02,P110,72
2024-11-02,P111,145
2024-11-02,P112,115
2024-11-02,P113,114
2024-11-02,P114,170
2024-11-02,P115,98
2024-11-02,P116,73
2024-11-02,P117,84
2024-11-02,P118,67
2024-11-02,P119,75
2024-11-02,P120,70
2024-11-02,P121,51
2024-11-02,P122,35
2024-11-02,P123,86
2024-11-02,P124,110
2024-11-02,P125,57
2024-11-02,P126,134
2024-11-02,P127,80
2024-11-02,P128,83
2024-11-02,P129,64
2024-11-02,P130,96
2024-11-03,P101,65
2024-11-03,P102,142
2024-11-03,P103,102
2024-11-03,P104,107
2024-11-03,P105,69
2024-11-03,P106,108
2024-11-03,P107,139
2024-11-03,P108,32
2024-11-03,P109,74
2024-11-03,P110,45
2024-11-03,P111,117
2024-11-03,P112,98
2024-11-03,P113,174
2024-11-03,P114,186
2024-11-03,P115,76
2024-11-03,P116,79
2024-11-03,P117,94
2024-11-03,P118,110
2024-11-03,P119,61
2024-11-03,P120,127
2024-11-03,P121,94
2024-11-03,P122,46
2024-11-03,P123,80
2024-11-03,P124,89
2024-11-03,P125,56
2024-11-03,P126,59
2024-11-03,P127,108
2024-11-03,P128,85
2024-11-03,P129,72
2024-11-03,P130,74
2024-11-04,P101,61
2024-11-04,P102,106
2024-11-04,P103,84
2024-11-04,P104,130
2024-11-04,P105,50
2024-11-04,P106,106
2024-11-04,P107,66
2024-11-04,P108,53
2024-11-04,P109,26
2024-11-04,P110,31
2024-11-04,P111,80
2024-11-04,P112,151
2024-11-04,P113,156
2024-11-04,P114,110
2024-11-04,P115,114
2024-11-04,P116,58
2024-11-04,P117,73
2024-11-04,P118,48
2024-11-04,P119,78
2024-11-04,P120,51
2024-11-04,P121,52
2024-11-04,P122,58
2024-11-04,P123,67
2024-11-04,P124,79
2024-11-04,P125,73
2024-11-04,P126,92
2024-11-04,P127,49
2024-11-04,P128,84
2024-11-04,P129,54
2024-11-04,P130,76
2024-11-05,P101,68
2024-11-05,P102,134
2024-11-05,P103,105
2024-11-05,P104,106
2024-11-05,P105,46
2024-11-05,P106,105
2024-11-05,P107,76
2024-11-05,P108,32
2024-11-05,P109,37
2024-11-05,P110,29
2024-11-05,P111,108
2024-11-05,P112,134
2024-11-05,P113,155
2024-11-05,P114,103
2024-11-05,P115,84
2024-11-05,P116,46
2024-11-05,P117,67
2024-11-05,P118,94
2024-11-05,P119,91
2024-11-05,P120,49
2024-11-05,P121,62
2024-11-05,P122,49
2024-11-05,P123,59
2024-11-05,P124,98
2024-11-05,P125,60
2024-11-05,P126,79
2024-11-05,P127,97
2024-11-05,P128,92
2024-11-05,P129,68
2024-11-05,P130,80
2024-11-06,P101,81
2024-11-06,P102,98
2024-11-06,P103,92
2024-11-06,P104,155
2024-11-06,P105,54
2024-11-06,P106,119
2024-11-06,P107,125
2024-11-06,P108,48
2024-11-06,P109,41
2024-11-06,P110,50
2024-11-06,P111,148
2024-11-06,P112,130
2024-11-06,P113,165
2024-11-06,P114,145
2024-11-06,P115,116
2024-11-06,P116,72
2024-11-06,P117,63
2024-11-06,P118,61
2024-11-06,P119,103
2024-11-06,P120,58
2024-11-06,P121,78
2024-11-06,P122,62
2024-11-06,P123,48
2024-11-06,P124,49
2024-11-06,P125,110
2024-11-06,P126,58
2024-11-06,P127,81
2024-11-06,P128,89
2024-11-06,P129,54
2024-11-06,P130,44
2024-11-07,P101,81
2024-11-07,P102,101
2024-11-07,P103,83
2024-11-07,P104,124
2024-11-07,P105,67
2024-11-07,P106,120
2024-11-07,P107,95
2024-11-07,P108,59
2024-11-07,P109,61
2024-11-07,P110,33
2024-11-07,P111,143
2024-11-07,P112,142
2024-11-07,P113,136
2024-11-07,P114,137
2024-11-07,P115,74
2024-11-07,P116,57
2024-11-07,P117,52
2024-11-07,P118,66
2024-11-07,P119,58
2024-11-07,P120,69
2024-11-07,P121,44
2024-11-07,P122,65
2024-11-07,P123,41
2024-11-07,P124,82
2024-11-07,P125,111
2024-11-07,P126,51
2024-11-07,P127,80
2024-11-07,P128,107
2024-11-07,P129,41
2024-11-07,P130,86
2024-11-08,P101,79
2024-11-08,P102,107
2024-11-08,P103,133
2024-11-08,P104,105
2024-11-08,P105,78
2024-11-08,P106,80
2024-11-08,P107,85
2024-11-08,P108,35
2024-11-08,P109,32
2024-11-08,P110,45
2024-11-08,P111,148
2024-11-08,P112,139
2024-11-08,P113,184
2024-11-08,P114,163
2024-11-08,P115,87
2024-11-08,P116,60
2024-11-08,P117,108
2024-11-08,P118,118
2024-11-08,P119,107
2024-11-08,P120,117
2024-11-08,P121,50
2024-11-08,P122,65
2024-11-08,P123,81
2024-11-08,P124,87
2024-11-08,P125,107
2024-11-08,P126,53
2024-11-08,P127,83
2024-11-08,P128,84
2024-11-08,P129,76
2024-11-08,P130,67
2024-11-09,P101,83
2024-11-09,P102,163
2024-11-09,P103,140
2024-11-09,P104,102
2024-11-09,P105,129
2024-11-09,P106,78
2024-11-09,P107,66
2024-11-09,P108,70
2024-11-09,P109,48
2024-11-09,P110,62
2024-11-09,P111,129
2024-11-09,P112,188
2024-11-09,P113,156
2024-11-09,P114,147
2024-11-09,P115,138
2024-11-09,P116,78
2024-11-09,P117,112
2024-11-09,P118,79
2024-11-09,P119,105
2024-11-09,P120,121
2024-11-09,P121,88
2024-11-09,P122,71
2024-11-09,P123,112
2024-11-09,P124,98
2024-11-09,P125,130
2024-11-09,P126,70
2024-11-09,P127,97
2024-11-09,P128,127
2024-11-09,P129,64
2024-11-09,P130,76
2024-11-10,P101,60
2024-11-10,P102,131
2024-11-10,P103,160
2024-11-10,P104,120
2024-11-10,P105,64
2024-11-10,P106,98
2024-11-10,P107,141
2024-11-10,P108,33
2024-11-10,P109,38
2024-11-10,P110,46
2024-11-10,P111,164
2024-11-10,P112,170
2024-11-10,P113,194
2024-11-10,P114,195
2024-11-10,P115,101
2024-11-10,P116,50
2024-11-10,P117,90
2024-11-10,P118,105
2024-11-10,P119,70
2024-11-10,P120,123
2024-11-10,P121,99
2024-11-10,P122,55
2024-11-10,P123,100
2024-11-10,P124,95
2024-11-10,P125,113
2024-11-10,P126,59
2024-11-10,P127,87
2024-11-10,P128,57
2024-11-10,P129,46
2024-11-10,P130,79
2024-11-11,P101,98
2024-11-11,P102,157
2024-11-11,P103,124
2024-11-11,P104,170
2024-11-11,P105,92
2024-11-11,P106,132
2024-11-11,P107,64
2024-11-11,P108,30
2024-11-11,P109,70
2024-11-11,P110,41
2024-11-11,P111,167
2024-11-11,P112,147
2024-11-11,P113,136
2024-11-11,P114,225
2024-11-11,P115,87
2024-11-11,P116,83
2024-11-11,P117,67
2024-11-11,P118,80
2024-11-11,P119,63
2024-11-11,P120,106
2024-11-11,P121,100
2024-11-11,P122,75
2024-11-11,P123,104
2024-11-11,P124,120
2024-11-11,P125,104
2024-11-11,P126,97
2024-11-11,P127,68
2024-11-11,P128,110
2024-11-11,P129,59
2024-11-11,P130,95
2024-11-12,P101,50
2024-11-12,P102,125
2024-11-12,P103,129
2024-11-12,P104,95
2024-11-12,P105,72
2024-11-12,P106,64
2024-11-12,P107,70
2024-11-12,P108,52
2024-11-12,P109,41
2024-11-12,P110,45
2024-11-12,P111,129
2024-11-12,P112,105
2024-11-12,P113,126
2024-11-12,P114,176
2024-11-12,P115,80
2024-11-12,P116,80
2024-11-12,P117,68
2024-11-12,P118,98
2024-11-12,P119,101
2024-11-12,P120,79
2024-11-12,P121,66
2024-11-12,P122,54
2024-11-12,P123,81
2024-11-12,P124,51
2024-11-12,P125,95
2024-11-12,P126,75
2024-11-12,P127,55
2024-11-12,P128,66
2024-11-12,P129,50
2024-11-12,P130,48
2024-11-13,P101,38
2024-11-13,P102,120
2024-11-13,P103,125
2024-11-13,P104,90
2024-11-13,P105,102
2024-11-13,P106,82
2024-11-13,P107,71
2024-11-13,P108,54
2024-11-13,P109,35
2024-11-13,P110,59
2024-11-13,P111,126
2024-11-13,P112,116
2024-11-13,P113,155
2024-11-13,P114,120
2024-11-13,P115,108
2024-11-13,P116,45
2024-11-13,P117,74
2024-11-13,P118,69
2024-11-13,P119,91
2024-11-13,P120,100
2024-11-13,P121,60
2024-11-13,P122,61
2024-11-13,P123,41
2024-11-13,P124,84
2024-11-13,P125,57
2024-11-13,P126,47
2024-11-13,P127,93
2024-11-13,P128,68
2024-11-13,P129,74
2024-11-13,P130,77
2024-11-14,P101,52
2024-11-14,P102,122
2024-11-14,P103,93
2024-11-14,P104,124
2024-11-14,P105,68
2024-11-14,P106,109
2024-11-14,P107,123
2024-11-14,P108,51
2024-11-14,P109,56
2024-11-14,P110,32
2024-11-14,P111,105
2024-11-14,P112,131
2024-11-14,P113,96
2024-11-14,P114,156
2024-11-14,P115,117
2024-11-14,P116,73
2024-11-14,P117,49
2024-11-14,P118,55
2024-11-14,P119,64
2024-11-14,P120,71
2024-11-14,P121,86
2024-11-14,P122,48
2024-11-14,P123,41
2024-11-14,P124,63
2024-11-14,P125,99
2024-11-14,P126,87
2024-11-14,P127,63
2024-11-14,P128,77
2024-11-14,P129,47
2024-11-14,P130,66
2024-11-15,P101,74
2024-11-15,P102,98
2024-11-15,P103,112
2024-11-15,P104,89
2024-11-15,P105,108
2024-11-15,P106,127
2024-11-15,P107,105
2024-11-15,P108,39
2024-11-15,P109,59
2024-11-15,P110,65
2024-11-15,P111,101
2024-11-15,P112,169
2024-11-15,P113,149
2024-11-15,P114,120
2024-11-15,P115,101
2024-11-15,P116,93
2024-11-15,P117,49
2024-11-15,P118,105
2024-11-15,P119,66
2024-11-15,P120,98
2024-11-15,P121,73
2024-11-15,P122,42
2024-11-15,P123,46
2024-11-15,P124,107
2024-11-15,P125,93
2024-11-15,P126,59
2024-11-15,P127,83
2024-11-15,P128,97
2024-11-15,P129,53
2024-11-15,P130,76
2024-11-16,P101,80
2024-11-16,P102,105
2024-11-16,P103,130
2024-11-16,P104,176
2024-11-16,P105,89
2024-11-16,P106,119
2024-11-16,P107,126
2024-11-16,P108,39
2024-11-16,P109,49
2024-11-16,P110,70
2024-11-16,P111,123
2024-11-16,P112,120
2024-11-16,P113,178
2024-11-16,P114,145
2024-11-16,P115,137
2024-11-16,P116,57
2024-11-16,P117,74
2024-11-16,P118,117
2024-11-16,P119,96
2024-11-16,P120,73
2024-11-16,P121,67
2024-11-16,P122,41
2024-11-16,P123,107
2024-11-16,P124,118
2024-11-16,P125,110
2024-11-16,P126,90
2024-11-16,P127,60
2024-11-16,P128,62
2024-11-16,P129,47
2024-11-16,P130,59
2024-11-17,P101,93
2024-11-17,P102,105
2024-11-17,P103,157
2024-11-17,P104,104
2024-11-17,P105,60
2024-11-17,P106,85
2024-11-17,P107,112
2024-11-17,P108,45
2024-11-17,P109,29
2024-11-17,P110,68
2024-11-17,P111,107
2024-11-17,P112,111
2024-11-17,P113,113
2024-11-17,P114,118
2024-11-17,P115,77
2024-11-17,P116,103
2024-11-17,P117,112
2024-11-17,P118,121
2024-11-17,P119,86
2024-11-17,P120,122
2024-11-17,P121,73
2024-11-17,P122,66
2024-11-17,P123,59
2024-11-17,P124,109
2024-11-17,P125,107
2024-11-17,P126,103
2024-11-17,P127,109
2024-11-17,P128,72
2024-11-17,P129,78
2024-11-17,P130,82
2024-11-18,P101,77
2024-11-18,P102,88
2024-11-18,P103,118
2024-11-18,P104,85
2024-11-18,P105,77
2024-11-18,P106,67
2024-11-18,P107,84
2024-11-18,P108,35
2024-11-18,P109,29
2024-11-18,P110,44
2024-11-18,P111,97
2024-11-18,P112,117
2024-11-18,P113,150
2024-11-18,P114,125
2024-11-18,P115,102
2024-11-18,P116,76
2024-11-18,P117,92
2024-11-18,P118,93
2024-11-18,P119,66
2024-11-18,P120,79
2024-11-18,P121,73
2024-11-18,P122,29
2024-11-18,P123,58
2024-11-18,P124,48
2024-11-18,P125,71
2024-11-18,P126,49
2024-11-18,P127,50
2024-11-18,P128,57
2024-11-18,P129,50
2024-11-18,P130,58
2024-11-19,P101,48
2024-11-19,P102,83
2024-11-19,P103,118
2024-11-19,P104,141
2024-11-19,P105,71
2024-11-19,P106,47
2024-11-19,P107,105
2024-11-19,P108,43
2024-11-19,P109,35
2024-11-19,P110,37
2024-11-19,P111,83
2024-11-19,P112,122
2024-11-19,P113,95
2024-11-19,P114,156
2024-11-19,P115,64
2024-11-19,P116,73
2024-11-19,P117,49
2024-11-19,P118,75
2024-11-19,P119,61
2024-11-19,P120,53
2024-11-19,P121,39
2024-11-19,P122,43
2024-11-19,P123,83
2024-11-19,P124,73
2024-11-19,P125,59
2024-11-19,P126,93
2024-11-19,P127,63
2024-11-19,P128,70
2024-11-19,P129,71
2024-11-19,P130,44
2024-11-20,P101,44
2024-11-20,P102,77
2024-11-20,P103,98
2024-11-20,P104,141
2024-11-20,P105,101
2024-11-20,P106,74
2024-11-20,P107,87
2024-11-20,P108,35
2024-11-20,P109,32
2024-11-20,P110,59
2024-11-20,P111,121
2024-11-20,P112,92
2024-11-20,P113,96
2024-11-20,P114,159
2024-11-20,P115,64
2024-11-20,P116,45
2024-11-20,P117,49
2024-11-20,P118,100
2024-11-20,P119,54
2024-11-20,P120,85
2024-11-20,P121,54
2024-11-20,P122,27
2024-11-20,P123,83
2024-11-20,P124,52
2024-11-20,P125,69
2024-11-20,P126,76
2024-11-20,P127,47
2024-11-20,P128,68
2024-11-20,P129,57
2024-11-20,P130,76
2024-11-21,P101,77
2024-11-21,P102,85
2024-11-21,P103,125
2024-11-21,P104,148
2024-11-21,P105,49
2024-11-21,P106,102
2024-11-21,P107,82
2024-11-21,P108,47
2024-11-21,P109,36
2024-11-21,P110,31
2024-11-21,P111,129
2024-11-21,P112,111
2024-11-21,P113,144
2024-11-21,P114,141
2024-11-21,P115,104
2024-11-21,P116,71
2024-11-21,P117,91
2024-11-21,P118,90
2024-11-21,P119,59
2024-11-21,P120,107
2024-11-21,P121,54
2024-11-21,P122,43
2024-11-21,P123,49
2024-11-21,P124,72
2024-11-21,P125,108
2024-11-21,P126,48
2024-11-21,P127,61
2024-11-21,P128,50
2024-11-21,P129,52
2024-11-21,P130,49
2024-11-22,P101,72
2024-11-22,P102,107
2024-11-22,P103,87
2024-11-22,P104,104
2024-11-22,P105,93
2024-11-22,P106,79
2024-11-22,P107,108
2024-11-22,P108,51
2024-11-22,P109,42
2024-11-22,P110,56
2024-11-22,P111,114
2024-11-22,P112,166
2024-11-22,P113,138
2024-11-22,P114,163
2024-11-22,P115,132
2024-11-22,P116,82
2024-11-22,P117,52
2024-11-22,P118,107
2024-11-22,P119,88
2024-11-22,P120,54
2024-11-22,P121,87
2024-11-22,P122,40
2024-11-22,P123,79
2024-11-22,P124,100
2024-11-22,P125,114
2024-11-22,P126,50
2024-11-22,P127,78
2024-11-22,P128,72
2024-11-22,P129,83
2024-11-22,P130,77
2024-11-23,P101,76
2024-11-23,P102,104
2024-11-23,P103,102
2024-11-23,P104,177
2024-11-23,P105,75
2024-11-23,P106,137
2024-11-23,P107,76
2024-11-23,P108,62
2024-11-23,P109,57
2024-11-23,P110,40
2024-11-23,P111,164
2024-11-23,P112,173
2024-11-23,P113,149
2024-11-23,P114,216
2024-11-23,P115,98
2024-11-23,P116,69
2024-11-23,P117,86
2024-11-23,P118,66
2024-11-23,P119,90
2024-11-23,P120,116
2024-11-23,P121,71
2024-11-23,P122,35
2024-11-23,P123,63
2024-11-23,P124,80
2024-11-23,P125,92
2024-11-23,P126,66
2024-11-23,P127,80
2024-11-23,P128,87
2024-11-23,P129,56
2024-11-23,P130,77
2024-11-24,P101,61
2024-11-24,P102,110
2024-11-24,P103,119
2024-11-24,P104,166
2024-11-24,P105,54
2024-11-24,P106,87
2024-11-24,P107,83
2024-11-24,P108,32
2024-11-24,P109,56
2024-11-24,P110,42
2024-11-24,P111,139
2024-11-24,P112,122
2024-11-24,P113,196
2024-11-24,P114,122
2024-11-24,P115,85
2024-11-24,P116,94
2024-11-24,P117,76
2024-11-24,P118,79
2024-11-24,P119,79
2024-11-24,P120,85
2024-11-24,P121,89
2024-11-24,P122,64
2024-11-24,P123,46
2024-11-24,P124,77
2024-11-24,P125,77
2024-11-24,P126,99
2024-11-24,P127,105
2024-11-24,P128,64
2024-11-24,P129,75
2024-11-24,P130,84
2024-11-25,P101,44
2024-11-25,P102,94
2024-11-25,P103,119
2024-11-25,P104,114
2024-11-25,P105,97
2024-11-25,P106,70
2024-11-25,P107,90
2024-11-25,P108,23
2024-11-25,P109,57
2024-11-25,P110,59
2024-11-25,P111,101
2024-11-25,P112,76
2024-11-25,P113,139
2024-11-25,P114,117
2024-11-25,P115,99
2024-11-25,P116,82
2024-11-25,P117,76
2024-11-25,P118,87
2024-11-25,P119,56
2024-11-25,P120,78
2024-11-25,P121,54
2024-11-25,P122,29
2024-11-25,P123,79
2024-11-25,P124,69
2024-11-25,P125,57
2024-11-25,P126,55
2024-11-25,P127,89
2024-11-25,P128,63
2024-11-25,P129,49
2024-11-25,P130,48
2024-11-26,P101,63
2024-11-26,P102,88
2024-11-26,P103,112
2024-11-26,P104,123
2024-11-26,P105,74
2024-11-26,P106,56
2024-11-26,P107,118
2024-11-26,P108,27
2024-11-26,P109,26
2024-11-26,P110,53
2024-11-26,P111,102
2024-11-26,P112,136
2024-11-26,P113,108
2024-11-26,P114,173
2024-11-26,P115,60
2024-11-26,P116,75
2024-11-26,P117,60
2024-11-26,P118,92
2024-11-26,P119,83
2024-11-26,P120,96
2024-11-26,P121,48
2024-11-26,P122,49
2024-11-26,P123,69
2024-11-26,P124,63
2024-11-26,P125,100
2024-11-26,P126,107
2024-11-26,P127,65
2024-11-26,P128,55
2024-11-26,P129,53
2024-11-26,P130,66
2024-11-27,P101,34
2024-11-27,P102,116
2024-11-27,P103,94
2024-11-27,P104,85
2024-11-27,P105,86
2024-11-27,P106,56
2024-11-27,P107,122
2024-11-27,P108,32
2024-11-27,P109,47
2024-11-27,P110,59
2024-11-27,P111,140
2024-11-27,P112,131
2024-11-27,P113,167
2024-11-27,P114,143
2024-11-27,P115,113
2024-11-27,P116,46
2024-11-27,P117,62
2024-11-27,P118,101
2024-11-27,P119,89
2024-11-27,P120,69
2024-11-27,P121,43
2024-11-27,P122,56
2024-11-27,P123,82
2024-11-27,P124,86
2024-11-27,P125,64
2024-11-27,P126,80
2024-11-27,P127,72
2024-11-27,P128,81
2024-11-27,P129,34
2024-11-27,P130,44
2024-11-28,P101,81
2024-11-28,P102,80
2024-11-28,P103,121
2024-11-28,P104,95
2024-11-28,P105,54
2024-11-28,P106,84
2024-11-28,P107,116
2024-11-28,P108,49
2024-11-28,P109,31
2024-11-28,P110,58
2024-11-28,P111,152
2024-11-28,P112,123
2024-11-28,P113,167
2024-11-28,P114,109
2024-11-28,P115,64
2024-11-28,P116,78
2024-11-28,P117,47
2024-11-28,P118,92
2024-11-28,P119,86
2024-11-28,P120,99
2024-11-28,P121,80
2024-11-28,P122,31
2024-11-28,P123,60
2024-11-28,P124,84
2024-11-28,P125,46
2024-11-28,P126,47
2024-11-28,P127,49
2024-11-28,P128,106
2024-11-28,P129,77
2024-11-28,P130,75
2024-11-29,P101,79
2024-11-29,P102,130
2024-11-29,P103,83
2024-11-29,P104,126
2024-11-29,P105,118
2024-11-29,P106,67
2024-11-29,P107,114
2024-11-29,P108,40
2024-11-29,P109,33
2024-11-29,P110,60
2024-11-29,P111,122
2024-11-29,P112,158
2024-11-29,P113,148
2024-11-29,P114,190
2024-11-29,P115,80
2024-11-29,P116,73
2024-11-29,P117,97
2024-11-29,P118,69
2024-11-29,P119,97
2024-11-29,P120,102
2024-11-29,P121,64
2024-11-29,P122,48
2024-11-29,P123,43
2024-11-29,P124,100
2024-11-29,P125,113
2024-11-29,P126,61
2024-11-29,P127,101
2024-11-29,P128,101
2024-11-29,P129,82
2024-11-29,P130,61
2024-11-30,P101,65
2024-11-30,P102,157
2024-11-30,P103,130
2024-11-30,P104,100
2024-11-30,P105,62
2024-11-30,P106,86
2024-11-30,P107,138
2024-11-30,P108,45
2024-11-30,P109,35
2024-11-30,P110,66
2024-11-30,P111,91
2024-11-30,P112,100
2024-11-30,P113,108
2024-11-30,P114,187
2024-11-30,P115,106
2024-11-30,P116,77
2024-11-30,P117,85
2024-11-30,P118,76
2024-11-30,P119,83
2024-11-30,P120,98
2024-11-30,P121,60
2024-11-30,P122,32
2024-11-30,P123,102
2024-11-30,P124,110
2024-11-30,P125,91
2024-11-30,P126,126
2024-11-30,P127,54
2024-11-30,P128,122
2024-11-30,P129,67
2024-11-30,P130,86
2024-12-01,P101,43
2024-12-01,P102,121
2024-12-01,P103,103
2024-12-01,P104,134
2024-12-01,P105,122
2024-12-01,P106,121
2024-12-01,P107,120
2024-12-01,P108,52
2024-12-01,P109,46
2024-12-01,P110,44
2024-12-01,P111,125
2024-12-01,P112,152
2024-12-01,P113,153
2024-12-01,P114,126
2024-12-01,P115,131
2024-12-01,P116,52
2024-12-01,P117,74
2024-12-01,P118,82
2024-12-01,P119,80
2024-12-01,P120,99
2024-12-01,P121,101
2024-12-01,P122,48
2024-12-01,P123,56
2024-12-01,P124,94
2024-12-01,P125,59
2024-12-01,P126,68
2024-12-01,P127,60
2024-12-01,P128,92
2024-12-01,P129,51
2024-12-01,P130,70
2024-12-02,P101,58
2024-12-02,P102,117
2024-12-02,P103,82
2024-12-02,P104,75
2024-12-02,P105,81
2024-12-02,P106,95
2024-12-02,P107,107
2024-12-02,P108,36
2024-12-02,P109,31
2024-12-02,P110,27
2024-12-02,P111,86
2024-12-02,P112,77
2024-12-02,P113,131
2024-12-02,P114,124
2024-12-02,P115,59
2024-12-02,P116,67
2024-12-02,P117,54
2024-12-02,P118,94
2024-12-02,P119,84
2024-12-02,P120,68
2024-12-02,P121,55
2024-12-02,P122,27
2024-12-02,P123,67
2024-12-02,P124,88
2024-12-02,P125,89
2024-12-02,P126,50
2024-12-02,P127,64
2024-12-02,P128,62
2024-12-02,P129,43
2024-12-02,P130,48
2024-12-03,P101,51
2024-12-03,P102,70
2024-12-03,P103,125
2024-12-03,P104,109
2024-12-03,P105,99
2024-12-03,P106,72
2024-12-03,P107,77
2024-12-03,P108,46
2024-12-03,P109,28
2024-12-03,P110,52
2024-12-03,P111,108
2024-12-03,P112,146
2024-12-03,P113,92
2024-12-03,P114,111
2024-12-03,P115,59
2024-12-03,P116,84
2024-12-03,P117,62
2024-12-03,P118,68
2024-12-03,P119,81
2024-12-03,P120,96
2024-12-03,P121,54
2024-12-03,P122,33
2024-12-03,P123,82
2024-12-03,P124,63
2024-12-03,P125,54
2024-12-03,P126,56
2024-12-03,P127,76
2024-12-03,P128,72
2024-12-03,P129,36
2024-12-03,P130,63
2024-12-04,P101,57
2024-12-04,P102,71
2024-12-04,P103,126
2024-12-04,P104,91
2024-12-04,P105,101
2024-12-04,P106,55
2024-12-04,P107,122
2024-12-04,P108,27
2024-12-04,P109,37
2024-12-04,P110,61
2024-12-04,P111,83
2024-12-04,P112,107
2024-12-04,P113,110
2024-12-04,P114,127
2024-12-04,P115,89
2024-12-04,P116,67
2024-12-04,P117,48
2024-12-04,P118,68
2024-12-04,P119,55
2024-12-04,P120,71
2024-12-04,P121,55
2024-12-04,P122,53
2024-12-04,P123,75
2024-12-04,P124,87
2024-12-04,P125,69
2024-12-04,P126,84
2024-12-04,P127,65
2024-12-04,P128,98
2024-12-04,P129,67
2024-12-04,P130,48
2024-12-05,P101,69
2024-12-05,P102,99
2024-12-05,P103,89
2024-12-05,P104,111
2024-12-05,P105,93
2024-12-05,P106,55
2024-12-05,P107,86
2024-12-05,P108,24
2024-12-05,P109,32
2024-12-05,P110,68
2024-12-05,P111,94
2024-12-05,P112,107
2024-12-05,P113,126
2024-12-05,P114,168
2024-12-05,P115,88
2024-12-05,P116,51
2024-12-05,P117,82
2024-12-05,P118,107
2024-12-05,P119,61
2024-12-05,P120,97
2024-12-05,P121,78
2024-12-05,P122,62
2024-12-05,P123,56
2024-12-05,P124,92
2024-12-05,P125,49
2024-12-05,P126,58
2024-12-05,P127,87
2024-12-05,P128,80
2024-12-05,P129,51
2024-12-05,P130,66
2024-12-06,P101,53
2024-12-06,P102,86
2024-12-06,P103,87
2024-12-06,P104,124
2024-12-06,P105,105
2024-12-06,P106,58
2024-12-06,P107,132
2024-12-06,P108,29
2024-12-06,P109,64
2024-12-06,P110,49
2024-12-06,P111,162
2024-12-06,P112,160
2024-12-06,P113,140
2024-12-06,P114,192
2024-12-06,P115,89
2024-12-06,P116,60
2024-12-06,P117,101
2024-12-06,P118,108
2024-12-06,P119,106
2024-12-06,P120,56
2024-12-06,P121,68
2024-12-06,P122,62
2024-12-06,P123,59
2024-12-06,P124,96
2024-12-06,P125,109
2024-12-06,P126,56
2024-12-06,P127,55
2024-12-06,P128,94
2024-12-06,P129,39
2024-12-06,P130,59
2024-12-07,P101,58
2024-12-07,P102,86
2024-12-07,P103,94
2024-12-07,P104,179
2024-12-07,P105,99
2024-12-07,P106,126
2024-12-07,P107,111
2024-12-07,P108,44
2024-12-07,P109,41
2024-12-07,P110,58
2024-12-07,P111,177
2024-12-07,P112,134
2024-12-07,P113,133
2024-12-07,P114,160
2024-12-07,P115,104
2024-12-07,P116,58
2024-12-07,P117,60
2024-12-07,P118,100
2024-12-07,P119,102
2024-12-07,P120,61
2024-12-07,P121,49
2024-12-07,P122,40
2024-12-07,P123,44
2024-12-07,P124,109
2024-12-07,P125,99
2024-12-07,P126,114
2024-12-07,P127,75
2024-12-07,P128,109
2024-12-07,P129,48
2024-12-07,P130,71
2024-12-08,P101,85
2024-12-08,P102,126
2024-12-08,P103,120
2024-12-08,P104,88
2024-12-08,P105,114
2024-12-08,P106,114
2024-12-08,P107,115
2024-12-08,P108,45
2024-12-08,P109,54
2024-12-08,P110,46
2024-12-08,P111,96
2024-12-08,P112,98
2024-12-08,P113,183
2024-12-08,P114,114
2024-12-08,P115,128
2024-12-08,P116,87
2024-12-08,P117,98
2024-12-08,P118,81
2024-12-08,P119,99
2024-12-08,P120,55
2024-12-08,P121,81
2024-12-08,P122,42
2024-12-08,P123,86
2024-12-08,P124,55
2024-12-08,P125,48
2024-12-08,P126,121
2024-12-08,P127,79
2024-12-08,P128,104
2024-12-08,P129,55
2024-12-08,P130,50
2024-12-09,P101,61
2024-12-09,P102,78
2024-12-09,P103,92
2024-12-09,P104,79
2024-12-09,P105,51
2024-12-09,P106,106
2024-12-09,P107,53
2024-12-09,P108,30
2024-12-09,P109,55
2024-12-09,P110,49
2024-12-09,P111,106
2024-12-09,P112,102
2024-12-09,P113,129
2024-12-09,P114,89
2024-12-09,P115,107
2024-12-09,P116,54
2024-12-09,P117,78
2024-12-09,P118,55
2024-12-09,P119,52
2024-12-09,P120,71
2024-12-09,P121,56
2024-12-09,P122,52
2024-12-09,P123,63
2024-12-09,P124,45
2024-12-09,P125,64
2024-12-09,P126,87
2024-12-09,P127,69
2024-12-09,P128,85
2024-12-09,P129,34
2024-12-09,P130,71
2024-12-10,P101,36
2024-12-10,P102,103
2024-12-10,P103,74
2024-12-10,P104,73
2024-12-10,P105,104
2024-12-10,P106,46
2024-12-10,P107,68
2024-12-10,P108,41
2024-12-10,P109,24
2024-12-10,P110,26
2024-12-10,P111,72
2024-12-10,P112,85
2024-12-10,P113,120
2024-12-10,P114,136
2024-12-10,P115,104
2024-12-10,P116,62
2024-12-10,P117,82
2024-12-10,P118,46
2024-12-10,P119,44
2024-12-10,P120,91
2024-12-10,P121,48
2024-12-10,P122,45
2024-12-10,P123,62
2024-12-10,P124,86
2024-12-10,P125,88
2024-12-10,P126,74
2024-12-10,P127,87
2024-12-10,P128,92
2024-12-10,P129,71
2024-12-10,P130,40
2024-12-11,P101,77
2024-12-11,P102,82
2024-12-11,P103,105
2024-12-11,P104,110
2024-12-11,P105,98
2024-12-11,P106,65
2024-12-11,P107,100
2024-12-11,P108,26
2024-12-11,P109,60
2024-12-11,P110,42
2024-12-11,P111,147
2024-12-11,P112,80
2024-12-11,P113,102
2024-12-11,P114,159
2024-12-11,P115,77
2024-12-11,P116,69
2024-12-11,P117,78
2024-12-11,P118,95
2024-12-11,P119,84
2024-12-11,P120,56
2024-12-11,P121,68
2024-12-11,P122,38
2024-12-11,P123,63
2024-12-11,P124,90
2024-12-11,P125,85
2024-12-11,P126,60
2024-12-11,P127,56
2024-12-11,P128,67
2024-12-11,P129,69
2024-12-11,P130,80
2024-12-12,P101,67
2024-12-12,P102,94
2024-12-12,P103,81
2024-12-12,P104,145
2024-12-12,P105,65
2024-12-12,P106,85
2024-12-12,P107,68
2024-12-12,P108,58
2024-12-12,P109,43
2024-12-12,P110,30
2024-12-12,P111,135
2024-12-12,P112,122
2024-12-12,P113,137
2024-12-12,P114,117
2024-12-12,P115,99
2024-12-12,P116,79
2024-12-12,P117,84
2024-12-12,P118,75
2024-12-12,P119,49
2024-12-12,P120,104
2024-12-12,P121,92
2024-12-12,P122,38
2024-12-12,P123,49
2024-12-12,P124,87
2024-12-12,P125,95
2024-12-12,P126,91
2024-12-12,P127,98
2024-12-12,P128,102
2024-12-12,P129,56
2024-12-12,P130,47
2024-12-13,P101,36
2024-12-13,P102,130
2024-12-13,P103,79
2024-12-13,P104,149
2024-12-13,P105,82
2024-12-13,P106,51
2024-12-13,P107,94
2024-12-13,P108,38
2024-12-13,P109,38
2024-12-13,P110,51
2024-12-13,P111,138
2024-12-13,P112,106
2024-12-13,P113,154
2024-12-13,P114,99
2024-12-13,P115,85
2024-12-13,P116,95
2024-12-13,P117,47
2024-12-13,P118,93
2024-12-13,P119,68
2024-12-13,P120,71
2024-12-13,P121,59
2024-12-13,P122,54
2024-12-13,P123,90
2024-12-13,P124,50
2024-12-13,P125,86
2024-12-13,P126,77
2024-12-13,P127,57
2024-12-13,P128,59
2024-12-13,P129,78
2024-12-13,P130,49
2024-12-14,P101,45
2024-12-14,P102,91
2024-12-14,P103,154
2024-12-14,P104,120
2024-12-14,P105,103
2024-12-14,P106,65
2024-12-14,P107,66
2024-12-14,P108,49
2024-12-14,P109,30
2024-12-14,P110,62
2024-12-14,P111,124
2024-12-14,P112,176
2024-12-14,P113,123
2024-12-14,P114,146
2024-12-14,P115,136
2024-12-14,P116,92
2024-12-14,P117,72
2024-12-14,P118,109
2024-12-14,P119,69
2024-12-14,P120,79
2024-12-14,P121,107
2024-12-14,P122,63
2024-12-14,P123,80
2024-12-14,P124,54
2024-12-14,P125,105
2024-12-14,P126,104
2024-12-14,P127,65
2024-12-14,P128,71
2024-12-14,P129,54
2024-12-14,P130,54
2024-12-15,P101,54
2024-12-15,P102,126
2024-12-15,P103,138
2024-12-15,P104,128
2024-12-15,P105,95
2024-12-15,P106,104
2024-12-15,P107,120
2024-12-15,P108,26
2024-12-15,P109,56
2024-12-15,P110,31
2024-12-15,P111,130
2024-12-15,P112,128
2024-12-15,P113,152
2024-12-15,P114,138
2024-12-15,P115,85
2024-12-15,P116,96
2024-12-15,P117,101
2024-12-15,P118,108
2024-12-15,P119,51
2024-12-15,P120,84
2024-12-15,P121,96
2024-12-15,P122,60
2024-12-15,P123,54
2024-12-15,P124,70
2024-12-15,P125,103
2024-12-15,P126,53
2024-12-15,P127,73
2024-12-15,P128,94
2024-12-15,P129,49
2024-12-15,P130,45
2024-12-16,P101,61
2024-12-16,P102,118
2024-12-16,P103,66
2024-12-16,P104,105
2024-12-16,P105,92
2024-12-16,P106,88
2024-12-16,P107,75
2024-12-16,P108,41
2024-12-16,P109,45
2024-12-16,P110,53
2024-12-16,P111,123
2024-12-16,P112,115
2024-12-16,P113,86
2024-12-16,P114,96
2024-12-16,P115,96
2024-12-16,P116,42
2024-12-16,P117,84
2024-12-16,P118,67
2024-12-16,P119,71
2024-12-16,P120,81
2024-12-16,P121,40
2024-12-16,P122,50
2024-12-16,P123,63
2024-12-16,P124,60
2024-12-16,P125,89
2024-12-16,P126,48
2024-12-16,P127,83
2024-12-16,P128,89
2024-12-16,P129,50
2024-12-16,P130,74
2024-12-17,P101,56
2024-12-17,P102,111
2024-12-17,P103,114
2024-12-17,P104,79
2024-12-17,P105,97
2024-12-17,P106,52
2024-12-17,P107,115
2024-12-17,P108,24
2024-12-17,P109,57
2024-12-17,P110,39
2024-12-17,P111,72
2024-12-17,P112,126
2024-12-17,P113,104
2024-12-17,P114,151
2024-12-17,P115,65
2024-12-17,P116,85
2024-12-17,P117,65
2024-12-17,P118,66
2024-12-17,P119,79
2024-12-17,P120,96
2024-12-17,P121,74
2024-12-17,P122,48
2024-12-17,P123,61
2024-12-17,P124,46
2024-12-17,P125,47
2024-12-17,P126,55
2024-12-17,P127,62
2024-12-17,P128,90
2024-12-17,P129,49
2024-12-17,P130,45
2024-12-18,P101,66
2024-12-18,P102,65
2024-12-18,P103,122
2024-12-18,P104,85
2024-12-18,P105,99
2024-12-18,P106,85
2024-12-18,P107,70
2024-12-18,P108,31
2024-12-18,P109,59
2024-12-18,P110,64
2024-12-18,P111,137
2024-12-18,P112,130
2024-12-18,P113,150
2024-12-18,P114,118
2024-12-18,P115,106
2024-12-18,P116,41
2024-12-18,P117,76
2024-12-18,P118,85
2024-12-18,P119,53
2024-12-18,P120,87
2024-12-18,P121,77
2024-12-18,P122,57
2024-12-18,P123,38
2024-12-18,P124,52
2024-12-18,P125,60
2024-12-18,P126,86
2024-12-18,P127,64
2024-12-18,P128,99
2024-12-18,P129,64
2024-12-18,P130,44
2024-12-19,P101,60
2024-12-19,P102,110
2024-12-19,P103,79
2024-12-19,P104,93
2024-12-19,P105,96
2024-12-19,P106,117
2024-12-19,P107,113
2024-12-19,P108,25
2024-12-19,P109,37
2024-12-19,P110,40
2024-12-19,P111,121
2024-12-19,P112,144
2024-12-19,P113,131
2024-12-19,P114,100
2024-12-19,P115,113
2024-12-19,P116,59
2024-12-19,P117,73
2024-12-19,P118,79
2024-12-19,P119,88
2024-12-19,P120,63
2024-12-19,P121,79
2024-12-19,P122,56
2024-12-19,P123,89
2024-12-19,P124,56
2024-12-19,P125,53
2024-12-19,P126,67
2024-12-19,P127,55
2024-12-19,P128,62
2024-12-19,P129,54
2024-12-19,P130,59
2024-12-20,P101,46
2024-12-20,P102,125
2024-12-20,P103,110
2024-12-20,P104,87
2024-12-20,P105,71
2024-12-20,P106,90
2024-12-20,P107,78
2024-12-20,P108,33
2024-12-20,P109,50
2024-12-20,P110,38
2024-12-20,P111,148
2024-12-20,P112,115
2024-12-20,P113,173
2024-12-20,P114,152
2024-12-20,P115,100
2024-12-20,P116,44
2024-12-20,P117,53
2024-12-20,P118,97
2024-12-20,P119,85
2024-12-20,P120,82
2024-12-20,P121,79
2024-12-20,P122,30
2024-12-20,P123,66
2024-12-20,P124,82
2024-12-20,P125,57
2024-12-20,P126,66
2024-12-20,P127,74
2024-12-20,P128,106
2024-12-20,P129,75
2024-12-20,P130,58
2024-12-21,P101,71
2024-12-21,P102,77
2024-12-21,P103,121
2024-12-21,P104,136
2024-12-21,P105,81
2024-12-21,P106,73
2024-12-21,P107,78
2024-12-21,P108,30
2024-12-21,P109,38
2024-12-21,P110,31
2024-12-21,P111,109
2024-12-21,P112,127
2024-12-21,P113,128
2024-12-21,P114,124
2024-12-21,P115,93
2024-12-21,P116,82
2024-12-21,P117,103
2024-12-21,P118,120
2024-12-21,P119,63
2024-12-21,P120,86
2024-12-21,P121,90
2024-12-21,P122,58
2024-12-21,P123,68
2024-12-21,P124,61
2024-12-21,P125,77
2024-12-21,P126,73
2024-12-21,P127,82
2024-12-21,P128,118
2024-12-21,P129,74
2024-12-21,P130,45
2024-12-22,P101,42
2024-12-22,P102,135
2024-12-22,P103,141
2024-12-22,P104,105
2024-12-22,P105,63
2024-12-22,P106,68
2024-12-22,P107,124
2024-12-22,P108,60
2024-12-22,P109,65
2024-12-22,P110,65
2024-12-22,P111,112
2024-12-22,P112,178
2024-12-22,P113,164
2024-12-22,P114,102
2024-12-22,P115,93
2024-12-22,P116,84
2024-12-22,P117,74
2024-12-22,P118,69
2024-12-22,P119,108
2024-12-22,P120,67
2024-12-22,P121,49
2024-12-22,P122,53
2024-12-22,P123,47
2024-12-22,P124,96
2024-12-22,P125,73
2024-12-22,P126,122
2024-12-22,P127,72
2024-12-22,P128,66
2024-12-22,P129,56
2024-12-22,P130,69
2024-12-23,P101,39
2024-12-23,P102,119
2024-12-23,P103,81
2024-12-23,P104,88
2024-12-23,P105,91
2024-12-23,P106,87
2024-12-23,P107,73
2024-12-23,P108,49
2024-12-23,P109,38
2024-12-23,P110,25
2024-12-23,P111,115
2024-12-23,P112,127
2024-12-23,P113,89
2024-12-23,P114,127
2024-12-23,P115,57
2024-12-23,P116,67
2024-12-23,P117,53
2024-12-23,P118,83
2024-12-23,P119,73
2024-12-23,P120,59
2024-12-23,P121,56
2024-12-23,P122,37
2024-12-23,P123,70
2024-12-23,P124,58
2024-12-23,P125,78
2024-12-23,P126,63
2024-12-23,P127,57
2024-12-23,P128,58
2024-12-23,P129,69
2024-12-23,P130,50
2024-12-24,P101,66
2024-12-24,P102,106
2024-12-24,P103,84
2024-12-24,P104,130
2024-12-24,P105,74
2024-12-24,P106,77
2024-12-24,P107,93
2024-12-24,P108,40
2024-12-24,P109,53
2024-12-24,P110,49
2024-12-24,P111,88
2024-12-24,P112,143
2024-12-24,P113,160
2024-12-24,P114,158
2024-12-24,P115,68
2024-12-24,P116,71
2024-12-24,P117,77
2024-12-24,P118,86
2024-12-24,P119,46
2024-12-24,P120,64
2024-12-24,P121,80
2024-12-24,P122,30
2024-12-24,P123,70
2024-12-24,P124,87
2024-12-24,P125,71
2024-12-24,P126,100
2024-12-24,P127,68
2024-12-24,P128,48
2024-12-24,P129,63
2024-12-24,P130,70
2024-12-25,P101,93
2024-12-25,P102,111
2024-12-25,P103,160
2024-12-25,P104,149
2024-12-25,P105,162
2024-12-25,P106,120
2024-12-25,P107,127
2024-12-25,P108,87
2024-12-25,P109,78
2024-12-25,P110,65
2024-12-25,P111,214
2024-12-25,P112,202
2024-12-25,P113,143
2024-12-25,P114,200
2024-12-25,P115,122
2024-12-25,P116,63
2024-12-25,P117,149
2024-12-25,P118,94
2024-12-25,P119,150
2024-12-25,P120,143
2024-12-25,P121,62
2024-12-25,P122,82
2024-12-25,P123,75
2024-12-25,P124,134
2024-12-25,P125,112
2024-12-25,P126,131
2024-12-25,P127,144
2024-12-25,P128,146
2024-12-25,P129,81
2024-12-25,P130,57
2024-12-26,P101,42
2024-12-26,P102,79
2024-12-26,P103,86
2024-12-26,P104,140
2024-12-26,P105,93
2024-12-26,P106,73
2024-12-26,P107,125
2024-12-26,P108,50
2024-12-26,P109,30
2024-12-26,P110,66
2024-12-26,P111,76
2024-12-26,P112,138
2024-12-26,P113,133
2024-12-26,P114,154
2024-12-26,P115,101
2024-12-26,P116,55
2024-12-26,P117,63
2024-12-26,P118,75
2024-12-26,P119,88
2024-12-26,P120,53
2024-12-26,P121,91
2024-12-26,P122,38
2024-12-26,P123,85
2024-12-26,P124,58
2024-12-26,P125,97
2024-12-26,P126,101
2024-12-26,P127,47
2024-12-26,P128,92
2024-12-26,P129,76
2024-12-26,P130,83
2024-12-27,P101,57
2024-12-27,P102,123
2024-12-27,P103,113
2024-12-27,P104,108
2024-12-27,P105,89
2024-12-27,P106,92
2024-12-27,P107,123
2024-12-27,P108,36
2024-12-27,P109,28
2024-12-27,P110,70
2024-12-27,P111,92
2024-12-27,P112,150
2024-12-27,P113,126
2024-12-27,P114,111
2024-12-27,P115,75
2024-12-27,P116,56
2024-12-27,P117,69
2024-12-27,P118,83
2024-12-27,P119,77
2024-12-27,P120,68
2024-12-27,P121,82
2024-12-27,P122,64
2024-12-27,P123,43
2024-12-27,P124,71
2024-12-27,P125,90
2024-12-27,P126,105
2024-12-27,P127,82
2024-12-27,P128,97
2024-12-27,P129,80
2024-12-27,P130,43
2024-12-28,P101,62
2024-12-28,P102,90
2024-12-28,P103,110
2024-12-28,P104,148
2024-12-28,P105,101
2024-12-28,P106,106
2024-12-28,P107,112
2024-12-28,P108,38
2024-12-28,P109,32
2024-12-28,P110,71
2024-12-28,P111,175
2024-12-28,P112,156
2024-12-28,P113,174
2024-12-28,P114,203
2024-12-28,P115,116
2024-12-28,P116,62
2024-12-28,P117,84
2024-12-28,P118,115
2024-12-28,P119,86
2024-12-28,P120,125
2024-12-28,P121,80
2024-12-28,P122,42
2024-12-28,P123,69
2024-12-28,P124,88
2024-12-28,P125,89
2024-12-28,P126,91
2024-12-28,P127,63
2024-12-28,P128,89
2024-12-28,P129,86
2024-12-28,P130,82
2024-12-29,P101,60
2024-12-29,P102,133
2024-12-29,P103,83
2024-12-29,P104,112
2024-12-29,P105,79
2024-12-29,P106,131
2024-12-29,P107,109
2024-12-29,P108,27
2024-12-29,P109,66
2024-12-29,P110,33
2024-12-29,P111,111
2024-12-29,P112,143
2024-12-29,P113,188
2024-12-29,P114,145
2024-12-29,P115,105
2024-12-29,P116,80
2024-12-29,P117,92
2024-12-29,P118,54
2024-12-29,P119,64
2024-12-29,P120,114
2024-12-29,P121,79
2024-12-29,P122,48
2024-12-29,P123,95
2024-12-29,P124,69
2024-12-29,P125,94
2024-12-29,P126,91
2024-12-29,P127,71
2024-12-29,P128,105
2024-12-29,P129,77
2024-12-29,P130,82
2024-12-30,P101,64
2024-12-30,P102,114
2024-12-30,P103,97
2024-12-30,P104,121
2024-12-30,P105,98
2024-12-30,P106,60
2024-12-30,P107,106
2024-12-30,P108,31
2024-12-30,P109,25
2024-12-30,P110,47
2024-12-30,P111,70
2024-12-30,P112,143
2024-12-30,P113,149
2024-12-30,P114,164
2024-12-30,P115,84
2024-12-30,P116,50
2024-12-30,P117,84
2024-12-30,P118,80
2024-12-30,P119,59
2024-12-30,P120,66
2024-12-30,P121,39
2024-12-30,P122,28
2024-12-30,P123,62
2024-12-30,P124,81
2024-12-30,P125,91
2024-12-30,P126,100
2024-12-30,P127,69
2024-12-30,P128,57
2024-12-30,P129,37
2024-12-30,P130,50
2024-12-31,P101,75
2024-12-31,P102,105
2024-12-31,P103,76
2024-12-31,P104,97
2024-12-31,P105,79
2024-12-31,P106,85
2024-12-31,P107,100
2024-12-31,P108,39
2024-12-31,P109,47
2024-12-31,P110,44
2024-12-31,P111,76
2024-12-31,P112,148
2024-12-31,P113,158
2024-12-31,P114,108
2024-12-31,P115,104
2024-12-31,P116,64
2024-12-31,P117,73
2024-12-31,P118,47
2024-12-31,P119,66
2024-12-31,P120,87
2024-12-31,P121,56
2024-12-31,P122,49
2024-12-31,P123,43
2024-12-31,P124,67
2024-12-31,P125,80
2024-12-31,P126,51
2024-12-31,P127,55
2024-12-31,P128,47
2024-12-31,P129,49
2024-12-31,P130,68
2025-01-01,P101,57
2025-01-01,P102,79
2025-01-01,P103,87
2025-01-01,P104,125
2025-01-01,P105,74
2025-01-01,P106,54
2025-01-01,P107,109
2025-01-01,P108,48
2025-01-01,P109,52
2025-01-01,P110,36
2025-01-01,P111,80
2025-01-01,P112,134
2025-01-01,P113,134
2025-01-01,P114,139
2025-01-01,P115,78
2025-01-01,P116,56
2025-01-01,P117,94
2025-01-01,P118,95
2025-01-01,P119,69
2025-01-01,P120,99
2025-01-01,P121,57
2025-01-01,P122,28
2025-01-01,P123,65
2025-01-01,P124,44
2025-01-01,P125,82
2025-01-01,P126,58
2025-01-01,P127,88
2025-01-01,P128,45
2025-01-01,P129,45
2025-01-01,P130,44
2025-01-02,P101,80
2025-01-02,P102,120
2025-01-02,P103,136
2025-01-02,P104,88
2025-01-02,P105,63
2025-01-02,P106,69
2025-01-02,P107,85
2025-01-02,P108,48
2025-01-02,P109,58
2025-01-02,P110,55
2025-01-02,P111,113
2025-01-02,P112,136
2025-01-02,P113,164
2025-01-02,P114,96
2025-01-02,P115,122
2025-01-02,P116,60
2025-01-02,P117,98
2025-01-02,P118,71
2025-01-02,P119,46
2025-01-02,P120,105
2025-01-02,P121,56
2025-01-02,P122,58
2025-01-02,P123,79
2025-01-02,P124,65
2025-01-02,P125,92
2025-01-02,P126,87
2025-01-02,P127,55
2025-01-02,P128,61
2025-01-02,P129,65
2025-01-02,P130,38
2025-01-03,P101,72
2025-01-03,P102,139
2025-01-03,P103,113
2025-01-03,P104,156
2025-01-03,P105,75
2025-01-03,P106,55
2025-01-03,P107,119
2025-01-03,P108,48
2025-01-03,P109,31
2025-01-03,P110,69
2025-01-03,P111,82
2025-01-03,P112,86
2025-01-03,P113,153
2025-01-03,P114,134
2025-01-03,P115,85
2025-01-03,P116,95
2025-01-03,P117,58
2025-01-03,P118,70
2025-01-03,P119,56
2025-01-03,P120,72
2025-01-03,P121,70
2025-01-03,P122,52
2025-01-03,P123,86
2025-01-03,P124,76
2025-01-03,P125,68
2025-01-03,P126,108
2025-01-03,P127,75
2025-01-03,P128,87
2025-01-03,P129,69
2025-01-03,P130,68
2025-01-04,P101,77
2025-01-04,P102,107
2025-01-04,P103,148
2025-01-04,P104,94
2025-01-04,P105,79
2025-01-04,P106,58
2025-01-04,P107,114
2025-01-04,P108,40
2025-01-04,P109,73
2025-01-04,P110,52
2025-01-04,P111,94
2025-01-04,P112,187
2025-01-04,P113,158
2025-01-04,P114,185
2025-01-04,P115,140
2025-01-04,P116,72
2025-01-04,P117,95
2025-01-04,P118,87
2025-01-04,P119,112
2025-01-04,P120,125
2025-01-04,P121,62
2025-01-04,P122,45
2025-01-04,P123,90
2025-01-04,P124,62
2025-01-04,P125,59
2025-01-04,P126,108
2025-01-04,P127,77
2025-01-04,P128,83
2025-01-04,P129,73
2025-01-04,P130,54
2025-01-05,P101,44
2025-01-05,P102,92
2025-01-05,P103,159
2025-01-05,P104,163
2025-01-05,P105,95
2025-01-05,P106,74
2025-01-05,P107,122
2025-01-05,P108,38
2025-01-05,P109,33
2025-01-05,P110,46
2025-01-05,P111,102
2025-01-05,P112,165
2025-01-05,P113,178
2025-01-05,P114,108
2025-01-05,P115,116
2025-01-05,P116,71
2025-01-05,P117,55
2025-01-05,P118,102
2025-01-05,P119,61
2025-01-05,P120,95
2025-01-05,P121,66
2025-01-05,P122,51
2025-01-05,P123,96
2025-01-05,P124,77
2025-01-05,P125,49
2025-01-05,P126,83
2025-01-05,P127,100
2025-01-05,P128,81
2025-01-05,P129,39
2025-01-05,P130,87
2025-01-06,P101,71
2025-01-06,P102,62
2025-01-06,P103,67
2025-01-06,P104,127
2025-01-06,P105,76
2025-01-06,P106,73
2025-01-06,P107,96
2025-01-06,P108,43
2025-01-06,P109,51
2025-01-06,P110,30
2025-01-06,P111,133
2025-01-06,P112,94
2025-01-06,P113,93
2025-01-06,P114,147
2025-01-06,P115,57
2025-01-06,P116,59
2025-01-06,P117,86
2025-01-06,P118,74
2025-01-06,P119,68
2025-01-06,P120,49
2025-01-06,P121,37
2025-01-06,P122,38
2025-01-06,P123,71
2025-01-06,P124,60
2025-01-06,P125,53
2025-01-06,P126,62
2025-01-06,P127,52
2025-01-06,P128,66
2025-01-06,P129,41
2025-01-06,P130,53
2025-01-07,P101,39
2025-01-07,P102,86
2025-01-07,P103,126
2025-01-07,P104,81
2025-01-07,P105,104
2025-01-07,P106,101
2025-01-07,P107,85
2025-01-07,P108,51
2025-01-07,P109,53
2025-01-07,P110,48
2025-01-07,P111,125
2025-01-07,P112,84
2025-01-07,P113,148
2025-01-07,P114,105
2025-01-07,P115,66
2025-01-07,P116,81
2025-01-07,P117,58
2025-01-07,P118,52
2025-01-07,P119,61
2025-01-07,P120,97
2025-01-07,P121,47
2025-01-07,P122,50
2025-01-07,P123,41
2025-01-07,P124,74
2025-01-07,P125,52
2025-01-07,P126,47
2025-01-07,P127,55
2025-01-07,P128,92
2025-01-07,P129,51
2025-01-07,P130,68
2025-01-08,P101,61
2025-01-08,P102,67
2025-01-08,P103,109
2025-01-08,P104,131
2025-01-08,P105,45
2025-01-08,P106,96
2025-01-08,P107,56
2025-01-08,P108,43
2025-01-08,P109,44
2025-01-08,P110,55
2025-01-08,P111,90
2025-01-08,P112,136
2025-01-08,P113,165
2025-01-08,P114,121
2025-01-08,P115,61
2025-01-08,P116,79
2025-01-08,P117,68
2025-01-08,P118,98
2025-01-08,P119,79
2025-01-08,P120,81
2025-01-08,P121,88
2025-01-08,P122,44
2025-01-08,P123,46
2025-01-08,P124,49
2025-01-08,P125,65
2025-01-08,P126,109
2025-01-08,P127,56
2025-01-08,P128,80
2025-01-08,P129,54
2025-01-08,P130,43
2025-01-09,P101,40
2025-01-09,P102,118
2025-01-09,P103,77
2025-01-09,P104,137
2025-01-09,P105,76
2025-01-09,P106,54
2025-01-09,P107,89
2025-01-09,P108,56
2025-01-09,P109,49
2025-01-09,P110,37
2025-01-09,P111,142
2025-01-09,P112,104
2025-01-09,P113,170
2025-01-09,P114,151
2025-01-09,P115,113
2025-01-09,P116,92
2025-01-09,P117,95
2025-01-09,P118,76
2025-01-09,P119,84
2025-01-09,P120,83
2025-01-09,P121,50
2025-01-09,P122,30
2025-01-09,P123,60
2025-01-09,P124,65
2025-01-09,P125,91
2025-01-09,P126,46
2025-01-09,P127,49
2025-01-09,P128,76
2025-01-09,P129,39
2025-01-09,P130,45
2025-01-10,P101,57
2025-01-10,P102,123
2025-01-10,P103,135
2025-01-10,P104,92
2025-01-10,P105,100
2025-01-10,P106,70
2025-01-10,P107,115
2025-01-10,P108,59
2025-01-10,P109,60
2025-01-10,P110,69
2025-01-10,P111,159
2025-01-10,P112,116
2025-01-10,P113,118
2025-01-10,P114,108
2025-01-10,P115,108
2025-01-10,P116,71
2025-01-10,P117,100
2025-01-10,P118,70
2025-01-10,P119,104
2025-01-10,P120,97
2025-01-10,P121,46
2025-01-10,P122,35
2025-01-10,P123,95
2025-01-10,P124,99
2025-01-10,P125,102
2025-01-10,P126,68
2025-01-10,P127,65
2025-01-10,P128,85
2025-01-10,P129,79
2025-01-10,P130,71
2025-01-11,P101,56
2025-01-11,P102,133
2025-01-11,P103,143
2025-01-11,P104,178
2025-01-11,P105,92
2025-01-11,P106,86
2025-01-11,P107,63
2025-01-11,P108,50
2025-01-11,P109,29
2025-01-11,P110,78
2025-01-11,P111,98
2025-01-11,P112,189
2025-01-11,P113,136
2025-01-11,P114,141
2025-01-11,P115,105
2025-01-11,P116,97
2025-01-11,P117,80
2025-01-11,P118,120
2025-01-11,P119,94
2025-01-11,P120,126
2025-01-11,P121,104
2025-01-11,P122,54
2025-01-11,P123,50
2025-01-11,P124,68
2025-01-11,P125,77
2025-01-11,P126,120
2025-01-11,P127,102
2025-01-11,P128,86
2025-01-11,P129,71
2025-01-11,P130,66
2025-01-12,P101,43
2025-01-12,P102,87
2025-01-12,P103,142
2025-01-12,P104,130
2025-01-12,P105,52
2025-01-12,P106,85
2025-01-12,P107,115
2025-01-12,P108,30
2025-01-12,P109,54
2025-01-12,P110,74
2025-01-12,P111,147
2025-01-12,P112,154
2025-01-12,P113,176
2025-01-12,P114,178
2025-01-12,P115,109
2025-01-12,P116,72
2025-01-12,P117,61
2025-01-12,P118,73
2025-01-12,P119,81
2025-01-12,P120,91
2025-01-12,P121,102
2025-01-12,P122,65
2025-01-12,P123,66
2025-01-12,P124,72
2025-01-12,P125,84
2025-01-12,P126,66
2025-01-12,P127,57
2025-01-12,P128,52
2025-01-12,P129,80
2025-01-12,P130,73
2025-01-13,P101,50
2025-01-13,P102,117
2025-01-13,P103,83
2025-01-13,P104,118
2025-01-13,P105,89
2025-01-13,P106,69
2025-01-13,P107,46
2025-01-13,P108,43
2025-01-13,P109,51
2025-01-13,P110,50
2025-01-13,P111,88
2025-01-13,P112,119
2025-01-13,P113,123
2025-01-13,P114,140
2025-01-13,P115,55
2025-01-13,P116,39
2025-01-13,P117,64
2025-01-13,P118,92
2025-01-13,P119,45
2025-01-13,P120,82
2025-01-13,P121,72
2025-01-13,P122,43
2025-01-13,P123,65
2025-01-13,P124,73
2025-01-13,P125,47
2025-01-13,P126,97
2025-01-13,P127,51
2025-01-13,P128,85
2025-01-13,P129,31
2025-01-13,P130,70
2025-01-14,P101,70
2025-01-14,P102,66
2025-01-14,P103,89
2025-01-14,P104,124
2025-01-14,P105,93
2025-01-14,P106,73
2025-01-14,P107,93
2025-01-14,P108,33
2025-01-14,P109,27
2025-01-14,P110,56
2025-01-14,P111,92
2025-01-14,P112,147
2025-01-14,P113,91
2025-01-14,P114,153
2025-01-14,P115,106
2025-01-14,P116,54
2025-01-14,P117,59
2025-01-14,P118,68
2025-01-14,P119,66
2025-01-14,P120,92
2025-01-14,P121,74
2025-01-14,P122,45
2025-01-14,P123,81
2025-01-14,P124,74
2025-01-14,P125,50
2025-01-14,P126,51
2025-01-14,P127,46
2025-01-14,P128,76
2025-01-14,P129,71
2025-01-14,P130,71
2025-01-15,P101,72
2025-01-15,P102,89
2025-01-15,P103,108
2025-01-15,P104,81
2025-01-15,P105,77
2025-01-15,P106,60
2025-01-15,P107,89
2025-01-15,P108,51
2025-01-15,P109,31
2025-01-15,P110,42
2025-01-15,P111,115
2025-01-15,P112,130
2025-01-15,P113,151
2025-01-15,P114,93
2025-01-15,P115,64
2025-01-15,P116,60
2025-01-15,P117,74
2025-01-15,P118,84
2025-01-15,P119,100
2025-01-15,P120,66
2025-01-15,P121,44
2025-01-15,P122,57
2025-01-15,P123,68
2025-01-15,P124,50
2025-01-15,P125,100
2025-01-15,P126,46
2025-01-15,P127,60
2025-01-15,P128,95
2025-01-15,P129,57
2025-01-15,P130,74
2025-01-16,P101,54
2025-01-16,P102,82
2025-01-16,P103,78
2025-01-16,P104,96
2025-01-16,P105,71
2025-01-16,P106,115
2025-01-16,P107,115
2025-01-16,P108,49
2025-01-16,P109,30
2025-01-16,P110,50
2025-01-16,P111,125
2025-01-16,P112,140
2025-01-16,P113,172
2025-01-16,P114,131
2025-01-16,P115,79
2025-01-16,P116,78
2025-01-16,P117,68
2025-01-16,P118,92
2025-01-16,P119,50
2025-01-16,P120,107
2025-01-16,P121,89
2025-01-16,P122,61
2025-01-16,P123,62
2025-01-16,P124,93
2025-01-16,P125,46
2025-01-16,P126,90
2025-01-16,P127,93
2025-01-16,P128,72
2025-01-16,P129,55
2025-01-16,P130,82
2025-01-17,P101,86
2025-01-17,P102,138
2025-01-17,P103,115
2025-01-17,P104,89
2025-01-17,P105,113
2025-01-17,P106,83
2025-01-17,P107,85
2025-01-17,P108,28
2025-01-17,P109,29
2025-01-17,P110,52
2025-01-17,P111,149
2025-01-17,P112,127
2025-01-17,P113,183
2025-01-17,P114,119
2025-01-17,P115,123
2025-01-17,P116,81
2025-01-17,P117,61
2025-01-17,P118,105
2025-01-17,P119,90
2025-01-17,P120,70
2025-01-17,P121,90
2025-01-17,P122,49
2025-01-17,P123,64
2025-01-17,P124,92
2025-01-17,P125,59
2025-01-17,P126,72
2025-01-17,P127,94
2025-01-17,P128,55
2025-01-17,P129,64
2025-01-17,P130,59
2025-01-18,P101,90
2025-01-18,P102,102
2025-01-18,P103,104
2025-01-18,P104,96
2025-01-18,P105,95
2025-01-18,P106,67
2025-01-18,P107,107
2025-01-18,P108,50
2025-01-18,P109,41
2025-01-18,P110,41
2025-01-18,P111,178
2025-01-18,P112,121
2025-01-18,P113,202
2025-01-18,P114,203
2025-01-18,P115,73
2025-01-18,P116,59
2025-01-18,P117,63
2025-01-18,P118,93
2025-01-18,P119,111
2025-01-18,P120,123
2025-01-18,P121,89
2025-01-18,P122,66
2025-01-18,P123,65
2025-01-18,P124,92
2025-01-18,P125,120
2025-01-18,P126,122
2025-01-18,P127,60
2025-01-18,P128,73
2025-01-18,P129,45
2025-01-18,P130,70
2025-01-19,P101,61
2025-01-19,P102,148
2025-01-19,P103,107
2025-01-19,P104,97
2025-01-19,P105,71
2025-01-19,P106,104
2025-01-19,P107,83
2025-01-19,P108,37
2025-01-19,P109,35
2025-01-19,P110,64
2025-01-19,P111,86
2025-01-19,P112,150
2025-01-19,P113,172
2025-01-19,P114,183
2025-01-19,P115,83
2025-01-19,P116,100
2025-01-19,P117,55
2025-01-19,P118,55
2025-01-19,P119,61
2025-01-19,P120,77
2025-01-19,P121,102
2025-01-19,P122,32
2025-01-19,P123,96
2025-01-19,P124,68
2025-01-19,P125,67
2025-01-19,P126,81
2025-01-19,P127,71
2025-01-19,P128,83
2025-01-19,P129,84
2025-01-19,P130,65
2025-01-20,P101,52
2025-01-20,P102,95
2025-01-20,P103,126
2025-01-20,P104,117
2025-01-20,P105,53
2025-01-20,P106,98
2025-01-20,P107,103
2025-01-20,P108,48
2025-01-20,P109,29
2025-01-20,P110,47
2025-01-20,P111,99
2025-01-20,P112,104
2025-01-20,P113,125
2025-01-20,P114,119
2025-01-20,P115,88
2025-01-20,P116,73
2025-01-20,P117,52
2025-01-20,P118,80
2025-01-20,P119,91
2025-01-20,P120,77
2025-01-20,P121,75
2025-01-20,P122,43
2025-01-20,P123,47
2025-01-20,P124,61
2025-01-20,P125,41
2025-01-20,P126,102
2025-01-20,P127,69
2025-01-20,P128,51
2025-01-20,P129,64
2025-01-20,P130,74
2025-01-21,P101,63
2025-01-21,P102,92
2025-01-21,P103,73
2025-01-21,P104,78
2025-01-21,P105,58
2025-01-21,P106,63
2025-01-21,P107,66
2025-01-21,P108,32
2025-01-21,P109,50
2025-01-21,P110,34
2025-01-21,P111,103
2025-01-21,P112,139
2025-01-21,P113,136
2025-01-21,P114,137
2025-01-21,P115,85
2025-01-21,P116,43
2025-01-21,P117,53
2025-01-21,P118,85
2025-01-21,P119,73
2025-01-21,P120,90
2025-01-21,P121,70
2025-01-21,P122,27
2025-01-21,P123,85
2025-01-21,P124,55
2025-01-21,P125,66
2025-01-21,P126,103
2025-01-21,P127,54
2025-01-21,P128,72
2025-01-21,P129,64
2025-01-21,P130,42
2025-01-22,P101,61
2025-01-22,P102,109
2025-01-22,P103,78
2025-01-22,P104,96
2025-01-22,P105,91
2025-01-22,P106,112
2025-01-22,P107,125
2025-01-22,P108,32
2025-01-22,P109,46
2025-01-22,P110,65
2025-01-22,P111,96
2025-01-22,P112,91
2025-01-22,P113,88
2025-01-22,P114,95
2025-01-22,P115,88
2025-01-22,P116,53
2025-01-22,P117,86
2025-01-22,P118,93
2025-01-22,P119,75
2025-01-22,P120,89
2025-01-22,P121,74
2025-01-22,P122,37
2025-01-22,P123,60
2025-01-22,P124,82
2025-01-22,P125,78
2025-01-22,P126,85
2025-01-22,P127,91
2025-01-22,P128,82
2025-01-22,P129,70
2025-01-22,P130,44
2025-01-23,P101,45
2025-01-23,P102,99
2025-01-23,P103,136
2025-01-23,P104,154
2025-01-23,P105,52
2025-01-23,P106,72
2025-01-23,P107,72
2025-01-23,P108,32
2025-01-23,P109,55
2025-01-23,P110,64
2025-01-23,P111,100
2025-01-23,P112,107
2025-01-23,P113,168
2025-01-23,P114,159
2025-01-23,P115,82
2025-01-23,P116,56
2025-01-23,P117,89
2025-01-23,P118,94
2025-01-23,P119,54
2025-01-23,P120,52
2025-01-23,P121,76
2025-01-23,P122,45
2025-01-23,P123,64
2025-01-23,P124,77
2025-01-23,P125,79
2025-01-23,P126,91
2025-01-23,P127,82
2025-01-23,P128,74
2025-01-23,P129,75
2025-01-23,P130,55
2025-01-24,P101,88
2025-01-24,P102,87
2025-01-24,P103,118
2025-01-24,P104,101
2025-01-24,P105,88
2025-01-24,P106,123
2025-01-24,P107,102
2025-01-24,P108,50
2025-01-24,P109,39
2025-01-24,P110,42
2025-01-24,P111,128
2025-01-24,P112,149
2025-01-24,P113,179
2025-01-24,P114,142
2025-01-24,P115,96
2025-01-24,P116,50
2025-01-24,P117,68
2025-01-24,P118,92
2025-01-24,P119,87
2025-01-24,P120,101
2025-01-24,P121,92
2025-01-24,P122,39
2025-01-24,P123,91
2025-01-24,P124,92
2025-01-24,P125,106
2025-01-24,P126,90
2025-01-24,P127,97
2025-01-24,P128,101
2025-01-24,P129,72
2025-01-24,P130,43
2025-01-25,P101,69
2025-01-25,P102,140
2025-01-25,P103,115
2025-01-25,P104,109
2025-01-25,P105,112
2025-01-25,P106,87
2025-01-25,P107,118
2025-01-25,P108,67
2025-01-25,P109,67
2025-01-25,P110,44
2025-01-25,P111,150
2025-01-25,P112,183
2025-01-25,P113,135
2025-01-25,P114,144
2025-01-25,P115,122
2025-01-25,P116,91
2025-01-25,P117,104
2025-01-25,P118,67
2025-01-25,P119,102
2025-01-25,P120,98
2025-01-25,P121,90
2025-01-25,P122,52
2025-01-25,P123,85
2025-01-25,P124,74
2025-01-25,P125,111
2025-01-25,P126,90
2025-01-25,P127,52
2025-01-25,P128,71
2025-01-25,P129,64
2025-01-25,P130,58
2025-01-26,P101,71
2025-01-26,P102,230
2025-01-26,P103,206
2025-01-26,P104,190
2025-01-26,P105,136
2025-01-26,P106,186
2025-01-26,P107,140
2025-01-26,P108,99
2025-01-26,P109,66
2025-01-26,P110,102
2025-01-26,P111,267
2025-01-26,P112,194
2025-01-26,P113,250
2025-01-26,P114,311
2025-01-26,P115,136
2025-01-26,P116,147
2025-01-26,P117,94
2025-01-26,P118,155
2025-01-26,P119,121
2025-01-26,P120,192
2025-01-26,P121,106
2025-01-26,P122,60
2025-01-26,P123,125
2025-01-26,P124,89
2025-01-26,P125,78
2025-01-26,P126,98
2025-01-26,P127,102
2025-01-26,P128,171
2025-01-26,P129,86
2025-01-26,P130,74
2025-01-27,P101,54
2025-01-27,P102,69
2025-01-27,P103,83
2025-01-27,P104,103
2025-01-27,P105,75
2025-01-27,P106,70
2025-01-27,P107,84
2025-01-27,P108,30
2025-01-27,P109,52
2025-01-27,P110,38
2025-01-27,P111,119
2025-01-27,P112,118
2025-01-27,P113,110
2025-01-27,P114,138
2025-01-27,P115,66
2025-01-27,P116,74
2025-01-27,P117,51
2025-01-27,P118,79
2025-01-27,P119,91
2025-01-27,P120,88
2025-01-27,P121,63
2025-01-27,P122,43
2025-01-27,P123,67
2025-01-27,P124,83
2025-01-27,P125,49
2025-01-27,P126,61
2025-01-27,P127,54
2025-01-27,P128,79
2025-01-27,P129,51
2025-01-27,P130,66
2025-01-28,P101,39
2025-01-28,P102,126
2025-01-28,P103,77
2025-01-28,P104,94
2025-01-28,P105,71
2025-01-28,P106,57
2025-01-28,P107,109
2025-01-28,P108,23
2025-01-28,P109,32
2025-01-28,P110,55
2025-01-28,P111,114
2025-01-28,P112,98
2025-01-28,P113,122
2025-01-28,P114,118
2025-01-28,P115,85
2025-01-28,P116,82
2025-01-28,P117,72
2025-01-28,P118,98
2025-01-28,P119,83
2025-01-28,P120,63
2025-01-28,P121,64
2025-01-28,P122,36
2025-01-28,P123,74
2025-01-28,P124,65
2025-01-28,P125,72
2025-01-28,P126,89
2025-01-28,P127,59
2025-01-28,P128,64
2025-01-28,P129,64
2025-01-28,P130,75
2025-01-29,P101,64
2025-01-29,P102,121
2025-01-29,P103,74
2025-01-29,P104,132
2025-01-29,P105,59
2025-01-29,P106,99
2025-01-29,P107,62
2025-01-29,P108,43
2025-01-29,P109,35
2025-01-29,P110,42
2025-01-29,P111,95
2025-01-29,P112,143
2025-01-29,P113,98
2025-01-29,P114,104
2025-01-29,P115,104
2025-01-29,P116,46
2025-01-29,P117,92
2025-01-29,P118,76
2025-01-29,P119,65
2025-01-29,P120,74
2025-01-29,P121,66
2025-01-29,P122,28
2025-01-29,P123,63
2025-01-29,P124,72
2025-01-29,P125,60
2025-01-29,P126,59
2025-01-29,P127,84
2025-01-29,P128,94
2025-01-29,P129,74
2025-01-29,P130,58
2025-01-30,P101,81
2025-01-30,P102,119
2025-01-30,P103,91
2025-01-30,P104,126
2025-01-30,P105,51
2025-01-30,P106,110
2025-01-30,P107,108
2025-01-30,P108,33
2025-01-30,P109,47
2025-01-30,P110,69
2025-01-30,P111,151
2025-01-30,P112,159
2025-01-30,P113,128
2025-01-30,P114,152
2025-01-30,P115,103
2025-01-30,P116,78
2025-01-30,P117,46
2025-01-30,P118,88
2025-01-30,P119,103
2025-01-30,P120,75
2025-01-30,P121,46
2025-01-30,P122,48
2025-01-30,P123,39
2025-01-30,P124,86
2025-01-30,P125,81
2025-01-30,P126,66
2025-01-30,P127,55
2025-01-30,P128,55
2025-01-30,P129,73
2025-01-30,P130,84
2025-01-31,P101,51
2025-01-31,P102,90
2025-01-31,P103,120
2025-01-31,P104,95
2025-01-31,P105,61
2025-01-31,P106,107
2025-01-31,P107,126
2025-01-31,P108,54
2025-01-31,P109,68
2025-01-31,P110,63
2025-01-31,P111,146
2025-01-31,P112,128
2025-01-31,P113,145
2025-01-31,P114,156
2025-01-31,P115,120
2025-01-31,P116,97
2025-01-31,P117,94
2025-01-31,P118,83
2025-01-31,P119,93
2025-01-31,P120,85
2025-01-31,P121,55
2025-01-31,P122,53
2025-01-31,P123,52
2025-01-31,P124,90
2025-01-31,P125,55
2025-01-31,P126,99
2025-01-31,P127,57
2025-01-31,P128,84
2025-01-31,P129,51
2025-01-31,P130,61
2025-02-01,P101,55
2025-02-01,P102,120
2025-02-01,P103,126
2025-02-01,P104,115
2025-02-01,P105,119
2025-02-01,P106,123
2025-02-01,P107,65
2025-02-01,P108,66
2025-02-01,P109,65
2025-02-01,P110,70
2025-02-01,P111,125
2025-02-01,P112,137
2025-02-01,P113,210
2025-02-01,P114,139
2025-02-01,P115,130
2025-02-01,P116,58
2025-02-01,P117,113
2025-02-01,P118,102
2025-02-01,P119,96
2025-02-01,P120,62
2025-02-01,P121,82
2025-02-01,P122,53
2025-02-01,P123,100
2025-02-01,P124,63
2025-02-01,P125,70
2025-02-01,P126,75
2025-02-01,P127,76
2025-02-01,P128,97
2025-02-01,P129,71
2025-02-01,P130,55
2025-02-02,P101,44
2025-02-02,P102,101
2025-02-02,P103,89
2025-02-02,P104,176
2025-02-02,P105,114
2025-02-02,P106,93
2025-02-02,P107,85
2025-02-02,P108,58
2025-02-02,P109,40
2025-02-02,P110,71
2025-02-02,P111,177
2025-02-02,P112,133
2025-02-02,P113,146
2025-02-02,P114,177
2025-02-02,P115,93
2025-02-02,P116,105
2025-02-02,P117,105
2025-02-02,P118,100
2025-02-02,P119,99
2025-02-02,P120,68
2025-02-02,P121,74
2025-02-02,P122,53
2025-02-02,P123,61
2025-02-02,P124,67
2025-02-02,P125,61
2025-02-02,P126,54
2025-02-02,P127,108
2025-02-02,P128,103
2025-02-02,P129,88
2025-02-02,P130,57
2025-02-03,P101,54
2025-02-03,P102,115
2025-02-03,P103,115
2025-02-03,P104,79
2025-02-03,P105,105
2025-02-03,P106,46
2025-02-03,P107,59
2025-02-03,P108,26
2025-02-03,P109,23
2025-02-03,P110,38
2025-02-03,P111,93
2025-02-03,P112,150
2025-02-03,P113,160
2025-02-03,P114,126
2025-02-03,P115,59
2025-02-03,P116,83
2025-02-03,P117,63
2025-02-03,P118,54
2025-02-03,P119,66
2025-02-03,P120,69
2025-02-03,P121,51
2025-02-03,P122,42
2025-02-03,P123,52
2025-02-03,P124,72
2025-02-03,P125,73
2025-02-03,P126,90
2025-02-03,P127,61
2025-02-03,P128,87
2025-02-03,P129,47
2025-02-03,P130,68
2025-02-04,P101,55
2025-02-04,P102,70
2025-02-04,P103,88
2025-02-04,P104,108
2025-02-04,P105,96
2025-02-04,P106,96
2025-02-04,P107,51
2025-02-04,P108,31
2025-02-04,P109,61
2025-02-04,P110,49
2025-02-04,P111,141
2025-02-04,P112,81
2025-02-04,P113,132
2025-02-04,P114,130
2025-02-04,P115,97
2025-02-04,P116,79
2025-02-04,P117,64
2025-02-04,P118,67
2025-02-04,P119,62
2025-02-04,P120,57
2025-02-04,P121,73
2025-02-04,P122,52
2025-02-04,P123,83
2025-02-04,P124,65
2025-02-04,P125,86
2025-02-04,P126,53
2025-02-04,P127,78
2025-02-04,P128,94
2025-02-04,P129,61
2025-02-04,P130,75
2025-02-05,P101,76
2025-02-05,P102,93
2025-02-05,P103,129
2025-02-05,P104,144
2025-02-05,P105,68
2025-02-05,P106,62
2025-02-05,P107,78
2025-02-05,P108,40
2025-02-05,P109,41
2025-02-05,P110,42
2025-02-05,P111,88
2025-02-05,P112,164
2025-02-05,P113,128
2025-02-05,P114,137
2025-02-05,P115,117
2025-02-05,P116,67
2025-02-05,P117,51
2025-02-05,P118,56
2025-02-05,P119,61
2025-02-05,P120,98
2025-02-05,P121,84
2025-02-05,P122,55
2025-02-05,P123,66
2025-02-05,P124,95
2025-02-05,P125,72
2025-02-05,P126,62
2025-02-05,P127,60
2025-02-05,P128,51
2025-02-05,P129,47
2025-02-05,P130,63
2025-02-06,P101,64
2025-02-06,P102,132
2025-02-06,P103,83
2025-02-06,P104,105
2025-02-06,P105,74
2025-02-06,P106,91
2025-02-06,P107,115
2025-02-06,P108,42
2025-02-06,P109,53
2025-02-06,P110,71
2025-02-06,P111,161
2025-02-06,P112,114
2025-02-06,P113,169
2025-02-06,P114,122
2025-02-06,P115,67
2025-02-06,P116,50
2025-02-06,P117,69
2025-02-06,P118,73
2025-02-06,P119,86
2025-02-06,P120,74
2025-02-06,P121,77
2025-02-06,P122,61
2025-02-06,P123,93
2025-02-06,P124,99
2025-02-06,P125,88
2025-02-06,P126,49
2025-02-06,P127,80
2025-02-06,P128,60
2025-02-06,P129,69
2025-02-06,P130,68
2025-02-07,P101,77
2025-02-07,P102,109
2025-02-07,P103,143
2025-02-07,P104,113
2025-02-07,P105,97
2025-02-07,P106,69
2025-02-07,P107,63
2025-02-07,P108,42
2025-02-07,P109,55
2025-02-07,P110,43
2025-02-07,P111,126
2025-02-07,P112,164
2025-02-07,P113,104
2025-02-07,P114,167
2025-02-07,P115,71
2025-02-07,P116,69
2025-02-07,P117,53
2025-02-07,P118,85
2025-02-07,P119,91
2025-02-07,P120,54
2025-02-07,P121,51
2025-02-07,P122,58
2025-02-07,P123,71
2025-02-07,P124,94
2025-02-07,P125,68
2025-02-07,P126,86
2025-02-07,P127,71
2025-02-07,P128,66
2025-02-07,P129,79
2025-02-07,P130,82
2025-02-08,P101,86
2025-02-08,P102,98
2025-02-08,P103,144
2025-02-08,P104,110
2025-02-08,P105,88
2025-02-08,P106,88
2025-02-08,P107,143
2025-02-08,P108,41
2025-02-08,P109,57
2025-02-08,P110,51
2025-02-08,P111,165
2025-02-08,P112,157
2025-02-08,P113,211
2025-02-08,P114,121
2025-02-08,P115,128
2025-02-08,P116,84
2025-02-08,P117,64
2025-02-08,P118,79
2025-02-08,P119,78
2025-02-08,P120,72
2025-02-08,P121,109
2025-02-08,P122,55
2025-02-08,P123,100
2025-02-08,P124,107
2025-02-08,P125,73
2025-02-08,P126,93
2025-02-08,P127,120
2025-02-08,P128,105
2025-02-08,P129,56
2025-02-08,P130,88
2025-02-09,P101,54
2025-02-09,P102,99
2025-02-09,P103,121
2025-02-09,P104,154
2025-02-09,P105,132
2025-02-09,P106,118
2025-02-09,P107,63
2025-02-09,P108,32
2025-02-09,P109,38
2025-02-09,P110,79
2025-02-09,P111,116
2025-02-09,P112,172
2025-02-09,P113,159
2025-02-09,P114,179
2025-02-09,P115,130
2025-02-09,P116,68
2025-02-09,P117,107
2025-02-09,P118,72
2025-02-09,P119,57
2025-02-09,P120,116
2025-02-09,P121,101
2025-02-09,P122,50
2025-02-09,P123,63
2025-02-09,P124,49
2025-02-09,P125,65
2025-02-09,P126,104
2025-02-09,P127,98
2025-02-09,P128,110
2025-02-09,P129,82
2025-02-09,P130,91
2025-02-10,P101,76
2025-02-10,P102,65
2025-02-10,P103,87
2025-02-10,P104,77
2025-02-10,P105,72
2025-02-10,P106,100
2025-02-10,P107,101
2025-02-10,P108,25
2025-02-10,P109,39
2025-02-10,P110,31
2025-02-10,P111,103
2025-02-10,P112,110
2025-02-10,P113,160
2025-02-10,P114,114
2025-02-10,P115,114
2025-02-10,P116,47
2025-02-10,P117,50
2025-02-10,P118,52
2025-02-10,P119,54
2025-02-10,P120,99
2025-02-10,P121,52
2025-02-10,P122,44
2025-02-10,P123,46
2025-02-10,P124,60
2025-02-10,P125,79
2025-02-10,P126,90
2025-02-10,P127,52
2025-02-10,P128,44
2025-02-10,P129,48
2025-02-10,P130,56
2025-02-11,P101,43
2025-02-11,P102,73
2025-02-11,P103,91
2025-02-11,P104,149
2025-02-11,P105,93
2025-02-11,P106,77
2025-02-11,P107,80
2025-02-11,P108,55
2025-02-11,P109,60
2025-02-11,P110,67
2025-02-11,P111,81
2025-02-11,P112,109
2025-02-11,P113,159
2025-02-11,P114,143
2025-02-11,P115,85
2025-02-11,P116,52
2025-02-11,P117,88
2025-02-11,P118,50
2025-02-11,P119,92
2025-02-11,P120,73
2025-02-11,P121,42
2025-02-11,P122,40
2025-02-11,P123,41
2025-02-11,P124,93
2025-02-11,P125,45
2025-02-11,P126,47
2025-02-11,P127,86
2025-02-11,P128,67
2025-02-11,P129,38
2025-02-11,P130,69
2025-02-12,P101,76
2025-02-12,P102,79
2025-02-12,P103,113
2025-02-12,P104,117
2025-02-12,P105,114
2025-02-12,P106,116
2025-02-12,P107,68
2025-02-12,P108,38
2025-02-12,P109,65
2025-02-12,P110,58
2025-02-12,P111,149
2025-02-12,P112,135
2025-02-12,P113,133
2025-02-12,P114,178
2025-02-12,P115,114
2025-02-12,P116,85
2025-02-12,P117,96
2025-02-12,P118,109
2025-02-12,P119,52
2025-02-12,P120,60
2025-02-12,P121,71
2025-02-12,P122,60
2025-02-12,P123,94
2025-02-12,P124,56
2025-02-12,P125,96
2025-02-12,P126,79
2025-02-12,P127,53
2025-02-12,P128,82
2025-02-12,P129,62
2025-02-12,P130,77
2025-02-13,P101,44
2025-02-13,P102,73
2025-02-13,P103,124
2025-02-13,P104,124
2025-02-13,P105,67
2025-02-13,P106,100
2025-02-13,P107,124
2025-02-13,P108,28
2025-02-13,P109,32
2025-02-13,P110,71
2025-02-13,P111,162
2025-02-13,P112,153
2025-02-13,P113,140
2025-02-13,P114,185
2025-02-13,P115,93
2025-02-13,P116,62
2025-02-13,P117,93
2025-02-13,P118,101
2025-02-13,P119,61
2025-02-13,P120,70
2025-02-13,P121,90
2025-02-13,P122,62
2025-02-13,P123,97
2025-02-13,P124,68
2025-02-13,P125,53
2025-02-13,P126,49
2025-02-13,P127,94
2025-02-13,P128,68
2025-02-13,P129,40
2025-02-13,P130,49
2025-02-14,P101,70
2025-02-14,P102,180
2025-02-14,P103,158
2025-02-14,P104,120
2025-02-14,P105,115
2025-02-14,P106,138
2025-02-14,P107,106
2025-02-14,P108,69
2025-02-14,P109,64
2025-02-14,P110,55
2025-02-14,P111,137
2025-02-14,P112,142
2025-02-14,P113,136
2025-02-14,P114,252
2025-02-14,P115,106
2025-02-14,P116,72
2025-02-14,P117,135
2025-02-14,P118,106
2025-02-14,P119,122
2025-02-14,P120,124
2025-02-14,P121,60
2025-02-14,P122,76
2025-02-14,P123,55
2025-02-14,P124,103
2025-02-14,P125,69
2025-02-14,P126,160
2025-02-14,P127,125
2025-02-14,P128,118
2025-02-14,P129,63
2025-02-14,P130,86
2025-02-15,P101,64
2025-02-15,P102,106
2025-02-15,P103,147
2025-02-15,P104,180
2025-02-15,P105,140
2025-02-15,P106,133
2025-02-15,P107,121
2025-02-15,P108,64
2025-02-15,P109,32
2025-02-15,P110,47
2025-02-15,P111,112
2025-02-15,P112,204
2025-02-15,P113,190
2025-02-15,P114,190
2025-02-15,P115,147
2025-02-15,P116,99
2025-02-15,P117,61
2025-02-15,P118,110
2025-02-15,P119,96
2025-02-15,P120,103
2025-02-15,P121,73
2025-02-15,P122,43
2025-02-15,P123,71
2025-02-15,P124,94
2025-02-15,P125,127
2025-02-15,P126,70
2025-02-15,P127,122
2025-02-15,P128,72
2025-02-15,P129,72
2025-02-15,P130,50
2025-02-16,P101,54
2025-02-16,P102,80
2025-02-16,P103,139
2025-02-16,P104,126
2025-02-16,P105,56
2025-02-16,P106,98
2025-02-16,P107,77
2025-02-16,P108,50
2025-02-16,P109,47
2025-02-16,P110,34
2025-02-16,P111,168
2025-02-16,P112,191
2025-02-16,P113,194
2025-02-16,P114,196
2025-02-16,P115,117
2025-02-16,P116,56
2025-02-16,P117,101
2025-02-16,P118,103
2025-02-16,P119,116
2025-02-16,P120,128
2025-02-16,P121,59
2025-02-16,P122,64
2025-02-16,P123,50
2025-02-16,P124,51
2025-02-16,P125,72
2025-02-16,P126,63
2025-02-16,P127,61
2025-02-16,P128,78
2025-02-16,P129,64
2025-02-16,P130,83
2025-02-17,P101,60
2025-02-17,P102,122
2025-02-17,P103,109
2025-02-17,P104,125
2025-02-17,P105,66
2025-02-17,P106,104
2025-02-17,P107,115
2025-02-17,P108,54
2025-02-17,P109,47
2025-02-17,P110,36
2025-02-17,P111,83
2025-02-17,P112,111
2025-02-17,P113,99
2025-02-17,P114,171
2025-02-17,P115,106
2025-02-17,P116,68
2025-02-17,P117,83
2025-02-17,P118,69
2025-02-17,P119,62
2025-02-17,P120,64
2025-02-17,P121,78
2025-02-17,P122,52
2025-02-17,P123,86
2025-02-17,P124,53
2025-02-17,P125,67
2025-02-17,P126,47
2025-02-17,P127,92
2025-02-17,P128,99
2025-02-17,P129,68
2025-02-17,P130,40
2025-02-18,P101,75
2025-02-18,P102,111
2025-02-18,P103,129
2025-02-18,P104,122
2025-02-18,P105,59
2025-02-18,P106,83
2025-02-18,P107,115
2025-02-18,P108,57
2025-02-18,P109,61
2025-02-18,P110,46
2025-02-18,P111,78
2025-02-18,P112,161
2025-02-18,P113,160
2025-02-18,P114,116
2025-02-18,P115,96
2025-02-18,P116,71
2025-02-18,P117,67
2025-02-18,P118,71
2025-02-18,P119,82
2025-02-18,P120,107
2025-02-18,P121,55
2025-02-18,P122,52
2025-02-18,P123,75
2025-02-18,P124,92
2025-02-18,P125,81
2025-02-18,P126,111
2025-02-18,P127,95
2025-02-18,P128,81
2025-02-18,P129,38
2025-02-18,P130,83
2025-02-19,P101,45
2025-02-19,P102,123
2025-02-19,P103,126
2025-02-19,P104,117
2025-02-19,P105,86
2025-02-19,P106,99
2025-02-19,P107,56
2025-02-19,P108,39
2025-02-19,P109,33
2025-02-19,P110,71
2025-02-19,P111,88
2025-02-19,P112,152
2025-02-19,P113,140
2025-02-19,P114,127
2025-02-19,P115,83
2025-02-19,P116,63
2025-02-19,P117,96
2025-02-19,P118,86
2025-02-19,P119,93
2025-02-19,P120,96
2025-02-19,P121,90
2025-02-19,P122,63
2025-02-19,P123,70
2025-02-19,P124,76
2025-02-19,P125,107
2025-02-19,P126,95
2025-02-19,P127,64
2025-02-19,P128,49
2025-02-19,P129,50
2025-02-19,P130,73
2025-02-20,P101,62
2025-02-20,P102,95
2025-02-20,P103,99
2025-02-20,P104,107
2025-02-20,P105,93
2025-02-20,P106,84
2025-02-20,P107,123
2025-02-20,P108,58
2025-02-20,P109,56
2025-02-20,P110,56
2025-02-20,P111,104
2025-02-20,P112,110
2025-02-20,P113,103
2025-02-20,P114,109
2025-02-20,P115,104
2025-02-20,P116,50
2025-02-20,P117,107
2025-02-20,P118,110
2025-02-20,P119,78
2025-02-20,P120,101
2025-02-20,P121,66
2025-02-20,P122,46
2025-02-20,P123,91
2025-02-20,P124,51
2025-02-20,P125,68
2025-02-20,P126,109
2025-02-20,P127,50
2025-02-20,P128,55
2025-02-20,P129,41
2025-02-20,P130,43
2025-02-21,P101,61
2025-02-21,P102,119
2025-02-21,P103,150
2025-02-21,P104,161
2025-02-21,P105,81
2025-02-21,P106,122
2025-02-21,P107,67
2025-02-21,P108,44
2025-02-21,P109,45
2025-02-21,P110,67
2025-02-21,P111,139
2025-02-21,P112,98
2025-02-21,P113,168
2025-02-21,P114,177
2025-02-21,P115,86
2025-02-21,P116,90
2025-02-21,P117,52
2025-02-21,P118,65
2025-02-21,P119,69
2025-02-21,P120,63
2025-02-21,P121,100
2025-02-21,P122,50
2025-02-21,P123,94
2025-02-21,P124,62
2025-02-21,P125,55
2025-02-21,P126,63
2025-02-21,P127,83
2025-02-21,P128,61
2025-02-21,P129,74
2025-02-21,P130,46
2025-02-22,P101,103
2025-02-22,P102,125
2025-02-22,P103,165
2025-02-22,P104,147
2025-02-22,P105,135
2025-02-22,P106,141
2025-02-22,P107,135
2025-02-22,P108,68
2025-02-22,P109,35
2025-02-22,P110,38
2025-02-22,P111,126
2025-02-22,P112,180
2025-02-22,P113,133
2025-02-22,P114,125
2025-02-22,P115,146
2025-02-22,P116,81
2025-02-22,P117,97
2025-02-22,P118,126
2025-02-22,P119,97
2025-02-22,P120,133
2025-02-22,P121,66
2025-02-22,P122,61
2025-02-22,P123,78
2025-02-22,P124,102
2025-02-22,P125,61
2025-02-22,P126,136
2025-02-22,P127,121
2025-02-22,P128,128
2025-02-22,P129,89
2025-02-22,P130,90
2025-02-23,P101,48
2025-02-23,P102,102
2025-02-23,P103,137
2025-02-23,P104,156
2025-02-23,P105,116
2025-02-23,P106,102
2025-02-23,P107,76
2025-02-23,P108,51
2025-02-23,P109,55
2025-02-23,P110,57
2025-02-23,P111,175
2025-02-23,P112,148
2025-02-23,P113,189
2025-02-23,P114,208
2025-02-23,P115,139
2025-02-23,P116,102
2025-02-23,P117,94
2025-02-23,P118,75
2025-02-23,P119,124
2025-02-23,P120,124
2025-02-23,P121,71
2025-02-23,P122,39
2025-02-23,P123,56
2025-02-23,P124,51
2025-02-23,P125,76
2025-02-23,P126,112
2025-02-23,P127,77
2025-02-23,P128,76
2025-02-23,P129,93
2025-02-23,P130,71
2025-02-24,P101,76
2025-02-24,P102,115
2025-02-24,P103,127
2025-02-24,P104,147
2025-02-24,P105,78
2025-02-24,P106,64
2025-02-24,P107,87
2025-02-24,P108,30
2025-02-24,P109,31
2025-02-24,P110,65
2025-02-24,P111,103
2025-02-24,P112,84
2025-02-24,P113,121
2025-02-24,P114,106
2025-02-24,P115,77
2025-02-24,P116,65
2025-02-24,P117,50
2025-02-24,P118,60
2025-02-24,P119,81
2025-02-24,P120,65
2025-02-24,P121,83
2025-02-24,P122,44
2025-02-24,P123,80
2025-02-24,P124,94
2025-02-24,P125,64
2025-02-24,P126,103
2025-02-24,P127,74
2025-02-24,P128,82
2025-02-24,P129,42
2025-02-24,P130,61
2025-02-25,P101,67
2025-02-25,P102,100
2025-02-25,P103,135
2025-02-25,P104,143
2025-02-25,P105,88
2025-02-25,P106,100
2025-02-25,P107,88
2025-02-25,P108,43
2025-02-25,P109,41
2025-02-25,P110,30
2025-02-25,P111,122
2025-02-25,P112,117
2025-02-25,P113,120
2025-02-25,P114,185
2025-02-25,P115,63
2025-02-25,P116,52
2025-02-25,P117,83
2025-02-25,P118,107
2025-02-25,P119,93
2025-02-25,P120,80
2025-02-25,P121,84
2025-02-25,P122,38
2025-02-25,P123,45
2025-02-25,P124,78
2025-02-25,P125,93
2025-02-25,P126,73
2025-02-25,P127,50
2025-02-25,P128,83
2025-02-25,P129,51
2025-02-25,P130,49
2025-02-26,P101,37
2025-02-26,P102,108
2025-02-26,P103,117
2025-02-26,P104,104
2025-02-26,P105,55
2025-02-26,P106,71
2025-02-26,P107,113
2025-02-26,P108,61
2025-02-26,P109,51
2025-02-26,P110,40
2025-02-26,P111,103
2025-02-26,P112,150
2025-02-26,P113,158
2025-02-26,P114,160
2025-02-26,P115,69
2025-02-26,P116,59
2025-02-26,P117,92
2025-02-26,P118,105
2025-02-26,P119,56
2025-02-26,P120,88
2025-02-26,P121,84
2025-02-26,P122,51
2025-02-26,P123,69
2025-02-26,P124,66
2025-02-26,P125,89
2025-02-26,P126,59
2025-02-26,P127,102
2025-02-26,P128,84
2025-02-26,P129,78
2025-02-26,P130,50
2025-02-27,P101,39
2025-02-27,P102,88
2025-02-27,P103,115
2025-02-27,P104,147
2025-02-27,P105,59
2025-02-27,P106,99
2025-02-27,P107,91
2025-02-27,P108,36
2025-02-27,P109,69
2025-02-27,P110,67
2025-02-27,P111,125
2025-02-27,P112,123
2025-02-27,P113,110
2025-02-27,P114,137
2025-02-27,P115,91
2025-02-27,P116,70
2025-02-27,P117,91
2025-02-27,P118,81
2025-02-27,P119,92
2025-02-27,P120,100
2025-02-27,P121,46
2025-02-27,P122,38
2025-02-27,P123,46
2025-02-27,P124,85
2025-02-27,P125,74
2025-02-27,P126,90
2025-02-27,P127,94
2025-02-27,P128,107
2025-02-27,P129,40
2025-02-27,P130,57
2025-02-28,P101,83
2025-02-28,P102,94
2025-02-28,P103,163
2025-02-28,P104,171
2025-02-28,P105,75
2025-02-28,P106,116
2025-02-28,P107,82
2025-02-28,P108,42
2025-02-28,P109,31
2025-02-28,P110,43
2025-02-28,P111,172
2025-02-28,P112,177
2025-02-28,P113,102
2025-02-28,P114,192
2025-02-28,P115,83
2025-02-28,P116,91
2025-02-28,P117,83
2025-02-28,P118,89
2025-02-28,P119,63
2025-02-28,P120,64
2025-02-28,P121,74
2025-02-28,P122,66
2025-02-28,P123,107
2025-02-28,P124,111
2025-02-28,P125,120
2025-02-28,P126,81
2025-02-28,P127,99
2025-02-28,P128,54
2025-02-28,P129,51
2025-02-28,P130,50
2025-03-01,P101,61
2025-03-01,P102,145
2025-03-01,P103,175
2025-03-01,P104,133
2025-03-01,P105,133
2025-03-01,P106,129
2025-03-01,P107,122
2025-03-01,P108,36
2025-03-01,P109,55
2025-03-01,P110,36
2025-03-01,P111,143
2025-03-01,P112,211
2025-03-01,P113,145
2025-03-01,P114,120
2025-03-01,P115,100
2025-03-01,P116,89
2025-03-01,P117,126
2025-03-01,P118,126
2025-03-01,P119,117
2025-03-01,P120,96
2025-03-01,P121,84
2025-03-01,P122,40
2025-03-01,P123,90
2025-03-01,P124,98
2025-03-01,P125,114
2025-03-01,P126,113
2025-03-01,P127,61
2025-03-01,P128,104
2025-03-01,P129,84
2025-03-01,P130,102
2025-03-02,P101,100
2025-03-02,P102,126
2025-03-02,P103,126
2025-03-02,P104,100
2025-03-02,P105,66
2025-03-02,P106,73
2025-03-02,P107,143
2025-03-02,P108,59
2025-03-02,P109,78
2025-03-02,P110,48
2025-03-02,P111,169
2025-03-02,P112,173
2025-03-02,P113,122
2025-03-02,P114,186
2025-03-02,P115,79
2025-03-02,P116,91
2025-03-02,P117,87
2025-03-02,P118,112
2025-03-02,P119,122
2025-03-02,P120,66
2025-03-02,P121,80
2025-03-02,P122,66
2025-03-02,P123,101
2025-03-02,P124,84
2025-03-02,P125,69
2025-03-02,P126,79
2025-03-02,P127,88
2025-03-02,P128,84
2025-03-02,P129,87
2025-03-02,P130,85
2025-03-03,P101,45
2025-03-03,P102,130
2025-03-03,P103,130
2025-03-03,P104,91
2025-03-03,P105,75
2025-03-03,P106,109
2025-03-03,P107,54
2025-03-03,P108,58
2025-03-03,P109,42
2025-03-03,P110,37
2025-03-03,P111,139
2025-03-03,P112,122
2025-03-03,P113,127
2025-03-03,P114,105
2025-03-03,P115,119
2025-03-03,P116,57
2025-03-03,P117,97
2025-03-03,P118,82
2025-03-03,P119,74
2025-03-03,P120,60
2025-03-03,P121,83
2025-03-03,P122,53
2025-03-03,P123,87
2025-03-03,P124,42
2025-03-03,P125,64
2025-03-03,P126,112
2025-03-03,P127,98
2025-03-03,P128,98
2025-03-03,P129,63
2025-03-03,P130,72
2025-03-04,P101,36
2025-03-04,P102,127
2025-03-04,P103,87
2025-03-04,P104,97
2025-03-04,P105,101
2025-03-04,P106,64
2025-03-04,P107,91
2025-03-04,P108,36
2025-03-04,P109,47
2025-03-04,P110,70
2025-03-04,P111,104
2025-03-04,P112,106
2025-03-04,P113,145
2025-03-04,P114,147
2025-03-04,P115,97
2025-03-04,P116,75
2025-03-04,P117,104
2025-03-04,P118,79
2025-03-04,P119,98
2025-03-04,P120,100
2025-03-04,P121,65
2025-03-04,P122,43
2025-03-04,P123,47
2025-03-04,P124,86
2025-03-04,P125,84
2025-03-04,P126,60
2025-03-04,P127,88
2025-03-04,P128,59
2025-03-04,P129,71
2025-03-04,P130,85
2025-03-05,P101,61
2025-03-05,P102,132
2025-03-05,P103,147
2025-03-05,P104,122
2025-03-05,P105,87
2025-03-05,P106,80
2025-03-05,P107,57
2025-03-05,P108,45
2025-03-05,P109,49
2025-03-05,P110,69
2025-03-05,P111,134
2025-03-05,P112,114
2025-03-05,P113,184
2025-03-05,P114,114
2025-03-05,P115,136
2025-03-05,P116,59
2025-03-05,P117,100
2025-03-05,P118,74
2025-03-05,P119,88
2025-03-05,P120,75
2025-03-05,P121,73
2025-03-05,P122,32
2025-03-05,P123,66
2025-03-05,P124,87
2025-03-05,P125,96
2025-03-05,P126,103
2025-03-05,P127,71
2025-03-05,P128,79
2025-03-05,P129,66
2025-03-05,P130,88
2025-03-06,P101,41
2025-03-06,P102,137
2025-03-06,P103,135
2025-03-06,P104,109
2025-03-06,P105,116
2025-03-06,P106,100
2025-03-06,P107,59
2025-03-06,P108,41
2025-03-06,P109,44
2025-03-06,P110,64
2025-03-06,P111,156
2025-03-06,P112,108
2025-03-06,P113,138
2025-03-06,P114,132
2025-03-06,P115,123
2025-03-06,P116,48
2025-03-06,P117,90
2025-03-06,P118,119
2025-03-06,P119,68
2025-03-06,P120,110
2025-03-06,P121,103
2025-03-06,P122,70
2025-03-06,P123,96
2025-03-06,P124,98
2025-03-06,P125,83
2025-03-06,P126,59
2025-03-06,P127,103
2025-03-06,P128,80
2025-03-06,P129,65
2025-03-06,P130,81
2025-03-07,P101,51
2025-03-07,P102,160
2025-03-07,P103,93
2025-03-07,P104,133
2025-03-07,P105,61
2025-03-07,P106,120
2025-03-07,P107,65
2025-03-07,P108,50
2025-03-07,P109,41
2025-03-07,P110,38
2025-03-07,P111,117
2025-03-07,P112,125
2025-03-07,P113,166
2025-03-07,P114,110
2025-03-07,P115,82
2025-03-07,P116,100
2025-03-07,P117,93
2025-03-07,P118,70
2025-03-07,P119,114
2025-03-07,P120,101
2025-03-07,P121,54
2025-03-07,P122,51
2025-03-07,P123,47
2025-03-07,P124,75
2025-03-07,P125,110
2025-03-07,P126,60
2025-03-07,P127,64
2025-03-07,P128,111
2025-03-07,P129,42
2025-03-07,P130,66
2025-03-08,P101,46
2025-03-08,P102,98
2025-03-08,P103,178
2025-03-08,P104,119
2025-03-08,P105,74
2025-03-08,P106,122
2025-03-08,P107,110
2025-03-08,P108,59
2025-03-08,P109,67
2025-03-08,P110,59
2025-03-08,P111,191
2025-03-08,P112,112
2025-03-08,P113,188
2025-03-08,P114,221
2025-03-08,P115,140
2025-03-08,P116,90
2025-03-08,P117,99
2025-03-08,P118,86
2025-03-08,P119,126
2025-03-08,P120,74
2025-03-08,P121,63
2025-03-08,P122,64
2025-03-08,P123,89
2025-03-08,P124,84
2025-03-08,P125,78
2025-03-08,P126,72
2025-03-08,P127,96
2025-03-08,P128,106
2025-03-08,P129,52
2025-03-08,P130,79
2025-03-09,P101,82
2025-03-09,P102,159
2025-03-09,P103,144
2025-03-09,P104,165
2025-03-09,P105,118
2025-03-09,P106,113
2025-03-09,P107,73
2025-03-09,P108,38
2025-03-09,P109,32
2025-03-09,P110,46
2025-03-09,P111,186
2025-03-09,P112,105
2025-03-09,P113,214
2025-03-09,P114,175
2025-03-09,P115,83
2025-03-09,P116,111
2025-03-09,P117,123
2025-03-09,P118,107
2025-03-09,P119,128
2025-03-09,P120,77
2025-03-09,P121,61
2025-03-09,P122,46
2025-03-09,P123,103
2025-03-09,P124,76
2025-03-09,P125,60
2025-03-09,P126,59
2025-03-09,P127,65
2025-03-09,P128,69
2025-03-09,P129,92
2025-03-09,P130,101
2025-03-10,P101,82
2025-03-10,P102,92
2025-03-10,P103,113
2025-03-10,P104,120
2025-03-10,P105,86
2025-03-10,P106,76
2025-03-10,P107,111
2025-03-10,P108,44
2025-03-10,P109,59
2025-03-10,P110,37
2025-03-10,P111,106
2025-03-10,P112,160
2025-03-10,P113,177
2025-03-10,P114,176
2025-03-10,P115,74
2025-03-10,P116,91
2025-03-10,P117,54
2025-03-10,P118,76
2025-03-10,P119,78
2025-03-10,P120,72
2025-03-10,P121,41
2025-03-10,P122,62
2025-03-10,P123,63
2025-03-10,P124,95
2025-03-10,P125,63
2025-03-10,P126,94
2025-03-10,P127,88
2025-03-10,P128,73
2025-03-10,P129,70
2025-03-10,P130,81
2025-03-11,P101,90
2025-03-11,P102,84
2025-03-11,P103,84
2025-03-11,P104,130
2025-03-11,P105,76
2025-03-11,P106,94
2025-03-11,P107,104
2025-03-11,P108,36
2025-03-11,P109,62
2025-03-11,P110,40
2025-03-11,P111,143
2025-03-11,P112,131
2025-03-11,P113,136
2025-03-11,P114,167
2025-03-11,P115,108
2025-03-11,P116,46
2025-03-11,P117,68
2025-03-11,P118,106
2025-03-11,P119,73
2025-03-11,P120,69
2025-03-11,P121,93
2025-03-11,P122,53
2025-03-11,P123,85
2025-03-11,P124,102
2025-03-11,P125,55
2025-03-11,P126,86
2025-03-11,P127,103
2025-03-11,P128,93
2025-03-11,P129,61
2025-03-11,P130,79
2025-03-12,P101,54
2025-03-12,P102,80
2025-03-12,P103,129
2025-03-12,P104,127
2025-03-12,P105,120
2025-03-12,P106,86
2025-03-12,P107,122
2025-03-12,P108,27
2025-03-12,P109,38
2025-03-12,P110,37
2025-03-12,P111,141
2025-03-12,P112,172
2025-03-12,P113,171
2025-03-12,P114,165
2025-03-12,P115,70
2025-03-12,P116,59
2025-03-12,P117,83
2025-03-12,P118,101
2025-03-12,P119,111
2025-03-12,P120,111
2025-03-12,P121,69
2025-03-12,P122,62
2025-03-12,P123,54
2025-03-12,P124,48
2025-03-12,P125,56
2025-03-12,P126,110
2025-03-12,P127,110
2025-03-12,P128,61
2025-03-12,P129,43
2025-03-12,P130,73
2025-03-13,P101,87
2025-03-13,P102,100
2025-03-13,P103,97
2025-03-13,P104,106
2025-03-13,P105,111
2025-03-13,P106,71
2025-03-13,P107,88
2025-03-13,P108,67
2025-03-13,P109,37
2025-03-13,P110,50
2025-03-13,P111,134
2025-03-13,P112,123
2025-03-13,P113,186
2025-03-13,P114,153
2025-03-13,P115,114
2025-03-13,P116,61
2025-03-13,P117,62
2025-03-13,P118,80
2025-03-13,P119,93
2025-03-13,P120,62
2025-03-13,P121,64
2025-03-13,P122,45
2025-03-13,P123,74
2025-03-13,P124,100
2025-03-13,P125,117
2025-03-13,P126,99
2025-03-13,P127,52
2025-03-13,P128,86
2025-03-13,P129,75
2025-03-13,P130,53
2025-03-14,P101,60
2025-03-14,P102,163
2025-03-14,P103,160
2025-03-14,P104,180
2025-03-14,P105,83
2025-03-14,P106,133
2025-03-14,P107,75
2025-03-14,P108,47
2025-03-14,P109,45
2025-03-14,P110,76
2025-03-14,P111,103
2025-03-14,P112,105
2025-03-14,P113,160
2025-03-14,P114,158
2025-03-14,P115,95
2025-03-14,P116,77
2025-03-14,P117,72
2025-03-14,P118,60
2025-03-14,P119,99
2025-03-14,P120,79
2025-03-14,P121,100
2025-03-14,P122,35
2025-03-14,P123,73
2025-03-14,P124,113
2025-03-14,P125,68
2025-03-14,P126,108
2025-03-14,P127,99
2025-03-14,P128,93
2025-03-14,P129,88
2025-03-14,P130,69
2025-03-15,P101,89
2025-03-15,P102,168
2025-03-15,P103,179
2025-03-15,P104,156
2025-03-15,P105,130
2025-03-15,P106,122
2025-03-15,P107,104
2025-03-15,P108,50
2025-03-15,P109,40
2025-03-15,P110,50
2025-03-15,P111,111
2025-03-15,P112,201
2025-03-15,P113,135
2025-03-15,P114,170
2025-03-15,P115,139
2025-03-15,P116,73
2025-03-15,P117,83
2025-03-15,P118,73
2025-03-15,P119,106
2025-03-15,P120,88
2025-03-15,P121,90
2025-03-15,P122,45
2025-03-15,P123,57
2025-03-15,P124,81
2025-03-15,P125,119
2025-03-15,P126,140
2025-03-15,P127,131
2025-03-15,P128,69
2025-03-15,P129,82
2025-03-15,P130,55
2025-03-16,P101,57
2025-03-16,P102,125
2025-03-16,P103,180
2025-03-16,P104,200
2025-03-16,P105,71
2025-03-16,P106,113
2025-03-16,P107,84
2025-03-16,P108,67
2025-03-16,P109,65
2025-03-16,P110,50
2025-03-16,P111,200
2025-03-16,P112,182
2025-03-16,P113,211
2025-03-16,P114,183
2025-03-16,P115,90
2025-03-16,P116,74
2025-03-16,P117,113
2025-03-16,P118,76
2025-03-16,P119,61
2025-03-16,P120,96
2025-03-16,P121,87
2025-03-16,P122,48
2025-03-16,P123,69
2025-03-16,P124,53
2025-03-16,P125,132
2025-03-16,P126,97
2025-03-16,P127,117
2025-03-16,P128,87
2025-03-16,P129,60
2025-03-16,P130,100
2025-03-17,P101,42
2025-03-17,P102,138
2025-03-17,P103,108
2025-03-17,P104,137
2025-03-17,P105,118
2025-03-17,P106,72
2025-03-17,P107,120
2025-03-17,P108,48
2025-03-17,P109,57
2025-03-17,P110,32
2025-03-17,P111,106
2025-03-17,P112,162
2025-03-17,P113,105
2025-03-17,P114,188
2025-03-17,P115,95
2025-03-17,P116,47
2025-03-17,P117,49
2025-03-17,P118,85
2025-03-17,P119,51
2025-03-17,P120,68
2025-03-17,P121,84
2025-03-17,P122,59
2025-03-17,P123,50
2025-03-17,P124,44
2025-03-17,P125,76
2025-03-17,P126,91
2025-03-17,P127,84
2025-03-17,P128,76
2025-03-17,P129,60
2025-03-17,P130,85
2025-03-18,P101,65
2025-03-18,P102,97
2025-03-18,P103,109
2025-03-18,P104,157
2025-03-18,P105,72
2025-03-18,P106,78
2025-03-18,P107,135
2025-03-18,P108,25
2025-03-18,P109,28
2025-03-18,P110,73
2025-03-18,P111,136
2025-03-18,P112,168
2025-03-18,P113,148
2025-03-18,P114,140
2025-03-18,P115,73
2025-03-18,P116,50
2025-03-18,P117,62
2025-03-18,P118,111
2025-03-18,P119,102
2025-03-18,P120,115
2025-03-18,P121,99
2025-03-18,P122,62
2025-03-18,P123,49
2025-03-18,P124,53
2025-03-18,P125,71
2025-03-18,P126,105
2025-03-18,P127,56
2025-03-18,P128,79
2025-03-18,P129,85
2025-03-18,P130,53
2025-03-19,P101,75
2025-03-19,P102,94
2025-03-19,P103,131
2025-03-19,P104,176
2025-03-19,P105,103
2025-03-19,P106,58
2025-03-19,P107,84
2025-03-19,P108,59
2025-03-19,P109,62
2025-03-19,P110,54
2025-03-19,P111,103
2025-03-19,P112,103
2025-03-19,P113,132
2025-03-19,P114,154
2025-03-19,P115,115
2025-03-19,P116,99
2025-03-19,P117,100
2025-03-19,P118,78
2025-03-19,P119,86
2025-03-19,P120,124
2025-03-19,P121,84
2025-03-19,P122,56
2025-03-19,P123,91
2025-03-19,P124,75
2025-03-19,P125,66
2025-03-19,P126,107
2025-03-19,P127,95
2025-03-19,P128,118
2025-03-19,P129,80
2025-03-19,P130,85
2025-03-20,P101,82
2025-03-20,P102,88
2025-03-20,P103,128
2025-03-20,P104,137
2025-03-20,P105,126
2025-03-20,P106,92
2025-03-20,P107,149
2025-03-20,P108,40
2025-03-20,P109,36
2025-03-20,P110,37
2025-03-20,P111,135
2025-03-20,P112,162
2025-03-20,P113,114
2025-03-20,P114,186
2025-03-20,P115,80
2025-03-20,P116,84
2025-03-20,P117,115
2025-03-20,P118,65
2025-03-20,P119,59
2025-03-20,P120,119
2025-03-20,P121,108
2025-03-20,P122,61
2025-03-20,P123,105
2025-03-20,P124,95
2025-03-20,P125,117
2025-03-20,P126,79
2025-03-20,P127,102
2025-03-20,P128,100
2025-03-20,P129,58
2025-03-20,P130,71
2025-03-21,P101,77
2025-03-21,P102,162
2025-03-21,P103,100
2025-03-21,P104,138
2025-03-21,P105,89
2025-03-21,P106,89
2025-03-21,P107,141
2025-03-21,P108,35
2025-03-21,P109,45
2025-03-21,P110,35
2025-03-21,P111,158
2025-03-21,P112,108
2025-03-21,P113,172
2025-03-21,P114,170
2025-03-21,P115,95
2025-03-21,P116,75
2025-03-21,P117,81
2025-03-21,P118,93
2025-03-21,P119,91
2025-03-21,P120,90
2025-03-21,P121,58
2025-03-21,P122,34
2025-03-21,P123,109
2025-03-21,P124,62
2025-03-21,P125,65
2025-03-21,P126,68
2025-03-21,P127,84
2025-03-21,P128,123
2025-03-21,P129,87
2025-03-21,P130,102
2025-03-22,P101,99
2025-03-22,P102,146
2025-03-22,P103,201
2025-03-22,P104,162
2025-03-22,P105,114
2025-03-22,P106,114
2025-03-22,P107,100
2025-03-22,P108,62
2025-03-22,P109,65
2025-03-22,P110,58
2025-03-22,P111,110
2025-03-22,P112,220
2025-03-22,P113,178
2025-03-22,P114,244
2025-03-22,P115,140
2025-03-22,P116,127
2025-03-22,P117,63
2025-03-22,P118,129
2025-03-22,P119,74
2025-03-22,P120,82
2025-03-22,P121,68
2025-03-22,P122,86
2025-03-22,P123,90
2025-03-22,P124,129
2025-03-22,P125,126
2025-03-22,P126,94
2025-03-22,P127,94
2025-03-22,P128,72
2025-03-22,P129,84
2025-03-22,P130,83
2025-03-23,P101,96
2025-03-23,P102,115
2025-03-23,P103,123
2025-03-23,P104,187
2025-03-23,P105,115
2025-03-23,P106,117
2025-03-23,P107,129
2025-03-23,P108,57
2025-03-23,P109,44
2025-03-23,P110,41
2025-03-23,P111,174
2025-03-23,P112,154
2025-03-23,P113,161
2025-03-23,P114,172
2025-03-23,P115,102
2025-03-23,P116,110
2025-03-23,P117,131
2025-03-23,P118,83
2025-03-23,P119,61
2025-03-23,P120,120
2025-03-23,P121,109
2025-03-23,P122,44
2025-03-23,P123,53
2025-03-23,P124,99
2025-03-23,P125,102
2025-03-23,P126,132
2025-03-23,P127,127
2025-03-23,P128,81
2025-03-23,P129,64
2025-03-23,P130,60
2025-03-24,P101,86
2025-03-24,P102,115
2025-03-24,P103,129
2025-03-24,P104,144
2025-03-24,P105,87
2025-03-24,P106,81
2025-03-24,P107,114
2025-03-24,P108,52
2025-03-24,P109,28
2025-03-24,P110,50
2025-03-24,P111,119
2025-03-24,P112,166
2025-03-24,P113,116
2025-03-24,P114,128
2025-03-24,P115,92
2025-03-24,P116,67
2025-03-24,P117,58
2025-03-24,P118,107
2025-03-24,P119,92
2025-03-24,P120,59
2025-03-24,P121,52
2025-03-24,P122,33
2025-03-24,P123,68
2025-03-24,P124,97
2025-03-24,P125,87
2025-03-24,P126,66
2025-03-24,P127,88
2025-03-24,P128,70
2025-03-24,P129,50
2025-03-24,P130,51
2025-03-25,P101,74
2025-03-25,P102,95
2025-03-25,P103,82
2025-03-25,P104,95
2025-03-25,P105,93
2025-03-25,P106,90
2025-03-25,P107,113
2025-03-25,P108,60
2025-03-25,P109,64
2025-03-25,P110,46
2025-03-25,P111,153
2025-03-25,P112,132
2025-03-25,P113,156
2025-03-25,P114,108
2025-03-25,P115,111
2025-03-25,P116,51
2025-03-25,P117,90
2025-03-25,P118,76
2025-03-25,P119,59
2025-03-25,P120,90
2025-03-25,P121,82
2025-03-25,P122,44
2025-03-25,P123,68
2025-03-25,P124,47
2025-03-25,P125,61
2025-03-25,P126,66
2025-03-25,P127,70
2025-03-25,P128,114
2025-03-25,P129,66
2025-03-25,P130,42
2025-03-26,P101,66
2025-03-26,P102,110
2025-03-26,P103,86
2025-03-26,P104,166
2025-03-26,P105,88
2025-03-26,P106,114
2025-03-26,P107,99
2025-03-26,P108,55
2025-03-26,P109,45
2025-03-26,P110,74
2025-03-26,P111,138
2025-03-26,P112,106
2025-03-26,P113,154
2025-03-26,P114,185
2025-03-26,P115,109
2025-03-26,P116,71
2025-03-26,P117,101
2025-03-26,P118,100
2025-03-26,P119,114
2025-03-26,P120,78
2025-03-26,P121,83
2025-03-26,P122,60
2025-03-26,P123,63
2025-03-26,P124,86
2025-03-26,P125,65
2025-03-26,P126,87
2025-03-26,P127,63
2025-03-26,P128,87
2025-03-26,P129,89
2025-03-26,P130,69
2025-03-27,P101,72
2025-03-27,P102,109
2025-03-27,P103,167
2025-03-27,P104,183
2025-03-27,P105,56
2025-03-27,P106,82
2025-03-27,P107,117
2025-03-27,P108,34
2025-03-27,P109,76
2025-03-27,P110,45
2025-03-27,P111,96
2025-03-27,P112,169
2025-03-27,P113,154
2025-03-27,P114,208
2025-03-27,P115,131
2025-03-27,P116,96
2025-03-27,P117,89
2025-03-27,P118,117
2025-03-27,P119,111
2025-03-27,P120,64
2025-03-27,P121,62
2025-03-27,P122,70
2025-03-27,P123,52
2025-03-27,P124,57
2025-03-27,P125,67
2025-03-27,P126,111
2025-03-27,P127,94
2025-03-27,P128,65
2025-03-27,P129,64
2025-03-27,P130,78
2025-03-28,P101,84
2025-03-28,P102,160
2025-03-28,P103,155
2025-03-28,P104,143
2025-03-28,P105,80
2025-03-28,P106,133
2025-03-28,P107,139
2025-03-28,P108,47
2025-03-28,P109,67
2025-03-28,P110,38
2025-03-28,P111,108
2025-03-28,P112,146
2025-03-28,P113,165
2025-03-28,P114,143
2025-03-28,P115,119
2025-03-28,P116,60
2025-03-28,P117,113
2025-03-28,P118,108
2025-03-28,P119,114
2025-03-28,P120,66
2025-03-28,P121,56
2025-03-28,P122,43
2025-03-28,P123,57
2025-03-28,P124,124
2025-03-28,P125,75
2025-03-28,P126,91
2025-03-28,P127,96
2025-03-28,P128,109
2025-03-28,P129,45
2025-03-28,P130,88
2025-03-29,P101,112
2025-03-29,P102,166
2025-03-29,P103,103
2025-03-29,P104,122
2025-03-29,P105,122
2025-03-29,P106,168
2025-03-29,P107,125
2025-03-29,P108,68
2025-03-29,P109,80
2025-03-29,P110,92
2025-03-29,P111,162
2025-03-29,P112,149
2025-03-29,P113,131
2025-03-29,P114,161
2025-03-29,P115,100
2025-03-29,P116,70
2025-03-29,P117,110
2025-03-29,P118,106
2025-03-29,P119,126
2025-03-29,P120,135
2025-03-29,P121,86
2025-03-29,P122,66
2025-03-29,P123,60
2025-03-29,P124,81
2025-03-29,P125,104
2025-03-29,P126,81
2025-03-29,P127,72
2025-03-29,P128,100
2025-03-29,P129,88
2025-03-29,P130,95
2025-03-30,P101,110
2025-03-30,P102,136
2025-03-30,P103,168
2025-03-30,P104,134
2025-03-30,P105,138
2025-03-30,P106,77
2025-03-30,P107,93
2025-03-30,P108,43
2025-03-30,P109,74
2025-03-30,P110,77
2025-03-30,P111,145
2025-03-30,P112,141
2025-03-30,P113,129
2025-03-30,P114,141
2025-03-30,P115,126
2025-03-30,P116,68
2025-03-30,P117,132
2025-03-30,P118,76
2025-03-30,P119,91
2025-03-30,P120,138
2025-03-30,P121,58
2025-03-30,P122,72
2025-03-30,P123,85
2025-03-30,P124,75
2025-03-30,P125,63
2025-03-30,P126,80
2025-03-30,P127,83
2025-03-30,P128,102
2025-03-30,P129,77
2025-03-30,P130,64
2025-03-31,P101,90
2025-03-31,P102,121
2025-03-31,P103,153
2025-03-31,P104,145
2025-03-31,P105,90
2025-03-31,P106,110
2025-03-31,P107,67
2025-03-31,P108,64
2025-03-31,P109,63
2025-03-31,P110,47
2025-03-31,P111,146
2025-03-31,P112,176
2025-03-31,P113,171
2025-03-31,P114,170
2025-03-31,P115,116
2025-03-31,P116,82
2025-03-31,P117,68
2025-03-31,P118,100
2025-03-31,P119,84
2025-03-31,P120,76
2025-03-31,P121,99
2025-03-31,P122,51
2025-03-31,P123,53
2025-03-31,P124,49
2025-03-31,P125,84
2025-03-31,P126,51
2025-03-31,P127,58
2025-03-31,P128,93
2025-03-31,P129,79
2025-03-31,P130,87
2025-04-01,P101,78
2025-04-01,P102,108
2025-04-01,P103,138
2025-04-01,P104,152
2025-04-01,P105,96
2025-04-01,P106,102
2025-04-01,P107,96
2025-04-01,P108,63
2025-04-01,P109,40
2025-04-01,P110,52
2025-04-01,P111,100
2025-04-01,P112,122
2025-04-01,P113,156
2025-04-01,P114,176
2025-04-01,P115,136
2025-04-01,P116,100
2025-04-01,P117,56
2025-04-01,P118,113
2025-04-01,P119,71
2025-04-01,P120,98
2025-04-01,P121,64
2025-04-01,P122,45
2025-04-01,P123,52
2025-04-01,P124,106
2025-04-01,P125,119
2025-04-01,P126,59
2025-04-01,P127,89
2025-04-01,P128,90
2025-04-01,P129,86
2025-04-01,P130,93
2025-04-02,P101,60
2025-04-02,P102,160
2025-04-02,P103,166
2025-04-02,P104,136
2025-04-02,P105,73
2025-04-02,P106,137
2025-04-02,P107,89
2025-04-02,P108,36
2025-04-02,P109,44
2025-04-02,P110,76
2025-04-02,P111,125
2025-04-02,P112,152
2025-04-02,P113,196
2025-04-02,P114,195
2025-04-02,P115,75
2025-04-02,P116,63
2025-04-02,P117,89
2025-04-02,P118,121
2025-04-02,P119,108
2025-04-02,P120,72
2025-04-02,P121,61
2025-04-02,P122,71
2025-04-02,P123,107
2025-04-02,P124,95
2025-04-02,P125,99
2025-04-02,P126,113
2025-04-02,P127,93
2025-04-02,P128,117
2025-04-02,P129,79
2025-04-02,P130,77
2025-04-03,P101,97
2025-04-03,P102,100
2025-04-03,P103,121
2025-04-03,P104,162
2025-04-03,P105,65
2025-04-03,P106,130
2025-04-03,P107,92
2025-04-03,P108,71
2025-04-03,P109,66
2025-04-03,P110,36
2025-04-03,P111,104
2025-04-03,P112,118
2025-04-03,P113,156
2025-04-03,P114,148
2025-04-03,P115,80
2025-04-03,P116,68
2025-04-03,P117,83
2025-04-03,P118,109
2025-04-03,P119,91
2025-04-03,P120,109
2025-04-03,P121,114
2025-04-03,P122,60
2025-04-03,P123,95
2025-04-03,P124,83
2025-04-03,P125,91
2025-04-03,P126,134
2025-04-03,P127,65
2025-04-03,P128,116
2025-04-03,P129,95
2025-04-03,P130,53
2025-04-04,P101,65
2025-04-04,P102,134
2025-04-04,P103,100
2025-04-04,P104,180
2025-04-04,P105,77
2025-04-04,P106,121
2025-04-04,P107,95
2025-04-04,P108,56
2025-04-04,P109,65
2025-04-04,P110,45
2025-04-04,P111,149
2025-04-04,P112,214
2025-04-04,P113,193
2025-04-04,P114,142
2025-04-04,P115,81
2025-04-04,P116,60
2025-04-04,P117,107
2025-04-04,P118,110
2025-04-04,P119,95
2025-04-04,P120,81
2025-04-04,P121,91
2025-04-04,P122,75
2025-04-04,P123,89
2025-04-04,P124,113
2025-04-04,P125,124
2025-04-04,P126,145
2025-04-04,P127,64
2025-04-04,P128,113
2025-04-04,P129,88
2025-04-04,P130,58
2025-04-05,P101,65
2025-04-05,P102,195
2025-04-05,P103,204
2025-04-05,P104,174
2025-04-05,P105,147
2025-04-05,P106,116
2025-04-05,P107,180
2025-04-05,P108,37
2025-04-05,P109,43
2025-04-05,P110,55
2025-04-05,P111,166
2025-04-05,P112,232
2025-04-05,P113,212
2025-04-05,P114,263
2025-04-05,P115,132
2025-04-05,P116,105
2025-04-05,P117,78
2025-04-05,P118,127
2025-04-05,P119,121
2025-04-05,P120,143
2025-04-05,P121,101
2025-04-05,P122,72
2025-04-05,P123,126
2025-04-05,P124,131
2025-04-05,P125,149
2025-04-05,P126,159
2025-04-05,P127,116
2025-04-05,P128,81
2025-04-05,P129,88
2025-04-05,P130,59
2025-04-06,P101,91
2025-04-06,P102,152
2025-04-06,P103,160
2025-04-06,P104,119
2025-04-06,P105,136
2025-04-06,P106,140
2025-04-06,P107,114
2025-04-06,P108,42
2025-04-06,P109,80
2025-04-06,P110,80
2025-04-06,P111,169
2025-04-06,P112,143
2025-04-06,P113,243
2025-04-06,P114,257
2025-04-06,P115,164
2025-04-06,P116,123
2025-04-06,P117,131
2025-04-06,P118,117
2025-04-06,P119,83
2025-04-06,P120,138
2025-04-06,P121,66
2025-04-06,P122,39
2025-04-06,P123,69
2025-04-06,P124,88
2025-04-06,P125,103
2025-04-06,P126,111
2025-04-06,P127,96
2025-04-06,P128,93
2025-04-06,P129,95
2025-04-06,P130,108
2025-04-07,P101,44
2025-04-07,P102,124
2025-04-07,P103,89
2025-04-07,P104,144
2025-04-07,P105,105
2025-04-07,P106,69
2025-04-07,P107,109
2025-04-07,P108,52
2025-04-07,P109,48
2025-04-07,P110,32
2025-04-07,P111,170
2025-04-07,P112,130
2025-04-07,P113,136
2025-04-07,P114,155
2025-04-07,P115,105
2025-04-07,P116,91
2025-04-07,P117,61
2025-04-07,P118,88
2025-04-07,P119,59
2025-04-07,P120,93
2025-04-07,P121,79
2025-04-07,P122,41
2025-04-07,P123,48
2025-04-07,P124,64
2025-04-07,P125,60
2025-04-07,P126,72
2025-04-07,P127,98
2025-04-07,P128,77
2025-04-07,P129,46
2025-04-07,P130,88
2025-04-08,P101,80
2025-04-08,P102,95
2025-04-08,P103,163
2025-04-08,P104,169
2025-04-08,P105,98
2025-04-08,P106,142
2025-04-08,P107,98
2025-04-08,P108,41
2025-04-08,P109,50
2025-04-08,P110,37
2025-04-08,P111,126
2025-04-08,P112,115
2025-04-08,P113,111
2025-04-08,P114,112
2025-04-08,P115,116
2025-04-08,P116,83
2025-04-08,P117,109
2025-04-08,P118,59
2025-04-08,P119,87
2025-04-08,P120,72
2025-04-08,P121,109
2025-04-08,P122,54
2025-04-08,P123,93
2025-04-08,P124,77
2025-04-08,P125,67
2025-04-08,P126,111
2025-04-08,P127,111
2025-04-08,P128,99
2025-04-08,P129,48
2025-04-08,P130,83
2025-04-09,P101,96
2025-04-09,P102,135
2025-04-09,P103,105
2025-04-09,P104,96
2025-04-09,P105,111
2025-04-09,P106,141
2025-04-09,P107,81
2025-04-09,P108,62
2025-04-09,P109,39
2025-04-09,P110,73
2025-04-09,P111,147
2025-04-09,P112,123
2025-04-09,P113,186
2025-04-09,P114,117
2025-04-09,P115,134
2025-04-09,P116,65
2025-04-09,P117,102
2025-04-09,P118,75
2025-04-09,P119,80
2025-04-09,P120,87
2025-04-09,P121,107
2025-04-09,P122,48
2025-04-09,P123,83
2025-04-09,P124,69
2025-04-09,P125,126
2025-04-09,P126,59
2025-04-09,P127,114
2025-04-09,P128,68
2025-04-09,P129,64
2025-04-09,P130,76
2025-04-10,P101,106
2025-04-10,P102,126
2025-04-10,P103,148
2025-04-10,P104,194
2025-04-10,P105,129
2025-04-10,P106,74
2025-04-10,P107,90
2025-04-10,P108,61
2025-04-10,P109,67
2025-04-10,P110,38
2025-04-10,P111,183
2025-04-10,P112,135
2025-04-10,P113,119
2025-04-10,P114,218
2025-04-10,P115,156
2025-04-10,P116,73
2025-04-10,P117,83
2025-04-10,P118,117
2025-04-10,P119,106
2025-04-10,P120,69
2025-04-10,P121,90
2025-04-10,P122,42
2025-04-10,P123,51
2025-04-10,P124,78
2025-04-10,P125,67
2025-04-10,P126,59
2025-04-10,P127,99
2025-04-10,P128,121
2025-04-10,P129,80
2025-04-10,P130,56
2025-04-11,P101,65
2025-04-11,P102,167
2025-04-11,P103,141
2025-04-11,P104,163
2025-04-11,P105,124
2025-04-11,P106,145
2025-04-11,P107,125
2025-04-11,P108,77
2025-04-11,P109,60
2025-04-11,P110,65
2025-04-11,P111,115
2025-04-11,P112,132
2025-04-11,P113,190
2025-04-11,P114,220
2025-04-11,P115,111
2025-04-11,P116,119
2025-04-11,P117,116
2025-04-11,P118,116
2025-04-11,P119,129
2025-04-11,P120,86
2025-04-11,P121,96
2025-04-11,P122,65
2025-04-11,P123,114
2025-04-11,P124,101
2025-04-11,P125,124
2025-04-11,P126,74
2025-04-11,P127,75
2025-04-11,P128,102
2025-04-11,P129,87
2025-04-11,P130,86
2025-04-12,P101,100
2025-04-12,P102,110
2025-04-12,P103,156
2025-04-12,P104,121
2025-04-12,P105,71
2025-04-12,P106,83
2025-04-12,P107,97
2025-04-12,P108,47
2025-04-12,P109,59
2025-04-12,P110,78
2025-04-12,P111,155
2025-04-12,P112,158
2025-04-12,P113,199
2025-04-12,P114,181
2025-04-12,P115,148
2025-04-12,P116,104
2025-04-12,P117,91
2025-04-12,P118,141
2025-04-12,P119,104
2025-04-12,P120,155
2025-04-12,P121,105
2025-04-12,P122,77
2025-04-12,P123,121
2025-04-12,P124,126
2025-04-12,P125,115
2025-04-12,P126,72
2025-04-12,P127,125
2025-04-12,P128,91
2025-04-12,P129,96
2025-04-12,P130,112
2025-04-13,P101,112
2025-04-13,P102,163
2025-04-13,P103,165
2025-04-13,P104,219
2025-04-13,P105,75
2025-04-13,P106,123
2025-04-13,P107,158
2025-04-13,P108,70
2025-04-13,P109,51
2025-04-13,P110,73
2025-04-13,P111,147
2025-04-13,P112,165
2025-04-13,P113,135
2025-04-13,P114,141
2025-04-13,P115,97
2025-04-13,P116,112
2025-04-13,P117,118
2025-04-13,P118,103
2025-04-13,P119,101
2025-04-13,P120,75
2025-04-13,P121,99
2025-04-13,P122,79
2025-04-13,P123,123
2025-04-13,P124,129
2025-04-13,P125,134
2025-04-13,P126,149
2025-04-13,P127,113
2025-04-13,P128,97
2025-04-13,P129,88
2025-04-13,P130,119
2025-04-14,P101,116
2025-04-14,P102,182
2025-04-14,P103,181
2025-04-14,P104,166
2025-04-14,P105,91
2025-04-14,P106,78
2025-04-14,P107,143
2025-04-14,P108,59
2025-04-14,P109,85
2025-04-14,P110,58
2025-04-14,P111,162
2025-04-14,P112,189
2025-04-14,P113,230
2025-04-14,P114,242
2025-04-14,P115,98
2025-04-14,P116,64
2025-04-14,P117,113
2025-04-14,P118,95
2025-04-14,P119,85
2025-04-14,P120,95
2025-04-14,P121,71
2025-04-14,P122,88
2025-04-14,P123,64
2025-04-14,P124,101
2025-04-14,P125,101
2025-04-14,P126,74
2025-04-14,P127,142
2025-04-14,P128,126
2025-04-14,P129,100
2025-04-14,P130,118
2025-04-15,P101,64
2025-04-15,P102,138
2025-04-15,P103,130
2025-04-15,P104,181
2025-04-15,P105,135
2025-04-15,P106,137
2025-04-15,P107,64
2025-04-15,P108,65
2025-04-15,P109,49
2025-04-15,P110,61
2025-04-15,P111,132
2025-04-15,P112,118
2025-04-15,P113,200
2025-04-15,P114,223
2025-04-15,P115,131
2025-04-15,P116,69
2025-04-15,P117,106
2025-04-15,P118,58
2025-04-15,P119,94
2025-04-15,P120,122
2025-04-15,P121,68
2025-04-15,P122,67
2025-04-15,P123,76
2025-04-15,P124,73
2025-04-15,P125,96
2025-04-15,P126,95
2025-04-15,P127,96
2025-04-15,P128,74
2025-04-15,P129,69
2025-04-15,P130,57
2025-04-16,P101,60
2025-04-16,P102,103
2025-04-16,P103,96
2025-04-16,P104,160
2025-04-16,P105,101
2025-04-16,P106,87
2025-04-16,P107,122
2025-04-16,P108,36
2025-04-16,P109,68
2025-04-16,P110,41
2025-04-16,P111,129
2025-04-16,P112,194
2025-04-16,P113,110
2025-04-16,P114,180
2025-04-16,P115,81
2025-04-16,P116,90
2025-04-16,P117,81
2025-04-16,P118,66
2025-04-16,P119,65
2025-04-16,P120,99
2025-04-16,P121,61
2025-04-16,P122,47
2025-04-16,P123,105
2025-04-16,P124,81
2025-04-16,P125,108
2025-04-16,P126,106
2025-04-16,P127,60
2025-04-16,P128,80
2025-04-16,P129,90
2025-04-16,P130,51
2025-04-17,P101,82
2025-04-17,P102,143
2025-04-17,P103,107
2025-04-17,P104,161
2025-04-17,P105,134
2025-04-17,P106,114
2025-04-17,P107,147
2025-04-17,P108,73
2025-04-17,P109,47
2025-04-17,P110,61
2025-04-17,P111,105
2025-04-17,P112,190
2025-04-17,P113,168
2025-04-17,P114,171
2025-04-17,P115,149
2025-04-17,P116,98
2025-04-17,P117,107
2025-04-17,P118,80
2025-04-17,P119,62
2025-04-17,P120,141
2025-04-17,P121,60
2025-04-17,P122,51
2025-04-17,P123,93
2025-04-17,P124,110
2025-04-17,P125,84
2025-04-17,P126,107
2025-04-17,P127,60
2025-04-17,P128,116
2025-04-17,P129,83
2025-04-17,P130,83
2025-04-18,P101,100
2025-04-18,P102,133
2025-04-18,P103,115
2025-04-18,P104,125
2025-04-18,P105,72
2025-04-18,P106,154
2025-04-18,P107,82
2025-04-18,P108,70
2025-04-18,P109,49
2025-04-18,P110,63
2025-04-18,P111,153
2025-04-18,P112,145
2025-04-18,P113,188
2025-04-18,P114,213
2025-04-18,P115,143
2025-04-18,P116,126
2025-04-18,P117,121
2025-04-18,P118,86
2025-04-18,P119,91
2025-04-18,P120,142
2025-04-18,P121,112
2025-04-18,P122,73
2025-04-18,P123,74
2025-04-18,P124,107
2025-04-18,P125,87
2025-04-18,P126,76
2025-04-18,P127,114
2025-04-18,P128,85
2025-04-18,P129,78
2025-04-18,P130,86
2025-04-19,P101,114
2025-04-19,P102,181
2025-04-19,P103,207
2025-04-19,P104,200
2025-04-19,P105,155
2025-04-19,P106,175
2025-04-19,P107,106
2025-04-19,P108,78
2025-04-19,P109,89
2025-04-19,P110,71
2025-04-19,P111,124
2025-04-19,P112,190
2025-04-19,P113,136
2025-04-19,P114,171
2025-04-19,P115,134
2025-04-19,P116,98
2025-04-19,P117,74
2025-04-19,P118,135
2025-04-19,P119,152
2025-04-19,P120,166
2025-04-19,P121,136
2025-04-19,P122,51
2025-04-19,P123,123
2025-04-19,P124,107
2025-04-19,P125,115
2025-04-19,P126,91
2025-04-19,P127,150
2025-04-19,P128,157
2025-04-19,P129,70
2025-04-19,P130,128
2025-04-20,P101,110
2025-04-20,P102,195
2025-04-20,P103,177
2025-04-20,P104,221
2025-04-20,P105,78
2025-04-20,P106,127
2025-04-20,P107,104
2025-04-20,P108,60
2025-04-20,P109,56
2025-04-20,P110,43
2025-04-20,P111,207
2025-04-20,P112,124
2025-04-20,P113,151
2025-04-20,P114,217
2025-04-20,P115,117
2025-04-20,P116,94
2025-04-20,P117,96
2025-04-20,P118,77
2025-04-20,P119,112
2025-04-20,P120,117
2025-04-20,P121,97
2025-04-20,P122,65
2025-04-20,P123,91
2025-04-20,P124,82
2025-04-20,P125,78
2025-04-20,P126,102
2025-04-20,P127,81
2025-04-20,P128,123
2025-04-20,P129,104
2025-04-20,P130,102
2025-04-21,P101,75
2025-04-21,P102,146
2025-04-21,P103,145
2025-04-21,P104,158
2025-04-21,P105,103
2025-04-21,P106,113
2025-04-21,P107,124
2025-04-21,P108,27
2025-04-21,P109,36
2025-04-21,P110,43
2025-04-21,P111,155
2025-04-21,P112,97
2025-04-21,P113,118
2025-04-21,P114,181
2025-04-21,P115,103
2025-04-21,P116,90
2025-04-21,P117,102
2025-04-21,P118,118
2025-04-21,P119,64
2025-04-21,P120,69
2025-04-21,P121,73
2025-04-21,P122,69
2025-04-21,P123,88
2025-04-21,P124,108
2025-04-21,P125,86
2025-04-21,P126,108
2025-04-21,P127,101
2025-04-21,P128,64
2025-04-21,P129,44
2025-04-21,P130,51
2025-04-22,P101,43
2025-04-22,P102,84
2025-04-22,P103,109
2025-04-22,P104,142
2025-04-22,P105,82
2025-04-22,P106,136
2025-04-22,P107,125
2025-04-22,P108,67
2025-04-22,P109,43
2025-04-22,P110,55
2025-04-22,P111,104
2025-04-22,P112,167
2025-04-22,P113,112
2025-04-22,P114,189
2025-04-22,P115,97
2025-04-22,P116,96
2025-04-22,P117,91
2025-04-22,P118,64
2025-04-22,P119,92
2025-04-22,P120,93
2025-04-22,P121,73
2025-04-22,P122,54
2025-04-22,P123,53
2025-04-22,P124,85
2025-04-22,P125,107
2025-04-22,P126,58
2025-04-22,P127,56
2025-04-22,P128,81
2025-04-22,P129,66
2025-04-22,P130,88
2025-04-23,P101,63
2025-04-23,P102,149
2025-04-23,P103,127
2025-04-23,P104,156
2025-04-23,P105,103
2025-04-23,P106,76
2025-04-23,P107,123
2025-04-23,P108,48
2025-04-23,P109,53
2025-04-23,P110,49
2025-04-23,P111,193
2025-04-23,P112,184
2025-04-23,P113,191
2025-04-23,P114,226
2025-04-23,P115,81
2025-04-23,P116,59
2025-04-23,P117,102
2025-04-23,P118,123
2025-04-23,P119,70
2025-04-23,P120,69
2025-04-23,P121,92
2025-04-23,P122,41
2025-04-23,P123,98
2025-04-23,P124,75
2025-04-23,P125,131
2025-04-23,P126,59
2025-04-23,P127,105
2025-04-23,P128,111
2025-04-23,P129,85
2025-04-23,P130,103
2025-04-24,P101,91
2025-04-24,P102,175
2025-04-24,P103,172
2025-04-24,P104,169
2025-04-24,P105,112
2025-04-24,P106,126
2025-04-24,P107,115
2025-04-24,P108,39
2025-04-24,P109,38
2025-04-24,P110,60
2025-04-24,P111,188
2025-04-24,P112,203
2025-04-24,P113,204
2025-04-24,P114,135
2025-04-24,P115,128
2025-04-24,P116,117
2025-04-24,P117,115
2025-04-24,P118,141
2025-04-24,P119,68
2025-04-24,P120,87
2025-04-24,P121,58
2025-04-24,P122,41
2025-04-24,P123,63
2025-04-24,P124,54
2025-04-24,P125,108
2025-04-24,P126,120
2025-04-24,P127,61
2025-04-24,P128,123
2025-04-24,P129,87
2025-04-24,P130,83
2025-04-25,P101,91
2025-04-25,P102,115
2025-04-25,P103,164
2025-04-25,P104,124
2025-04-25,P105,152
2025-04-25,P106,107
2025-04-25,P107,137
2025-04-25,P108,48
2025-04-25,P109,47
2025-04-25,P110,86
2025-04-25,P111,167
2025-04-25,P112,210
2025-04-25,P113,213
2025-04-25,P114,176
2025-04-25,P115,172
2025-04-25,P116,117
2025-04-25,P117,111
2025-04-25,P118,86
2025-04-25,P119,111
2025-04-25,P120,113
2025-04-25,P121,56
2025-04-25,P122,70
2025-04-25,P123,108
2025-04-25,P124,122
2025-04-25,P125,69
2025-04-25,P126,152
2025-04-25,P127,72
2025-04-25,P128,90
2025-04-25,P129,65
2025-04-25,P130,74
2025-04-26,P101,132
2025-04-26,P102,198
2025-04-26,P103,172
2025-04-26,P104,138
2025-04-26,P105,98
2025-04-26,P106,76
2025-04-26,P107,147
2025-04-26,P108,88
2025-04-26,P109,57
2025-04-26,P110,48
2025-04-26,P111,237
2025-04-26,P112,181
2025-04-26,P113,255
2025-04-26,P114,162
2025-04-26,P115,156
2025-04-26,P116,73
2025-04-26,P117,143
2025-04-26,P118,81
2025-04-26,P119,144
2025-04-26,P120,139
2025-04-26,P121,113
2025-04-26,P122,64
2025-04-26,P123,82
2025-04-26,P124,77
2025-04-26,P125,110
2025-04-26,P126,160
2025-04-26,P127,68
2025-04-26,P128,76
2025-04-26,P129,96
2025-04-26,P130,113
2025-04-27,P101,108
2025-04-27,P102,171
2025-04-27,P103,150
2025-04-27,P104,169
2025-04-27,P105,75
2025-04-27,P106,133
2025-04-27,P107,91
2025-04-27,P108,56
2025-04-27,P109,81
2025-04-27,P110,65
2025-04-27,P111,223
2025-04-27,P112,133
2025-04-27,P113,249
2025-04-27,P114,202
2025-04-27,P115,130
2025-04-27,P116,124
2025-04-27,P117,104
2025-04-27,P118,120
2025-04-27,P119,113
2025-04-27,P120,83
2025-04-27,P121,84
2025-04-27,P122,72
2025-04-27,P123,69
2025-04-27,P124,139
2025-04-27,P125,149
2025-04-27,P126,105
2025-04-27,P127,100
2025-04-27,P128,132
2025-04-27,P129,96
2025-04-27,P130,104
2025-04-28,P101,66
2025-04-28,P102,85
2025-04-28,P103,99
2025-04-28,P104,160
2025-04-28,P105,59
2025-04-28,P106,81
2025-04-28,P107,100
2025-04-28,P108,35
2025-04-28,P109,56
2025-04-28,P110,50
2025-04-28,P111,185
2025-04-28,P112,179
2025-04-28,P113,110
2025-04-28,P114,159
2025-04-28,P115,134
2025-04-28,P116,97
2025-04-28,P117,104
2025-04-28,P118,104
2025-04-28,P119,68
2025-04-28,P120,96
2025-04-28,P121,65
2025-04-28,P122,69
2025-04-28,P123,48
2025-04-28,P124,65
2025-04-28,P125,112
2025-04-28,P126,101
2025-04-28,P127,69
2025-04-28,P128,93
2025-04-28,P129,47
2025-04-28,P130,81
2025-04-29,P101,96
2025-04-29,P102,94
2025-04-29,P103,116
2025-04-29,P104,114
2025-04-29,P105,99
2025-04-29,P106,148
2025-04-29,P107,77
2025-04-29,P108,33
2025-04-29,P109,59
2025-04-29,P110,55
2025-04-29,P111,100
2025-04-29,P112,177
2025-04-29,P113,112
2025-04-29,P114,139
2025-04-29,P115,112
2025-04-29,P116,75
2025-04-29,P117,71
2025-04-29,P118,74
2025-04-29,P119,72
2025-04-29,P120,89
2025-04-29,P121,115
2025-04-29,P122,64
2025-04-29,P123,47
2025-04-29,P124,120
2025-04-29,P125,84
2025-04-29,P126,102
2025-04-29,P127,122
2025-04-29,P128,93
2025-04-29,P129,65
2025-04-29,P130,82
2025-04-30,P101,73
2025-04-30,P102,169
2025-04-30,P103,146
2025-04-30,P104,119
2025-04-30,P105,131
2025-04-30,P106,126
2025-04-30,P107,76
2025-04-30,P108,32
2025-04-30,P109,66
2025-04-30,P110,87
2025-04-30,P111,140
2025-04-30,P112,191
2025-04-30,P113,157
2025-04-30,P114,156
2025-04-30,P115,150
2025-04-30,P116,70
2025-04-30,P117,119
2025-04-30,P118,81
2025-04-30,P119,94
2025-04-30,P120,142
2025-04-30,P121,91
2025-04-30,P122,68
2025-04-30,P123,120
2025-04-30,P124,79
2025-04-30,P125,139
2025-04-30,P126,148
2025-04-30,P127,113
2025-04-30,P128,130
2025-04-30,P129,82
2025-04-30,P130,99
2025-05-01,P101,70
2025-05-01,P102,109
2025-05-01,P103,104
2025-05-01,P104,205
2025-05-01,P105,110
2025-05-01,P106,99
2025-05-01,P107,135
2025-05-01,P108,56
2025-05-01,P109,79
2025-05-01,P110,76
2025-05-01,P111,121
2025-05-01,P112,220
2025-05-01,P113,235
2025-05-01,P114,207
2025-05-01,P115,126
2025-05-01,P116,82
2025-05-01,P117,99
2025-05-01,P118,101
2025-05-01,P119,79
2025-05-01,P120,84
2025-05-01,P121,125
2025-05-01,P122,56
2025-05-01,P123,61
2025-05-01,P124,65
2025-05-01,P125,80
2025-05-01,P126,150
2025-05-01,P127,72
2025-05-01,P128,64
2025-05-01,P129,50
2025-05-01,P130,87
2025-05-02,P101,86
2025-05-02,P102,104
2025-05-02,P103,114
2025-05-02,P104,176
2025-05-02,P105,135
2025-05-02,P106,81
2025-05-02,P107,114
2025-05-02,P108,75
2025-05-02,P109,54
2025-05-02,P110,76
2025-05-02,P111,163
2025-05-02,P112,205
2025-05-02,P113,151
2025-05-02,P114,240
2025-05-02,P115,148
2025-05-02,P116,114
2025-05-02,P117,73
2025-05-02,P118,99
2025-05-02,P119,116
2025-05-02,P120,112
2025-05-02,P121,102
2025-05-02,P122,50
2025-05-02,P123,57
2025-05-02,P124,109
2025-05-02,P125,114
2025-05-02,P126,95
2025-05-02,P127,127
2025-05-02,P128,69
2025-05-02,P129,99
2025-05-02,P130,114
2025-05-03,P101,98
2025-05-03,P102,178
2025-05-03,P103,201
2025-05-03,P104,133
2025-05-03,P105,155
2025-05-03,P106,182
2025-05-03,P107,159
2025-05-03,P108,72
2025-05-03,P109,46
2025-05-03,P110,106
2025-05-03,P111,142
2025-05-03,P112,233
2025-05-03,P113,178
2025-05-03,P114,260
2025-05-03,P115,140
2025-05-03,P116,96
2025-05-03,P117,151
2025-05-03,P118,92
2025-05-03,P119,122
2025-05-03,P120,133
2025-05-03,P121,95
2025-05-03,P122,87
2025-05-03,P123,70
2025-05-03,P124,67
2025-05-03,P125,164
2025-05-03,P126,152
2025-05-03,P127,116
2025-05-03,P128,84
2025-05-03,P129,94
2025-05-03,P130,98
2025-05-04,P101,118
2025-05-04,P102,167
2025-05-04,P103,118
2025-05-04,P104,233
2025-05-04,P105,117
2025-05-04,P106,115
2025-05-04,P107,108
2025-05-04,P108,77
2025-05-04,P109,61
2025-05-04,P110,50
2025-05-04,P111,176
2025-05-04,P112,204
2025-05-04,P113,180
2025-05-04,P114,201
2025-05-04,P115,118
2025-05-04,P116,100
2025-05-04,P117,128
2025-05-04,P118,102
2025-05-04,P119,129
2025-05-04,P120,165
2025-05-04,P121,80
2025-05-04,P122,84
2025-05-04,P123,116
2025-05-04,P124,133
2025-05-04,P125,90
2025-05-04,P126,93
2025-05-04,P127,79
2025-05-04,P128,86
2025-05-04,P129,103
2025-05-04,P130,78
2025-05-05,P101,43
2025-05-05,P102,92
2025-05-05,P103,90
2025-05-05,P104,186
2025-05-05,P105,133
2025-05-05,P106,120
2025-05-05,P107,121
2025-05-05,P108,32
2025-05-05,P109,48
2025-05-05,P110,51
2025-05-05,P111,133
2025-05-05,P112,176
2025-05-05,P113,178
2025-05-05,P114,196
2025-05-05,P115,124
2025-05-05,P116,52
2025-05-05,P117,99
2025-05-05,P118,106
2025-05-05,P119,119
2025-05-05,P120,73
2025-05-05,P121,51
2025-05-05,P122,34
2025-05-05,P123,49
2025-05-05,P124,76
2025-05-05,P125,65
2025-05-05,P126,119
2025-05-05,P127,75
2025-05-05,P128,71
2025-05-05,P129,72
2025-05-05,P130,53
2025-05-06,P101,55
2025-05-06,P102,157
2025-05-06,P103,105
2025-05-06,P104,194
2025-05-06,P105,141
2025-05-06,P106,119
2025-05-06,P107,112
2025-05-06,P108,70
2025-05-06,P109,44
2025-05-06,P110,52
2025-05-06,P111,104
2025-05-06,P112,143
2025-05-06,P113,124
2025-05-06,P114,167
2025-05-06,P115,117
2025-05-06,P116,111
2025-05-06,P117,81
2025-05-06,P118,120
2025-05-06,P119,72
2025-05-06,P120,71
2025-05-06,P121,55
2025-05-06,P122,42
2025-05-06,P123,52
2025-05-06,P124,86
2025-05-06,P125,122
2025-05-06,P126,88
2025-05-06,P127,115
2025-05-06,P128,92
2025-05-06,P129,48
2025-05-06,P130,79
2025-05-07,P101,48
2025-05-07,P102,108
2025-05-07,P103,153
2025-05-07,P104,149
2025-05-07,P105,128
2025-05-07,P106,112
2025-05-07,P107,96
2025-05-07,P108,33
2025-05-07,P109,82
2025-05-07,P110,88
2025-05-07,P111,201
2025-05-07,P112,173
2025-05-07,P113,197
2025-05-07,P114,173
2025-05-07,P115,139
2025-05-07,P116,84
2025-05-07,P117,76
2025-05-07,P118,98
2025-05-07,P119,82
2025-05-07,P120,133
2025-05-07,P121,56
2025-05-07,P122,44
2025-05-07,P123,123
2025-05-07,P124,81
2025-05-07,P125,91
2025-05-07,P126,113
2025-05-07,P127,117
2025-05-07,P128,123
2025-05-07,P129,56
2025-05-07,P130,92
2025-05-08,P101,91
2025-05-08,P102,156
2025-05-08,P103,121
2025-05-08,P104,112
2025-05-08,P105,78
2025-05-08,P106,93
2025-05-08,P107,80
2025-05-08,P108,39
2025-05-08,P109,35
2025-05-08,P110,55
2025-05-08,P111,192
2025-05-08,P112,167
2025-05-08,P113,128
2025-05-08,P114,174
2025-05-08,P115,146
2025-05-08,P116,58
2025-05-08,P117,63
2025-05-08,P118,78
2025-05-08,P119,69
2025-05-08,P120,145
2025-05-08,P121,81
2025-05-08,P122,79
2025-05-08,P123,58
2025-05-08,P124,68
2025-05-08,P125,61
2025-05-08,P126,82
2025-05-08,P127,123
2025-05-08,P128,116
2025-05-08,P129,93
2025-05-08,P130,114
2025-05-09,P101,72
2025-05-09,P102,138
2025-05-09,P103,202
2025-05-09,P104,217
2025-05-09,P105,158
2025-05-09,P106,123
2025-05-09,P107,119
2025-05-09,P108,63
2025-05-09,P109,57
2025-05-09,P110,81
2025-05-09,P111,180
2025-05-09,P112,128
2025-05-09,P113,209
2025-05-09,P114,173
2025-05-09,P115,148
2025-05-09,P116,67
2025-05-09,P117,81
2025-05-09,P118,152
2025-05-09,P119,70
2025-05-09,P120,139
2025-05-09,P121,129
2025-05-09,P122,59
2025-05-09,P123,68
2025-05-09,P124,111
2025-05-09,P125,77
2025-05-09,P126,79
2025-05-09,P127,79
2025-05-09,P128,75
2025-05-09,P129,52
2025-05-09,P130,112
2025-05-10,P101,64
2025-05-10,P102,120
2025-05-10,P103,214
2025-05-10,P104,190
2025-05-10,P105,168
2025-05-10,P106,102
2025-05-10,P107,187
2025-05-10,P108,50
2025-05-10,P109,57
2025-05-10,P110,58
2025-05-10,P111,240
2025-05-10,P112,158
2025-05-10,P113,238
2025-05-10,P114,216
2025-05-10,P115,192
2025-05-10,P116,142
2025-05-10,P117,128
2025-05-10,P118,78
2025-05-10,P119,154
2025-05-10,P120,132
2025-05-10,P121,86
2025-05-10,P122,86
2025-05-10,P123,62
2025-05-10,P124,129
2025-05-10,P125,78
2025-05-10,P126,88
2025-05-10,P127,104
2025-05-10,P128,93
2025-05-10,P129,77
2025-05-10,P130,77
2025-05-11,P101,54
2025-05-11,P102,179
2025-05-11,P103,211
2025-05-11,P104,191
2025-05-11,P105,98
2025-05-11,P106,180
2025-05-11,P107,82
2025-05-11,P108,89
2025-05-11,P109,77
2025-05-11,P110,55
2025-05-11,P111,142
2025-05-11,P112,177
2025-05-11,P113,222
2025-05-11,P114,195
2025-05-11,P115,105
2025-05-11,P116,125
2025-05-11,P117,76
2025-05-11,P118,148
2025-05-11,P119,100
2025-05-11,P120,166
2025-05-11,P121,119
2025-05-11,P122,81
2025-05-11,P123,136
2025-05-11,P124,79
2025-05-11,P125,86
2025-05-11,P126,153
2025-05-11,P127,72
2025-05-11,P128,80
2025-05-11,P129,107
2025-05-11,P130,86
2025-05-12,P101,88
2025-05-12,P102,152
2025-05-12,P103,151
2025-05-12,P104,167
2025-05-12,P105,86
2025-05-12,P106,69
2025-05-12,P107,109
2025-05-12,P108,45
2025-05-12,P109,54
2025-05-12,P110,81
2025-05-12,P111,126
2025-05-12,P112,138
2025-05-12,P113,212
2025-05-12,P114,132
2025-05-12,P115,142
2025-05-12,P116,80
2025-05-12,P117,82
2025-05-12,P118,100
2025-05-12,P119,60
2025-05-12,P120,91
2025-05-12,P121,93
2025-05-12,P122,57
2025-05-12,P123,96
2025-05-12,P124,122
2025-05-12,P125,89
2025-05-12,P126,93
2025-05-12,P127,120
2025-05-12,P128,73
2025-05-12,P129,46
2025-05-12,P130,64
2025-05-13,P101,106
2025-05-13,P102,121
2025-05-13,P103,178
2025-05-13,P104,113
2025-05-13,P105,103
2025-05-13,P106,105
2025-05-13,P107,128
2025-05-13,P108,40
2025-05-13,P109,58
2025-05-13,P110,45
2025-05-13,P111,162
2025-05-13,P112,175
2025-05-13,P113,183
2025-05-13,P114,174
2025-05-13,P115,126
2025-05-13,P116,88
2025-05-13,P117,120
2025-05-13,P118,119
2025-05-13,P119,128
2025-05-13,P120,74
2025-05-13,P121,105
2025-05-13,P122,47
2025-05-13,P123,73
2025-05-13,P124,59
2025-05-13,P125,60
2025-05-13,P126,60
2025-05-13,P127,112
2025-05-13,P128,107
2025-05-13,P129,91
2025-05-13,P130,97
2025-05-14,P101,78
2025-05-14,P102,107
2025-05-14,P103,168
2025-05-14,P104,111
2025-05-14,P105,108
2025-05-14,P106,90
2025-05-14,P107,83
2025-05-14,P108,63
2025-05-14,P109,75
2025-05-14,P110,42
2025-05-14,P111,132
2025-05-14,P112,162
2025-05-14,P113,218
2025-05-14,P114,182
2025-05-14,P115,155
2025-05-14,P116,121
2025-05-14,P117,80
2025-05-14,P118,124
2025-05-14,P119,138
2025-05-14,P120,144
2025-05-14,P121,93
2025-05-14,P122,71
2025-05-14,P123,78
2025-05-14,P124,132
2025-05-14,P125,65
2025-05-14,P126,106
2025-05-14,P127,117
2025-05-14,P128,85
2025-05-14,P129,74
2025-05-14,P130,101
2025-05-15,P101,85
2025-05-15,P102,133
2025-05-15,P103,176
2025-05-15,P104,165
2025-05-15,P105,65
2025-05-15,P106,135
2025-05-15,P107,157
2025-05-15,P108,55
2025-05-15,P109,73
2025-05-15,P110,92
2025-05-15,P111,212
2025-05-15,P112,140
2025-05-15,P113,194
2025-05-15,P114,250
2025-05-15,P115,157
2025-05-15,P116,104
2025-05-15,P117,114
2025-05-15,P118,133
2025-05-15,P119,134
2025-05-15,P120,150
2025-05-15,P121,126
2025-05-15,P122,86
2025-05-15,P123,82
2025-05-15,P124,114
2025-05-15,P125,120
2025-05-15,P126,125
2025-05-15,P127,121
2025-05-15,P128,123
2025-05-15,P129,64
2025-05-15,P130,62
2025-05-16,P101,79
2025-05-16,P102,186
2025-05-16,P103,203
2025-05-16,P104,163
2025-05-16,P105,98
2025-05-16,P106,97
2025-05-16,P107,78
2025-05-16,P108,82
2025-05-16,P109,72
2025-05-16,P110,42
2025-05-16,P111,222
2025-05-16,P112,162
2025-05-16,P113,220
2025-05-16,P114,189
2025-05-16,P115,164
2025-05-16,P116,76
2025-05-16,P117,102
2025-05-16,P118,111
2025-05-16,P119,77
2025-05-16,P120,124
2025-05-16,P121,94
2025-05-16,P122,51
2025-05-16,P123,67
2025-05-16,P124,96
2025-05-16,P125,153
2025-05-16,P126,100
2025-05-16,P127,143
2025-05-16,P128,80
2025-05-16,P129,62
2025-05-16,P130,111
2025-05-17,P101,131
2025-05-17,P102,220
2025-05-17,P103,167
2025-05-17,P104,166
2025-05-17,P105,152
2025-05-17,P106,134
2025-05-17,P107,176
2025-05-17,P108,41
2025-05-17,P109,73
2025-05-17,P110,87
2025-05-17,P111,193
2025-05-17,P112,240
2025-05-17,P113,238
2025-05-17,P114,191
2025-05-17,P115,124
2025-05-17,P116,117
2025-05-17,P117,89
2025-05-17,P118,153
2025-05-17,P119,155
2025-05-17,P120,122
2025-05-17,P121,68
2025-05-17,P122,74
2025-05-17,P123,130
2025-05-17,P124,127
2025-05-17,P125,127
2025-05-17,P126,175
2025-05-17,P127,99
2025-05-17,P128,152
2025-05-17,P129,69
2025-05-17,P130,136
2025-05-18,P101,118
2025-05-18,P102,178
2025-05-18,P103,219
2025-05-18,P104,137
2025-05-18,P105,120
2025-05-18,P106,147
2025-05-18,P107,130
2025-05-18,P108,39
2025-05-18,P109,63
2025-05-18,P110,91
2025-05-18,P111,217
2025-05-18,P112,254
2025-05-18,P113,174
2025-05-18,P114,200
2025-05-18,P115,159
2025-05-18,P116,78
2025-05-18,P117,151
2025-05-18,P118,110
2025-05-18,P119,75
2025-05-18,P120,84
2025-05-18,P121,121
2025-05-18,P122,75
2025-05-18,P123,107
2025-05-18,P124,155
2025-05-18,P125,69
2025-05-18,P126,92
2025-05-18,P127,107
2025-05-18,P128,106
2025-05-18,P129,66
2025-05-18,P130,112
2025-05-19,P101,57
2025-05-19,P102,92
2025-05-19,P103,149
2025-05-19,P104,186
2025-05-19,P105,143
2025-05-19,P106,66
2025-05-19,P107,158
2025-05-19,P108,68
2025-05-19,P109,52
2025-05-19,P110,72
2025-05-19,P111,127
2025-05-19,P112,158
2025-05-19,P113,152
2025-05-19,P114,123
2025-05-19,P115,113
2025-05-19,P116,62
2025-05-19,P117,85
2025-05-19,P118,122
2025-05-19,P119,94
2025-05-19,P120,135
2025-05-19,P121,102
2025-05-19,P122,45
2025-05-19,P123,102
2025-05-19,P124,73
2025-05-19,P125,57
2025-05-19,P126,83
2025-05-19,P127,112
2025-05-19,P128,73
2025-05-19,P129,62
2025-05-19,P130,104
2025-05-20,P101,105
2025-05-20,P102,92
2025-05-20,P103,171
2025-05-20,P104,113
2025-05-20,P105,124
2025-05-20,P106,144
2025-05-20,P107,133
2025-05-20,P108,41
2025-05-20,P109,41
2025-05-20,P110,62
2025-05-20,P111,167
2025-05-20,P112,182
2025-05-20,P113,173
2025-05-20,P114,133
2025-05-20,P115,128
2025-05-20,P116,64
2025-05-20,P117,100
2025-05-20,P118,117
2025-05-20,P119,136
2025-05-20,P120,85
2025-05-20,P121,63
2025-05-20,P122,78
2025-05-20,P123,65
2025-05-20,P124,96
2025-05-20,P125,120
2025-05-20,P126,129
2025-05-20,P127,127
2025-05-20,P128,89
2025-05-20,P129,82
2025-05-20,P130,61
2025-05-21,P101,74
2025-05-21,P102,126
2025-05-21,P103,103
2025-05-21,P104,133
2025-05-21,P105,115
2025-05-21,P106,83
2025-05-21,P107,127
2025-05-21,P108,53
2025-05-21,P109,36
2025-05-21,P110,86
2025-05-21,P111,106
2025-05-21,P112,179
2025-05-21,P113,160
2025-05-21,P114,241
2025-05-21,P115,85
2025-05-21,P116,74
2025-05-21,P117,87
2025-05-21,P118,145
2025-05-21,P119,78
2025-05-21,P120,145
2025-05-21,P121,64
2025-05-21,P122,38
2025-05-21,P123,66
2025-05-21,P124,86
2025-05-21,P125,145
2025-05-21,P126,101
2025-05-21,P127,108
2025-05-21,P128,134
2025-05-21,P129,80
2025-05-21,P130,104
2025-05-22,P101,66
2025-05-22,P102,191
2025-05-22,P103,106
2025-05-22,P104,215
2025-05-22,P105,114
2025-05-22,P106,115
2025-05-22,P107,79
2025-05-22,P108,79
2025-05-22,P109,79
2025-05-22,P110,79
2025-05-22,P111,124
2025-05-22,P112,167
2025-05-22,P113,199
2025-05-22,P114,260
2025-05-22,P115,151
2025-05-22,P116,106
2025-05-22,P117,137
2025-05-22,P118,132
2025-05-22,P119,145
2025-05-22,P120,155
2025-05-22,P121,59
2025-05-22,P122,47
2025-05-22,P123,118
2025-05-22,P124,76
2025-05-22,P125,103
2025-05-22,P126,154
2025-05-22,P127,98
2025-05-22,P128,122
2025-05-22,P129,103
2025-05-22,P130,82
2025-05-23,P101,64
2025-05-23,P102,140
2025-05-23,P103,170
2025-05-23,P104,128
2025-05-23,P105,118
2025-05-23,P106,122
2025-05-23,P107,114
2025-05-23,P108,52
2025-05-23,P109,54
2025-05-23,P110,62
2025-05-23,P111,209
2025-05-23,P112,123
2025-05-23,P113,175
2025-05-23,P114,187
2025-05-23,P115,142
2025-05-23,P116,136
2025-05-23,P117,85
2025-05-23,P118,105
2025-05-23,P119,120
2025-05-23,P120,132
2025-05-23,P121,73
2025-05-23,P122,71
2025-05-23,P123,94
2025-05-23,P124,133
2025-05-23,P125,115
2025-05-23,P126,151
2025-05-23,P127,91
2025-05-23,P128,111
2025-05-23,P129,109
2025-05-23,P130,60
2025-05-24,P101,98
2025-05-24,P102,166
2025-05-24,P103,151
2025-05-24,P104,205
2025-05-24,P105,139
2025-05-24,P106,167
2025-05-24,P107,152
2025-05-24,P108,45
2025-05-24,P109,92
2025-05-24,P110,57
2025-05-24,P111,228
2025-05-24,P112,222
2025-05-24,P113,193
2025-05-24,P114,177
2025-05-24,P115,188
2025-05-24,P116,143
2025-05-24,P117,151
2025-05-24,P118,140
2025-05-24,P119,99
2025-05-24,P120,171
2025-05-24,P121,98
2025-05-24,P122,102
2025-05-24,P123,81
2025-05-24,P124,142
2025-05-24,P125,83
2025-05-24,P126,101
2025-05-24,P127,98
2025-05-24,P128,94
2025-05-24,P129,108
2025-05-24,P130,104
2025-05-25,P101,99
2025-05-25,P102,195
2025-05-25,P103,227
2025-05-25,P104,235
2025-05-25,P105,174
2025-05-25,P106,190
2025-05-25,P107,126
2025-05-25,P108,87
2025-05-25,P109,50
2025-05-25,P110,84
2025-05-25,P111,217
2025-05-25,P112,184
2025-05-25,P113,197
2025-05-25,P114,167
2025-05-25,P115,136
2025-05-25,P116,141
2025-05-25,P117,127
2025-05-25,P118,133
2025-05-25,P119,93
2025-05-25,P120,114
2025-05-25,P121,134
2025-05-25,P122,78
2025-05-25,P123,106
2025-05-25,P124,93
2025-05-25,P125,142
2025-05-25,P126,94
2025-05-25,P127,138
2025-05-25,P128,82
2025-05-25,P129,56
2025-05-25,P130,81
2025-05-26,P101,96
2025-05-26,P102,99
2025-05-26,P103,111
2025-05-26,P104,142
2025-05-26,P105,70
2025-05-26,P106,119
2025-05-26,P107,86
2025-05-26,P108,34
2025-05-26,P109,74
2025-05-26,P110,73
2025-05-26,P111,158
2025-05-26,P112,211
2025-05-26,P113,218
2025-05-26,P114,118
2025-05-26,P115,117
2025-05-26,P116,103
2025-05-26,P117,83
2025-05-26,P118,95
2025-05-26,P119,96
2025-05-26,P120,119
2025-05-26,P121,87
2025-05-26,P122,51
2025-05-26,P123,75
2025-05-26,P124,100
2025-05-26,P125,94
2025-05-26,P126,76
2025-05-26,P127,57
2025-05-26,P128,111
2025-05-26,P129,86
2025-05-26,P130,91
2025-05-27,P101,111
2025-05-27,P102,160
2025-05-27,P103,147
2025-05-27,P104,125
2025-05-27,P105,143
2025-05-27,P106,102
2025-05-27,P107,70
2025-05-27,P108,34
2025-05-27,P109,36
2025-05-27,P110,77
2025-05-27,P111,176
2025-05-27,P112,180
2025-05-27,P113,139
2025-05-27,P114,193
2025-05-27,P115,120
2025-05-27,P116,111
2025-05-27,P117,113
2025-05-27,P118,93
2025-05-27,P119,92
2025-05-27,P120,142
2025-05-27,P121,71
2025-05-27,P122,54
2025-05-27,P123,100
2025-05-27,P124,94
2025-05-27,P125,110
2025-05-27,P126,128
2025-05-27,P127,73
2025-05-27,P128,79
2025-05-27,P129,89
2025-05-27,P130,82
2025-05-28,P101,102
2025-05-28,P102,115
2025-05-28,P103,166
2025-05-28,P104,191
2025-05-28,P105,79
2025-05-28,P106,154
2025-05-28,P107,73
2025-05-28,P108,78
2025-05-28,P109,61
2025-05-28,P110,74
2025-05-28,P111,145
2025-05-28,P112,190
2025-05-28,P113,125
2025-05-28,P114,229
2025-05-28,P115,139
2025-05-28,P116,118
2025-05-28,P117,75
2025-05-28,P118,77
2025-05-28,P119,99
2025-05-28,P120,84
2025-05-28,P121,65
2025-05-28,P122,45
2025-05-28,P123,95
2025-05-28,P124,118
2025-05-28,P125,94
2025-05-28,P126,152
2025-05-28,P127,116
2025-05-28,P128,123
2025-05-28,P129,97
2025-05-28,P130,76
2025-05-29,P101,76
2025-05-29,P102,180
2025-05-29,P103,118
2025-05-29,P104,190
2025-05-29,P105,117
2025-05-29,P106,126
2025-05-29,P107,108
2025-05-29,P108,58
2025-05-29,P109,80
2025-05-29,P110,77
2025-05-29,P111,161
2025-05-29,P112,221
2025-05-29,P113,187
2025-05-29,P114,235
2025-05-29,P115,162
2025-05-29,P116,128
2025-05-29,P117,116
2025-05-29,P118,139
2025-05-29,P119,114
2025-05-29,P120,110
2025-05-29,P121,98
2025-05-29,P122,52
2025-05-29,P123,131
2025-05-29,P124,68
2025-05-29,P125,72
2025-05-29,P126,144
2025-05-29,P127,99
2025-05-29,P128,118
2025-05-29,P129,71
2025-05-29,P130,115
2025-05-30,P101,104
2025-05-30,P102,181
2025-05-30,P103,210
2025-05-30,P104,127
2025-05-30,P105,160
2025-05-30,P106,106
2025-05-30,P107,84
2025-05-30,P108,76
2025-05-30,P109,41
2025-05-30,P110,72
2025-05-30,P111,207
2025-05-30,P112,184
2025-05-30,P113,149
2025-05-30,P114,224
2025-05-30,P115,96
2025-05-30,P116,136
2025-05-30,P117,72
2025-05-30,P118,158
2025-05-30,P119,132
2025-05-30,P120,78
2025-05-30,P121,117
2025-05-30,P122,83
2025-05-30,P123,82
2025-05-30,P124,87
2025-05-30,P125,145
2025-05-30,P126,143
2025-05-30,P127,79
2025-05-30,P128,135
2025-05-30,P129,69
2025-05-30,P130,76
2025-05-31,P101,85
2025-05-31,P102,216
2025-05-31,P103,219
2025-05-31,P104,136
2025-05-31,P105,185
2025-05-31,P106,96
2025-05-31,P107,162
2025-05-31,P108,91
2025-05-31,P109,79
2025-05-31,P110,79
2025-05-31,P111,143
2025-05-31,P112,260
2025-05-31,P113,287
2025-05-31,P114,286
2025-05-31,P115,132
2025-05-31,P116,127
2025-05-31,P117,112
2025-05-31,P118,115
2025-05-31,P119,147
2025-05-31,P120,143
2025-05-31,P121,99
2025-05-31,P122,104
2025-05-31,P123,142
2025-05-31,P124,120
2025-05-31,P125,128
2025-05-31,P126,95
2025-05-31,P127,147
2025-05-31,P128,156
2025-05-31,P129,91
2025-05-31,P130,80
2025-06-01,P101,62
2025-06-01,P102,111
2025-06-01,P103,140
2025-06-01,P104,243
2025-06-01,P105,129
2025-06-01,P106,156
2025-06-01,P107,150
2025-06-01,P108,60
2025-06-01,P109,82
2025-06-01,P110,92
2025-06-01,P111,162
2025-06-01,P112,201
2025-06-01,P113,161
2025-06-01,P114,244
2025-06-01,P115,175
2025-06-01,P116,133
2025-06-01,P117,98
2025-06-01,P118,113
2025-06-01,P119,158
2025-06-01,P120,107
2025-06-01,P121,115
2025-06-01,P122,89
2025-06-01,P123,134
2025-06-01,P124,98
2025-06-01,P125,96
2025-06-01,P126,165
2025-06-01,P127,154
2025-06-01,P128,128
2025-06-01,P129,99
2025-06-01,P130,87
2025-06-02,P101,64
2025-06-02,P102,105
2025-06-02,P103,99
2025-06-02,P104,181
2025-06-02,P105,132
2025-06-02,P106,139
2025-06-02,P107,135
2025-06-02,P108,75
2025-06-02,P109,41
2025-06-02,P110,51
2025-06-02,P111,164
2025-06-02,P112,213
2025-06-02,P113,208
2025-06-02,P114,186
2025-06-02,P115,155
2025-06-02,P116,77
2025-06-02,P117,119
2025-06-02,P118,101
2025-06-02,P119,65
2025-06-02,P120,100
2025-06-02,P121,69
2025-06-02,P122,37
2025-06-02,P123,107
2025-06-02,P124,124
2025-06-02,P125,135
2025-06-02,P126,141
2025-06-02,P127,126
2025-06-02,P128,112
2025-06-02,P129,72
2025-06-02,P130,67
2025-06-03,P101,92
2025-06-03,P102,169
2025-06-03,P103,171
2025-06-03,P104,129
2025-06-03,P105,113
2025-06-03,P106,86
2025-06-03,P107,149
2025-06-03,P108,62
2025-06-03,P109,36
2025-06-03,P110,56
2025-06-03,P111,188
2025-06-03,P112,199
2025-06-03,P113,152
2025-06-03,P114,194
2025-06-03,P115,104
2025-06-03,P116,75
2025-06-03,P117,124
2025-06-03,P118,121
2025-06-03,P119,85
2025-06-03,P120,80
2025-06-03,P121,117
2025-06-03,P122,70
2025-06-03,P123,82
2025-06-03,P124,87
2025-06-03,P125,136
2025-06-03,P126,65
2025-06-03,P127,95
2025-06-03,P128,138
2025-06-03,P129,97
2025-06-03,P130,90
2025-06-04,P101,56
2025-06-04,P102,137
2025-06-04,P103,177
2025-06-04,P104,119
2025-06-04,P105,71
2025-06-04,P106,156
2025-06-04,P107,100
2025-06-04,P108,52
2025-06-04,P109,80
2025-06-04,P110,57
2025-06-04,P111,168
2025-06-04,P112,167
2025-06-04,P113,126
2025-06-04,P114,132
2025-06-04,P115,108
2025-06-04,P116,121
2025-06-04,P117,130
2025-06-04,P118,86
2025-06-04,P119,102
2025-06-04,P120,76
2025-06-04,P121,85
2025-06-04,P122,46
2025-06-04,P123,104
2025-06-04,P124,71
2025-06-04,P125,124
2025-06-04,P126,93
2025-06-04,P127,72
2025-06-04,P128,98
2025-06-04,P129,85
2025-06-04,P130,86
2025-06-05,P101,88
2025-06-05,P102,163
2025-06-05,P103,133
2025-06-05,P104,163
2025-06-05,P105,117
2025-06-05,P106,72
2025-06-05,P107,153
2025-06-05,P108,61
2025-06-05,P109,41
2025-06-05,P110,50
2025-06-05,P111,122
2025-06-05,P112,168
2025-06-05,P113,196
2025-06-05,P114,268
2025-06-05,P115,117
2025-06-05,P116,66
2025-06-05,P117,85
2025-06-05,P118,110
2025-06-05,P119,87
2025-06-05,P120,130
2025-06-05,P121,123
2025-06-05,P122,48
2025-06-05,P123,94
2025-06-05,P124,84
2025-06-05,P125,94
2025-06-05,P126,85
2025-06-05,P127,86
2025-06-05,P128,143
2025-06-05,P129,91
2025-06-05,P130,66
2025-06-06,P101,83
2025-06-06,P102,122
2025-06-06,P103,139
2025-06-06,P104,230
2025-06-06,P105,93
2025-06-06,P106,102
2025-06-06,P107,140
2025-06-06,P108,47
2025-06-06,P109,87
2025-06-06,P110,90
2025-06-06,P111,134
2025-06-06,P112,228
2025-06-06,P113,140
2025-06-06,P114,212
2025-06-06,P115,110
2025-06-06,P116,110
2025-06-06,P117,150
2025-06-06,P118,156
2025-06-06,P119,79
2025-06-06,P120,137
2025-06-06,P121,125
2025-06-06,P122,47
2025-06-06,P123,110
2025-06-06,P124,131
2025-06-06,P125,131
2025-06-06,P126,88
2025-06-06,P127,104
2025-06-06,P128,85
2025-06-06,P129,102
2025-06-06,P130,125
2025-06-07,P101,70
2025-06-07,P102,114
2025-06-07,P103,189
2025-06-07,P104,174
2025-06-07,P105,126
2025-06-07,P106,145
2025-06-07,P107,122
2025-06-07,P108,45
2025-06-07,P109,87
2025-06-07,P110,87
2025-06-07,P111,253
2025-06-07,P112,177
2025-06-07,P113,149
2025-06-07,P114,311
2025-06-07,P115,201
2025-06-07,P116,104
2025-06-07,P117,164
2025-06-07,P118,174
2025-06-07,P119,138
2025-06-07,P120,186
2025-06-07,P121,136
2025-06-07,P122,88
2025-06-07,P123,84
2025-06-07,P124,100
2025-06-07,P125,123
2025-06-07,P126,84
2025-06-07,P127,137
2025-06-07,P128,85
2025-06-07,P129,130
2025-06-07,P130,108
2025-06-08,P101,66
2025-06-08,P102,196
2025-06-08,P103,159
2025-06-08,P104,156
2025-06-08,P105,117
2025-06-08,P106,138
2025-06-08,P107,152
2025-06-08,P108,89
2025-06-08,P109,49
2025-06-08,P110,63
2025-06-08,P111,150
2025-06-08,P112,138
2025-06-08,P113,263
2025-06-08,P114,196
2025-06-08,P115,106
2025-06-08,P116,88
2025-06-08,P117,118
2025-06-08,P118,87
2025-06-08,P119,92
2025-06-08,P120,147
2025-06-08,P121,92
2025-06-08,P122,100
2025-06-08,P123,81
2025-06-08,P124,112
2025-06-08,P125,112
2025-06-08,P126,85
2025-06-08,P127,143
2025-06-08,P128,92
2025-06-08,P129,76
2025-06-08,P130,79
2025-06-09,P101,73
2025-06-09,P102,109
2025-06-09,P103,171
2025-06-09,P104,175
2025-06-09,P105,141
2025-06-09,P106,86
2025-06-09,P107,147
2025-06-09,P108,54
2025-06-09,P109,46
2025-06-09,P110,81
2025-06-09,P111,172
2025-06-09,P112,198
2025-06-09,P113,213
2025-06-09,P114,135
2025-06-09,P115,98
2025-06-09,P116,113
2025-06-09,P117,67
2025-06-09,P118,114
2025-06-09,P119,114
2025-06-09,P120,69
2025-06-09,P121,70
2025-06-09,P122,80
2025-06-09,P123,85
2025-06-09,P124,65
2025-06-09,P125,134
2025-06-09,P126,98
2025-06-09,P127,67
2025-06-09,P128,65
2025-06-09,P129,65
2025-06-09,P130,97
2025-06-10,P101,86
2025-06-10,P102,120
2025-06-10,P103,149
2025-06-10,P104,158
2025-06-10,P105,124
2025-06-10,P106,107
2025-06-10,P107,74
2025-06-10,P108,51
2025-06-10,P109,41
2025-06-10,P110,79
2025-06-10,P111,146
2025-06-10,P112,202
2025-06-10,P113,119
2025-06-10,P114,137
2025-06-10,P115,136
2025-06-10,P116,101
2025-06-10,P117,119
2025-06-10,P118,80
2025-06-10,P119,128
2025-06-10,P120,142
2025-06-10,P121,98
2025-06-10,P122,52
2025-06-10,P123,124
2025-06-10,P124,96
2025-06-10,P125,133
2025-06-10,P126,90
2025-06-10,P127,125
2025-06-10,P128,95
2025-06-10,P129,78
2025-06-10,P130,75
2025-06-11,P101,68
2025-06-11,P102,117
2025-06-11,P103,109
2025-06-11,P104,146
2025-06-11,P105,116
2025-06-11,P106,98
2025-06-11,P107,82
2025-06-11,P108,65
2025-06-11,P109,70
2025-06-11,P110,71
2025-06-11,P111,124
2025-06-11,P112,147
2025-06-11,P113,202
2025-06-11,P114,249
2025-06-11,P115,130
2025-06-11,P116,72
2025-06-11,P117,123
2025-06-11,P118,111
2025-06-11,P119,126
2025-06-11,P120,124
2025-06-11,P121,128
2025-06-11,P122,62
2025-06-11,P123,79
2025-06-11,P124,64
2025-06-11,P125,113
2025-06-11,P126,78
2025-06-11,P127,140
2025-06-11,P128,120
2025-06-11,P129,105
2025-06-11,P130,115
2025-06-12,P101,118
2025-06-12,P102,172
2025-06-12,P103,115
2025-06-12,P104,197
2025-06-12,P105,122
2025-06-12,P106,135
2025-06-12,P107,144
2025-06-12,P108,67
2025-06-12,P109,54
2025-06-12,P110,56
2025-06-12,P111,119
2025-06-12,P112,205
2025-06-12,P113,173
2025-06-12,P114,166
2025-06-12,P115,113
2025-06-12,P116,118
2025-06-12,P117,105
2025-06-12,P118,136
2025-06-12,P119,137
2025-06-12,P120,83
2025-06-12,P121,112
2025-06-12,P122,65
2025-06-12,P123,76
2025-06-12,P124,97
2025-06-12,P125,152
2025-06-12,P126,109
2025-06-12,P127,69
2025-06-12,P128,71
2025-06-12,P129,105
2025-06-12,P130,62
2025-06-13,P101,60
2025-06-13,P102,152
2025-06-13,P103,183
2025-06-13,P104,132
2025-06-13,P105,97
2025-06-13,P106,136
2025-06-13,P107,171
2025-06-13,P108,62
2025-06-13,P109,65
2025-06-13,P110,65
2025-06-13,P111,211
2025-06-13,P112,135
2025-06-13,P113,224
2025-06-13,P114,250
2025-06-13,P115,160
2025-06-13,P116,138
2025-06-13,P117,110
2025-06-13,P118,162
2025-06-13,P119,157
2025-06-13,P120,152
2025-06-13,P121,118
2025-06-13,P122,49
2025-06-13,P123,115
2025-06-13,P124,143
2025-06-13,P125,106
2025-06-13,P126,141
2025-06-13,P127,111
2025-06-13,P128,159
2025-06-13,P129,118
2025-06-13,P130,70
2025-06-14,P101,130
2025-06-14,P102,191
2025-06-14,P103,235
2025-06-14,P104,220
2025-06-14,P105,125
2025-06-14,P106,155
2025-06-14,P107,149
2025-06-14,P108,81
2025-06-14,P109,90
2025-06-14,P110,46
2025-06-14,P111,235
2025-06-14,P112,173
2025-06-14,P113,260
2025-06-14,P114,232
2025-06-14,P115,176
2025-06-14,P116,134
2025-06-14,P117,88
2025-06-14,P118,119
2025-06-14,P119,152
2025-06-14,P120,99
2025-06-14,P121,75
2025-06-14,P122,78
2025-06-14,P123,125
2025-06-14,P124,125
2025-06-14,P125,162
2025-06-14,P126,168
2025-06-14,P127,133
2025-06-14,P128,141
2025-06-14,P129,118
2025-06-14,P130,113
2025-06-15,P101,110
2025-06-15,P102,203
2025-06-15,P103,168
2025-06-15,P104,149
2025-06-15,P105,117
2025-06-15,P106,125
2025-06-15,P107,100
2025-06-15,P108,50
2025-06-15,P109,68
2025-06-15,P110,54
2025-06-15,P111,195
2025-06-15,P112,238
2025-06-15,P113,167
2025-06-15,P114,270
2025-06-15,P115,193
2025-06-15,P116,131
2025-06-15,P117,150
2025-06-15,P118,93
2025-06-15,P119,91
2025-06-15,P120,114
2025-06-15,P121,132
2025-06-15,P122,49
2025-06-15,P123,130
2025-06-15,P124,103
2025-06-15,P125,132
2025-06-15,P126,106
2025-06-15,P127,103
2025-06-15,P128,106
2025-06-15,P129,105
2025-06-15,P130,131
2025-06-16,P101,107
2025-06-16,P102,151
2025-06-16,P103,154
2025-06-16,P104,193
2025-06-16,P105,144
2025-06-16,P106,128
2025-06-16,P107,73
2025-06-16,P108,51
2025-06-16,P109,82
2025-06-16,P110,47
2025-06-16,P111,102
2025-06-16,P112,114
2025-06-16,P113,117
2025-06-16,P114,180
2025-06-16,P115,129
2025-06-16,P116,110
2025-06-16,P117,118
2025-06-16,P118,67
2025-06-16,P119,100
2025-06-16,P120,109
2025-06-16,P121,67
2025-06-16,P122,68
2025-06-16,P123,63
2025-06-16,P124,114
2025-06-16,P125,111
2025-06-16,P126,126
2025-06-16,P127,117
2025-06-16,P128,72
2025-06-16,P129,50
2025-06-16,P130,84
2025-06-17,P101,53
2025-06-17,P102,151
2025-06-17,P103,138
2025-06-17,P104,130
2025-06-17,P105,116
2025-06-17,P106,162
2025-06-17,P107,175
2025-06-17,P108,51
2025-06-17,P109,37
2025-06-17,P110,63
2025-06-17,P111,187
2025-06-17,P112,119
2025-06-17,P113,189
2025-06-17,P114,149
2025-06-17,P115,121
2025-06-17,P116,124
2025-06-17,P117,119
2025-06-17,P118,133
2025-06-17,P119,132
2025-06-17,P120,86
2025-06-17,P121,68
2025-06-17,P122,76
2025-06-17,P123,82
2025-06-17,P124,63
2025-06-17,P125,114
2025-06-17,P126,86
2025-06-17,P127,114
2025-06-17,P128,140
2025-06-17,P129,55
2025-06-17,P130,65
2025-06-18,P101,74
2025-06-18,P102,154
2025-06-18,P103,184
2025-06-18,P104,187
2025-06-18,P105,134
2025-06-18,P106,102
2025-06-18,P107,111
2025-06-18,P108,74
2025-06-18,P109,86
2025-06-18,P110,43
2025-06-18,P111,217
2025-06-18,P112,159
2025-06-18,P113,205
2025-06-18,P114,138
2025-06-18,P115,174
2025-06-18,P116,108
2025-06-18,P117,140
2025-06-18,P118,82
2025-06-18,P119,145
2025-06-18,P120,107
2025-06-18,P121,96
2025-06-18,P122,42
2025-06-18,P123,97
2025-06-18,P124,85
2025-06-18,P125,64
2025-06-18,P126,96
2025-06-18,P127,114
2025-06-18,P128,116
2025-06-18,P129,104
2025-06-18,P130,74
2025-06-19,P101,105
2025-06-19,P102,152
2025-06-19,P103,163
2025-06-19,P104,150
2025-06-19,P105,151
2025-06-19,P106,157
2025-06-19,P107,135
2025-06-19,P108,58
2025-06-19,P109,80
2025-06-19,P110,68
2025-06-19,P111,217
2025-06-19,P112,155
2025-06-19,P113,199
2025-06-19,P114,217
2025-06-19,P115,182
2025-06-19,P116,80
2025-06-19,P117,89
2025-06-19,P118,134
2025-06-19,P119,100
2025-06-19,P120,86
2025-06-19,P121,67
2025-06-19,P122,45
2025-06-19,P123,76
2025-06-19,P124,108
2025-06-19,P125,80
2025-06-19,P126,140
2025-06-19,P127,107
2025-06-19,P128,140
2025-06-19,P129,97
2025-06-19,P130,109
2025-06-20,P101,98
2025-06-20,P102,112
2025-06-20,P103,217
2025-06-20,P104,168
2025-06-20,P105,160
2025-06-20,P106,85
2025-06-20,P107,99
2025-06-20,P108,66
2025-06-20,P109,66
2025-06-20,P110,99
2025-06-20,P111,175
2025-06-20,P112,203
2025-06-20,P113,241
2025-06-20,P114,285
2025-06-20,P115,174
2025-06-20,P116,127
2025-06-20,P117,70
2025-06-20,P118,76
2025-06-20,P119,110
2025-06-20,P120,112
2025-06-20,P121,91
2025-06-20,P122,55
2025-06-20,P123,91
2025-06-20,P124,82
2025-06-20,P125,165
2025-06-20,P126,97
2025-06-20,P127,132
2025-06-20,P128,140
2025-06-20,P129,60
2025-06-20,P130,97
2025-06-21,P101,65
2025-06-21,P102,217
2025-06-21,P103,193
2025-06-21,P104,245
2025-06-21,P105,169
2025-06-21,P106,149
2025-06-21,P107,142
2025-06-21,P108,80
2025-06-21,P109,92
2025-06-21,P110,99
2025-06-21,P111,185
2025-06-21,P112,215
2025-06-21,P113,266
2025-06-21,P114,195
2025-06-21,P115,159
2025-06-21,P116,118
2025-06-21,P117,82
2025-06-21,P118,123
2025-06-21,P119,92
2025-06-21,P120,115
2025-06-21,P121,160
2025-06-21,P122,99
2025-06-21,P123,88
2025-06-21,P124,81
2025-06-21,P125,93
2025-06-21,P126,165
2025-06-21,P127,109
2025-06-21,P128,96
2025-06-21,P129,103
2025-06-21,P130,85
2025-06-22,P101,96
2025-06-22,P102,170
2025-06-22,P103,201
2025-06-22,P104,161
2025-06-22,P105,100
2025-06-22,P106,192
2025-06-22,P107,108
2025-06-22,P108,93
2025-06-22,P109,47
2025-06-22,P110,66
2025-06-22,P111,182
2025-06-22,P112,148
2025-06-22,P113,190
2025-06-22,P114,212
2025-06-22,P115,157
2025-06-22,P116,73
2025-06-22,P117,105
2025-06-22,P118,174
2025-06-22,P119,100
2025-06-22,P120,154
2025-06-22,P121,119
2025-06-22,P122,57
2025-06-22,P123,135
2025-06-22,P124,93
2025-06-22,P125,160
2025-06-22,P126,100
2025-06-22,P127,134
2025-06-22,P128,82
2025-06-22,P129,105
2025-06-22,P130,135
2025-06-23,P101,112
2025-06-23,P102,106
2025-06-23,P103,117
2025-06-23,P104,156
2025-06-23,P105,65
2025-06-23,P106,93
2025-06-23,P107,69
2025-06-23,P108,37
2025-06-23,P109,51
2025-06-23,P110,42
2025-06-23,P111,195
2025-06-23,P112,127
2025-06-23,P113,207
2025-06-23,P114,170
2025-06-23,P115,160
2025-06-23,P116,88
2025-06-23,P117,95
2025-06-23,P118,121
2025-06-23,P119,109
2025-06-23,P120,113
2025-06-23,P121,112
2025-06-23,P122,70
2025-06-23,P123,79
2025-06-23,P124,129
2025-06-23,P125,137
2025-06-23,P126,98
2025-06-23,P127,82
2025-06-23,P128,64
2025-06-23,P129,47
2025-06-23,P130,105
2025-06-24,P101,64
2025-06-24,P102,109
2025-06-24,P103,106
2025-06-24,P104,156
2025-06-24,P105,82
2025-06-24,P106,94
2025-06-24,P107,131
2025-06-24,P108,56
2025-06-24,P109,61
2025-06-24,P110,88
2025-06-24,P111,165
2025-06-24,P112,205
2025-06-24,P113,196
2025-06-24,P114,181
2025-06-24,P115,148
2025-06-24,P116,116
2025-06-24,P117,74
2025-06-24,P118,140
2025-06-24,P119,134
2025-06-24,P120,134
2025-06-24,P121,94
2025-06-24,P122,48
2025-06-24,P123,93
2025-06-24,P124,76
2025-06-24,P125,68
2025-06-24,P126,65
2025-06-24,P127,101
2025-06-24,P128,69
2025-06-24,P129,72
2025-06-24,P130,76
2025-06-25,P101,107
2025-06-25,P102,97
2025-06-25,P103,174
2025-06-25,P104,222
2025-06-25,P105,148
2025-06-25,P106,115
2025-06-25,P107,113
2025-06-25,P108,65
2025-06-25,P109,77
2025-06-25,P110,93
2025-06-25,P111,153
2025-06-25,P112,178
2025-06-25,P113,139
2025-06-25,P114,250
2025-06-25,P115,166
2025-06-25,P116,68
2025-06-25,P117,74
2025-06-25,P118,100
2025-06-25,P119,129
2025-06-25,P120,134
2025-06-25,P121,83
2025-06-25,P122,56
2025-06-25,P123,129
2025-06-25,P124,79
2025-06-25,P125,90
2025-06-25,P126,70
2025-06-25,P127,87
2025-06-25,P128,117
2025-06-25,P129,100
2025-06-25,P130,106
2025-06-26,P101,101
2025-06-26,P102,153
2025-06-26,P103,163
2025-06-26,P104,215
2025-06-26,P105,148
2025-06-26,P106,78
2025-06-26,P107,141
2025-06-26,P108,85
2025-06-26,P109,83
2025-06-26,P110,54
2025-06-26,P111,211
2025-06-26,P112,214
2025-06-26,P113,238
2025-06-26,P114,189
2025-06-26,P115,173
2025-06-26,P116,111
2025-06-26,P117,74
2025-06-26,P118,76
2025-06-26,P119,107
2025-06-26,P120,156
2025-06-26,P121,84
2025-06-26,P122,85
2025-06-26,P123,136
2025-06-26,P124,99
2025-06-26,P125,158
2025-06-26,P126,107
2025-06-26,P127,66
2025-06-26,P128,100
2025-06-26,P129,93
2025-06-26,P130,60
2025-06-27,P101,72
2025-06-27,P102,162
2025-06-27,P103,142
2025-06-27,P104,153
2025-06-27,P105,82
2025-06-27,P106,151
2025-06-27,P107,178
2025-06-27,P108,39
2025-06-27,P109,74
2025-06-27,P110,81
2025-06-27,P111,141
2025-06-27,P112,234
2025-06-27,P113,208
2025-06-27,P114,263
2025-06-27,P115,165
2025-06-27,P116,76
2025-06-27,P117,104
2025-06-27,P118,117
2025-06-27,P119,109
2025-06-27,P120,141
2025-06-27,P121,142
2025-06-27,P122,45
2025-06-27,P123,86
2025-06-27,P124,102
2025-06-27,P125,86
2025-06-27,P126,155
2025-06-27,P127,124
2025-06-27,P128,90
2025-06-27,P129,106
2025-06-27,P130,70
2025-06-28,P101,75
2025-06-28,P102,142
2025-06-28,P103,239
2025-06-28,P104,224
2025-06-28,P105,121
2025-06-28,P106,182
2025-06-28,P107,130
2025-06-28,P108,76
2025-06-28,P109,86
2025-06-28,P110,98
2025-06-28,P111,190
2025-06-28,P112,223
2025-06-28,P113,225
2025-06-28,P114,250
2025-06-28,P115,158
2025-06-28,P116,152
2025-06-28,P117,80
2025-06-28,P118,112
2025-06-28,P119,135
2025-06-28,P120,89
2025-06-28,P121,76
2025-06-28,P122,88
2025-06-28,P123,130
2025-06-28,P124,140
2025-06-28,P125,160
2025-06-28,P126,150
2025-06-28,P127,148
2025-06-28,P128,116
2025-06-28,P129,103
2025-06-28,P130,144
2025-06-29,P101,76
2025-06-29,P102,110
2025-06-29,P103,205
2025-06-29,P104,230
2025-06-29,P105,146
2025-06-29,P106,153
2025-06-29,P107,148
2025-06-29,P108,57
2025-06-29,P109,56
2025-06-29,P110,65
2025-06-29,P111,221
2025-06-29,P112,183
2025-06-29,P113,288
2025-06-29,P114,192
2025-06-29,P115,132
2025-06-29,P116,87
2025-06-29,P117,120
2025-06-29,P118,143
2025-06-29,P119,144
2025-06-29,P120,162
2025-06-29,P121,76
2025-06-29,P122,80
2025-06-29,P123,116
2025-06-29,P124,80
2025-06-29,P125,92
2025-06-29,P126,103
2025-06-29,P127,142
2025-06-29,P128,141
2025-06-29,P129,71
2025-06-29,P130,105
2025-06-30,P101,105
2025-06-30,P102,89
2025-06-30,P103,177
2025-06-30,P104,119
2025-06-30,P105,130
2025-06-30,P106,135
2025-06-30,P107,74
2025-06-30,P108,41
2025-06-30,P109,33
2025-06-30,P110,77
2025-06-30,P111,187
2025-06-30,P112,120
2025-06-30,P113,147
2025-06-30,P114,243
2025-06-30,P115,127
2025-06-30,P116,98
2025-06-30,P117,123
2025-06-30,P118,101
2025-06-30,P119,128
2025-06-30,P120,67
2025-06-30,P121,63
2025-06-30,P122,65
2025-06-30,P123,89
2025-06-30,P124,105
2025-06-30,P125,141
2025-06-30,P126,123
2025-06-30,P127,116
2025-06-30,P128,111
2025-06-30,P129,86
2025-06-30,P130,56
2025-07-01,P101,90
2025-07-01,P102,93
2025-07-01,P103,165
2025-07-01,P104,142
2025-07-01,P105,96
2025-07-01,P106,77
2025-07-01,P107,77
2025-07-01,P108,42
2025-07-01,P109,73
2025-07-01,P110,52
2025-07-01,P111,179
2025-07-01,P112,163
2025-07-01,P113,133
2025-07-01,P114,128
2025-07-01,P115,137
2025-07-01,P116,67
2025-07-01,P117,92
2025-07-01,P118,98
2025-07-01,P119,96
2025-07-01,P120,109
2025-07-01,P121,80
2025-07-01,P122,41
2025-07-01,P123,57
2025-07-01,P124,110
2025-07-01,P125,130
2025-07-01,P126,147
2025-07-01,P127,132
2025-07-01,P128,93
2025-07-01,P129,77
2025-07-01,P130,88
2025-07-02,P101,65
2025-07-02,P102,109
2025-07-02,P103,161
2025-07-02,P104,127
2025-07-02,P105,89
2025-07-02,P106,158
2025-07-02,P107,139
2025-07-02,P108,65
2025-07-02,P109,39
2025-07-02,P110,77
2025-07-02,P111,128
2025-07-02,P112,201
2025-07-02,P113,237
2025-07-02,P114,245
2025-07-02,P115,142
2025-07-02,P116,60
2025-07-02,P117,122
2025-07-02,P118,142
2025-07-02,P119,105
2025-07-02,P120,151
2025-07-02,P121,110
2025-07-02,P122,44
2025-07-02,P123,59
2025-07-02,P124,91
2025-07-02,P125,100
2025-07-02,P126,89
2025-07-02,P127,99
2025-07-02,P128,99
2025-07-02,P129,59
2025-07-02,P130,105
2025-07-03,P101,106
2025-07-03,P102,163
2025-07-03,P103,113
2025-07-03,P104,215
2025-07-03,P105,109
2025-07-03,P106,98
2025-07-03,P107,139
2025-07-03,P108,40
2025-07-03,P109,70
2025-07-03,P110,60
2025-07-03,P111,178
2025-07-03,P112,184
2025-07-03,P113,159
2025-07-03,P114,186
2025-07-03,P115,107
2025-07-03,P116,128
2025-07-03,P117,109
2025-07-03,P118,156
2025-07-03,P119,150
2025-07-03,P120,122
2025-07-03,P121,89
2025-07-03,P122,78
2025-07-03,P123,117
2025-07-03,P124,109
2025-07-03,P125,86
2025-07-03,P126,158
2025-07-03,P127,73
2025-07-03,P128,112
2025-07-03,P129,89
2025-07-03,P130,70
2025-07-04,P101,105
2025-07-04,P102,195
2025-07-04,P103,157
2025-07-04,P104,220
2025-07-04,P105,149
2025-07-04,P106,140
2025-07-04,P107,141
2025-07-04,P108,81
2025-07-04,P109,93
2025-07-04,P110,45
2025-07-04,P111,214
2025-07-04,P112,161
2025-07-04,P113,218
2025-07-04,P114,204
2025-07-04,P115,123
2025-07-04,P116,136
2025-07-04,P117,70
2025-07-04,P118,113
2025-07-04,P119,125
2025-07-04,P120,167
2025-07-04,P121,103
2025-07-04,P122,97
2025-07-04,P123,63
2025-07-04,P124,114
2025-07-04,P125,93
2025-07-04,P126,170
2025-07-04,P127,109
2025-07-04,P128,90
2025-07-04,P129,81
2025-07-04,P130,103
2025-07-05,P101,90
2025-07-05,P102,196
2025-07-05,P103,145
2025-07-05,P104,233
2025-07-05,P105,134
2025-07-05,P106,136
2025-07-05,P107,158
2025-07-05,P108,74
2025-07-05,P109,94
2025-07-05,P110,108
2025-07-05,P111,236
2025-07-05,P112,216
2025-07-05,P113,212
2025-07-05,P114,319
2025-07-05,P115,160
2025-07-05,P116,142
2025-07-05,P117,145
2025-07-05,P118,104
2025-07-05,P119,121
2025-07-05,P120,167
2025-07-05,P121,108
2025-07-05,P122,99
2025-07-05,P123,118
2025-07-05,P124,80
2025-07-05,P125,177
2025-07-05,P126,194
2025-07-05,P127,93
2025-07-05,P128,82
2025-07-05,P129,64
2025-07-05,P130,90
2025-07-06,P101,136
2025-07-06,P102,163
2025-07-06,P103,214
2025-07-06,P104,227
2025-07-06,P105,181
2025-07-06,P106,149
2025-07-06,P107,208
2025-07-06,P108,74
2025-07-06,P109,80
2025-07-06,P110,62
2025-07-06,P111,138
2025-07-06,P112,141
2025-07-06,P113,234
2025-07-06,P114,169
2025-07-06,P115,140
2025-07-06,P116,70
2025-07-06,P117,145
2025-07-06,P118,116
2025-07-06,P119,169
2025-07-06,P120,115
2025-07-06,P121,114
2025-07-06,P122,74
2025-07-06,P123,68
2025-07-06,P124,95
2025-07-06,P125,76
2025-07-06,P126,173
2025-07-06,P127,92
2025-07-06,P128,112
2025-07-06,P129,122
2025-07-06,P130,114
2025-07-07,P101,106
2025-07-07,P102,171
2025-07-07,P103,188
2025-07-07,P104,133
2025-07-07,P105,129
2025-07-07,P106,109
2025-07-07,P107,114
2025-07-07,P108,31
2025-07-07,P109,69
2025-07-07,P110,61
2025-07-07,P111,113
2025-07-07,P112,194
2025-07-07,P113,222
2025-07-07,P114,138
2025-07-07,P115,96
2025-07-07,P116,107
2025-07-07,P117,97
2025-07-07,P118,101
2025-07-07,P119,127
2025-07-07,P120,118
2025-07-07,P121,68
2025-07-07,P122,56
2025-07-07,P123,82
2025-07-07,P124,95
2025-07-07,P125,100
2025-07-07,P126,144
2025-07-07,P127,68
2025-07-07,P128,74
2025-07-07,P129,59
2025-07-07,P130,51
2025-07-08,P101,60
2025-07-08,P102,109
2025-07-08,P103,130
2025-07-08,P104,142
2025-07-08,P105,84
2025-07-08,P106,117
2025-07-08,P107,133
2025-07-08,P108,50
2025-07-08,P109,38
2025-07-08,P110,64
2025-07-08,P111,191
2025-07-08,P112,217
2025-07-08,P113,198
2025-07-08,P114,143
2025-07-08,P115,142
2025-07-08,P116,123
2025-07-08,P117,80
2025-07-08,P118,146
2025-07-08,P119,133
2025-07-08,P120,145
2025-07-08,P121,69
2025-07-08,P122,58
2025-07-08,P123,125
2025-07-08,P124,56
2025-07-08,P125,87
2025-07-08,P126,123
2025-07-08,P127,62
2025-07-08,P128,66
2025-07-08,P129,99
2025-07-08,P130,106
2025-07-09,P101,115
2025-07-09,P102,167
2025-07-09,P103,204
2025-07-09,P104,118
2025-07-09,P105,101
2025-07-09,P106,125
2025-07-09,P107,145
2025-07-09,P108,34
2025-07-09,P109,88
2025-07-09,P110,64
2025-07-09,P111,112
2025-07-09,P112,137
2025-07-09,P113,150
2025-07-09,P114,229
2025-07-09,P115,125
2025-07-09,P116,97
2025-07-09,P117,91
2025-07-09,P118,93
2025-07-09,P119,77
2025-07-09,P120,109
2025-07-09,P121,72
2025-07-09,P122,53
2025-07-09,P123,117
2025-07-09,P124,91
2025-07-09,P125,79
2025-07-09,P126,122
2025-07-09,P127,133
2025-07-09,P128,140
2025-07-09,P129,55
2025-07-09,P130,116
2025-07-10,P101,106
2025-07-10,P102,103
2025-07-10,P103,152
2025-07-10,P104,171
2025-07-10,P105,141
2025-07-10,P106,167
2025-07-10,P107,172
2025-07-10,P108,77
2025-07-10,P109,81
2025-07-10,P110,88
2025-07-10,P111,220
2025-07-10,P112,207
2025-07-10,P113,161
2025-07-10,P114,148
2025-07-10,P115,180
2025-07-10,P116,87
2025-07-10,P117,90
2025-07-10,P118,128
2025-07-10,P119,69
2025-07-10,P120,111
2025-07-10,P121,71
2025-07-10,P122,73
2025-07-10,P123,137
2025-07-10,P124,83
2025-07-10,P125,155
2025-07-10,P126,122
2025-07-10,P127,109
2025-07-10,P128,76
2025-07-10,P129,113
2025-07-10,P130,72
2025-07-11,P101,130
2025-07-11,P102,195
2025-07-11,P103,134
2025-07-11,P104,226
2025-07-11,P105,175
2025-07-11,P106,148
2025-07-11,P107,87
2025-07-11,P108,87
2025-07-11,P109,46
2025-07-11,P110,63
2025-07-11,P111,236
2025-07-11,P112,138
2025-07-11,P113,230
2025-07-11,P114,209
2025-07-11,P115,156
2025-07-11,P116,68
2025-07-11,P117,93
2025-07-11,P118,96
2025-07-11,P119,152
2025-07-11,P120,118
2025-07-11,P121,139
2025-07-11,P122,68
2025-07-11,P123,137
2025-07-11,P124,119
2025-07-11,P125,105
2025-07-11,P126,106
2025-07-11,P127,124
2025-07-11,P128,85
2025-07-11,P129,78
2025-07-11,P130,131
2025-07-12,P101,91
2025-07-12,P102,163
2025-07-12,P103,203
2025-07-12,P104,237
2025-07-12,P105,80
2025-07-12,P106,178
2025-07-12,P107,102
2025-07-12,P108,70
2025-07-12,P109,68
2025-07-12,P110,80
2025-07-12,P111,135
2025-07-12,P112,189
2025-07-12,P113,295
2025-07-12,P114,204
2025-07-12,P115,209
2025-07-12,P116,147
2025-07-12,P117,139
2025-07-12,P118,140
2025-07-12,P119,137
2025-07-12,P120,121
2025-07-12,P121,126
2025-07-12,P122,86
2025-07-12,P123,158
2025-07-12,P124,101
2025-07-12,P125,152
2025-07-12,P126,130
2025-07-12,P127,163
2025-07-12,P128,124
2025-07-12,P129,125
2025-07-12,P130,119
2025-07-13,P101,124
2025-07-13,P102,149
2025-07-13,P103,142
2025-07-13,P104,178
2025-07-13,P105,142
2025-07-13,P106,198
2025-07-13,P107,156
2025-07-13,P108,50
2025-07-13,P109,91
2025-07-13,P110,82
2025-07-13,P111,241
2025-07-13,P112,207
2025-07-13,P113,237
2025-07-13,P114,299
2025-07-13,P115,124
2025-07-13,P116,132
2025-07-13,P117,136
2025-07-13,P118,133
2025-07-13,P119,130
2025-07-13,P120,174
2025-07-13,P121,141
2025-07-13,P122,81
2025-07-13,P123,128
2025-07-13,P124,77
2025-07-13,P125,132
2025-07-13,P126,184
2025-07-13,P127,74
2025-07-13,P128,126
2025-07-13,P129,102
2025-07-13,P130,105
2025-07-14,P101,65
2025-07-14,P102,122
2025-07-14,P103,121
2025-07-14,P104,164
2025-07-14,P105,79
2025-07-14,P106,157
2025-07-14,P107,130
2025-07-14,P108,35
2025-07-14,P109,74
2025-07-14,P110,75
2025-07-14,P111,111
2025-07-14,P112,205
2025-07-14,P113,189
2025-07-14,P114,206
2025-07-14,P115,133
2025-07-14,P116,116
2025-07-14,P117,132
2025-07-14,P118,106
2025-07-14,P119,71
2025-07-14,P120,78
2025-07-14,P121,63
2025-07-14,P122,65
2025-07-14,P123,52
2025-07-14,P124,126
2025-07-14,P125,87
2025-07-14,P126,78
2025-07-14,P127,67
2025-07-14,P128,92
2025-07-14,P129,71
2025-07-14,P130,99
2025-07-15,P101,85
2025-07-15,P102,93
2025-07-15,P103,171
2025-07-15,P104,180
2025-07-15,P105,104
2025-07-15,P106,165
2025-07-15,P107,147
2025-07-15,P108,42
2025-07-15,P109,77
2025-07-15,P110,80
2025-07-15,P111,207
2025-07-15,P112,115
2025-07-15,P113,218
2025-07-15,P114,150
2025-07-15,P115,89
2025-07-15,P116,87
2025-07-15,P117,131
2025-07-15,P118,100
2025-07-15,P119,66
2025-07-15,P120,148
2025-07-15,P121,98
2025-07-15,P122,56
2025-07-15,P123,65
2025-07-15,P124,111
2025-07-15,P125,146
2025-07-15,P126,78
2025-07-15,P127,73
2025-07-15,P128,78
2025-07-15,P129,83
2025-07-15,P130,67
2025-07-16,P101,90
2025-07-16,P102,168
2025-07-16,P103,125
2025-07-16,P104,135
2025-07-16,P105,147
2025-07-16,P106,148
2025-07-16,P107,135
2025-07-16,P108,80
2025-07-16,P109,41
2025-07-16,P110,40
2025-07-16,P111,184
2025-07-16,P112,157
2025-07-16,P113,250
2025-07-16,P114,170
2025-07-16,P115,152
2025-07-16,P116,109
2025-07-16,P117,121
2025-07-16,P118,131
2025-07-16,P119,111
2025-07-16,P120,99
2025-07-16,P121,85
2025-07-16,P122,45
2025-07-16,P123,71
2025-07-16,P124,135
2025-07-16,P125,117
2025-07-16,P126,111
2025-07-16,P127,90
2025-07-16,P128,78
2025-07-16,P129,61
2025-07-16,P130,100
2025-07-17,P101,82
2025-07-17,P102,190
2025-07-17,P103,206
2025-07-17,P104,116
2025-07-17,P105,82
2025-07-17,P106,92
2025-07-17,P107,86
2025-07-17,P108,65
2025-07-17,P109,56
2025-07-17,P110,82
2025-07-17,P111,218
2025-07-17,P112,157
2025-07-17,P113,172
2025-07-17,P114,170
2025-07-17,P115,167
2025-07-17,P116,71
2025-07-17,P117,86
2025-07-17,P118,130
2025-07-17,P119,98
2025-07-17,P120,130
2025-07-17,P121,108
2025-07-17,P122,65
2025-07-17,P123,103
2025-07-17,P124,91
2025-07-17,P125,146
2025-07-17,P126,107
2025-07-17,P127,133
2025-07-17,P128,129
2025-07-17,P129,90
2025-07-17,P130,116
2025-07-18,P101,99
2025-07-18,P102,124
2025-07-18,P103,129
2025-07-18,P104,186
2025-07-18,P105,134
2025-07-18,P106,83
2025-07-18,P107,158
2025-07-18,P108,85
2025-07-18,P109,39
2025-07-18,P110,87
2025-07-18,P111,168
2025-07-18,P112,157
2025-07-18,P113,238
2025-07-18,P114,268
2025-07-18,P115,119
2025-07-18,P116,77
2025-07-18,P117,100
2025-07-18,P118,110
2025-07-18,P119,126
2025-07-18,P120,146
2025-07-18,P121,115
2025-07-18,P122,46
2025-07-18,P123,103
2025-07-18,P124,97
2025-07-18,P125,86
2025-07-18,P126,170
2025-07-18,P127,126
2025-07-18,P128,135
2025-07-18,P129,112
2025-07-18,P130,120
2025-07-19,P101,118
2025-07-19,P102,165
2025-07-19,P103,210
2025-07-19,P104,193
2025-07-19,P105,146
2025-07-19,P106,170
2025-07-19,P107,148
2025-07-19,P108,95
2025-07-19,P109,45
2025-07-19,P110,107
2025-07-19,P111,225
2025-07-19,P112,284
2025-07-19,P113,264
2025-07-19,P114,230
2025-07-19,P115,111
2025-07-19,P116,159
2025-07-19,P117,93
2025-07-19,P118,138
2025-07-19,P119,142
2025-07-19,P120,172
2025-07-19,P121,128
2025-07-19,P122,94
2025-07-19,P123,133
2025-07-19,P124,128
2025-07-19,P125,153
2025-07-19,P126,110
2025-07-19,P127,151
2025-07-19,P128,166
2025-07-19,P129,95
2025-07-19,P130,84
2025-07-20,P101,80
2025-07-20,P102,129
2025-07-20,P103,133
2025-07-20,P104,226
2025-07-20,P105,108
2025-07-20,P106,138
2025-07-20,P107,100
2025-07-20,P108,63
2025-07-20,P109,45
2025-07-20,P110,86
2025-07-20,P111,193
2025-07-20,P112,186
2025-07-20,P113,177
2025-07-20,P114,224
2025-07-20,P115,161
2025-07-20,P116,102
2025-07-20,P117,123
2025-07-20,P118,166
2025-07-20,P119,125
2025-07-20,P120,143
2025-07-20,P121,133
2025-07-20,P122,77
2025-07-20,P123,141
2025-07-20,P124,152
2025-07-20,P125,123
2025-07-20,P126,170
2025-07-20,P127,81
2025-07-20,P128,121
2025-07-20,P129,72
2025-07-20,P130,128
2025-07-21,P101,72
2025-07-21,P102,134
2025-07-21,P103,130
2025-07-21,P104,177
2025-07-21,P105,84
2025-07-21,P106,71
2025-07-21,P107,136
2025-07-21,P108,74
2025-07-21,P109,72
2025-07-21,P110,81
2025-07-21,P111,108
2025-07-21,P112,116
2025-07-21,P113,211
2025-07-21,P114,141
2025-07-21,P115,159
2025-07-21,P116,76
2025-07-21,P117,129
2025-07-21,P118,130
2025-07-21,P119,122
2025-07-21,P120,87
2025-07-21,P121,80
2025-07-21,P122,37
2025-07-21,P123,105
2025-07-21,P124,114
2025-07-21,P125,71
2025-07-21,P126,105
2025-07-21,P127,118
2025-07-21,P128,64
2025-07-21,P129,85
2025-07-21,P130,103
2025-07-22,P101,80
2025-07-22,P102,172
2025-07-22,P103,173
2025-07-22,P104,189
2025-07-22,P105,108
2025-07-22,P106,116
2025-07-22,P107,167
2025-07-22,P108,47
2025-07-22,P109,43
2025-07-22,P110,71
2025-07-22,P111,198
2025-07-22,P112,186
2025-07-22,P113,203
2025-07-22,P114,234
2025-07-22,P115,117
2025-07-22,P116,101
2025-07-22,P117,103
2025-07-22,P118,75
2025-07-22,P119,138
2025-07-22,P120,122
2025-07-22,P121,124
2025-07-22,P122,48
2025-07-22,P123,80
2025-07-22,P124,85
2025-07-22,P125,65
2025-07-22,P126,155
2025-07-22,P127,96
2025-07-22,P128,108
2025-07-22,P129,106
2025-07-22,P130,92
2025-07-23,P101,106
2025-07-23,P102,101
2025-07-23,P103,131
2025-07-23,P104,206
2025-07-23,P105,139
2025-07-23,P106,82
2025-07-23,P107,168
2025-07-23,P108,77
2025-07-23,P109,85
2025-07-23,P110,87
2025-07-23,P111,132
2025-07-23,P112,176
2025-07-23,P113,173
2025-07-23,P114,209
2025-07-23,P115,169
2025-07-23,P116,117
2025-07-23,P117,91
2025-07-23,P118,73
2025-07-23,P119,142
2025-07-23,P120,122
2025-07-23,P121,71
2025-07-23,P122,88
2025-07-23,P123,67
2025-07-23,P124,88
2025-07-23,P125,133
2025-07-23,P126,152
2025-07-23,P127,113
2025-07-23,P128,66
2025-07-23,P129,81
2025-07-23,P130,97
2025-07-24,P101,126
2025-07-24,P102,101
2025-07-24,P103,169
2025-07-24,P104,198
2025-07-24,P105,111
2025-07-24,P106,87
2025-07-24,P107,186
2025-07-24,P108,62
2025-07-24,P109,87
2025-07-24,P110,96
2025-07-24,P111,177
2025-07-24,P112,185
2025-07-24,P113,166
2025-07-24,P114,176
2025-07-24,P115,103
2025-07-24,P116,136
2025-07-24,P117,72
2025-07-24,P118,94
2025-07-24,P119,94
2025-07-24,P120,81
2025-07-24,P121,133
2025-07-24,P122,69
2025-07-24,P123,64
2025-07-24,P124,139
2025-07-24,P125,131
2025-07-24,P126,82
2025-07-24,P127,77
2025-07-24,P128,101
2025-07-24,P129,114
2025-07-24,P130,95
2025-07-25,P101,81
2025-07-25,P102,185
2025-07-25,P103,223
2025-07-25,P104,152
2025-07-25,P105,116
2025-07-25,P106,76
2025-07-25,P107,174
2025-07-25,P108,85
2025-07-25,P109,92
2025-07-25,P110,49
2025-07-25,P111,184
2025-07-25,P112,182
2025-07-25,P113,233
2025-07-25,P114,229
2025-07-25,P115,156
2025-07-25,P116,112
2025-07-25,P117,151
2025-07-25,P118,108
2025-07-25,P119,113
2025-07-25,P120,162
2025-07-25,P121,129
2025-07-25,P122,68
2025-07-25,P123,65
2025-07-25,P124,128
2025-07-25,P125,130
2025-07-25,P126,159
2025-07-25,P127,88
2025-07-25,P128,150
2025-07-25,P129,77
2025-07-25,P130,118
2025-07-26,P101,121
2025-07-26,P102,219
2025-07-26,P103,175
2025-07-26,P104,143
2025-07-26,P105,141
2025-07-26,P106,192
2025-07-26,P107,89
2025-07-26,P108,55
2025-07-26,P109,73
2025-07-26,P110,88
2025-07-26,P111,260
2025-07-26,P112,228
2025-07-26,P113,248
2025-07-26,P114,173
2025-07-26,P115,145
2025-07-26,P116,111
2025-07-26,P117,99
2025-07-26,P118,161
2025-07-26,P119,161
2025-07-26,P120,158
2025-07-26,P121,115
2025-07-26,P122,82
2025-07-26,P123,92
2025-07-26,P124,156
2025-07-26,P125,129
2025-07-26,P126,152
2025-07-26,P127,111
2025-07-26,P128,99
2025-07-26,P129,70
2025-07-26,P130,112
2025-07-27,P101,98
2025-07-27,P102,127
2025-07-27,P103,163
2025-07-27,P104,172
2025-07-27,P105,185
2025-07-27,P106,105
2025-07-27,P107,155
2025-07-27,P108,78
2025-07-27,P109,75
2025-07-27,P110,101
2025-07-27,P111,129
2025-07-27,P112,193
2025-07-27,P113,248
2025-07-27,P114,228
2025-07-27,P115,106
2025-07-27,P116,123
2025-07-27,P117,132
2025-07-27,P118,129
2025-07-27,P119,124
2025-07-27,P120,105
2025-07-27,P121,123
2025-07-27,P122,59
2025-07-27,P123,61
2025-07-27,P124,126
2025-07-27,P125,91
2025-07-27,P126,138
2025-07-27,P127,160
2025-07-27,P128,119
2025-07-27,P129,68
2025-07-27,P130,107
2025-07-28,P101,53
2025-07-28,P102,100
2025-07-28,P103,171
2025-07-28,P104,108
2025-07-28,P105,100
2025-07-28,P106,108
2025-07-28,P107,123
2025-07-28,P108,43
2025-07-28,P109,63
2025-07-28,P110,46
2025-07-28,P111,166
2025-07-28,P112,112
2025-07-28,P113,141
2025-07-28,P114,181
2025-07-28,P115,153
2025-07-28,P116,118
2025-07-28,P117,87
2025-07-28,P118,88
2025-07-28,P119,135
2025-07-28,P120,144
2025-07-28,P121,96
2025-07-28,P122,47
2025-07-28,P123,58
2025-07-28,P124,119
2025-07-28,P125,99
2025-07-28,P126,87
2025-07-28,P127,69
2025-07-28,P128,71
2025-07-28,P129,59
2025-07-28,P130,79
2025-07-29,P101,81
2025-07-29,P102,172
2025-07-29,P103,108
2025-07-29,P104,153
2025-07-29,P105,134
2025-07-29,P106,82
2025-07-29,P107,106
2025-07-29,P108,63
2025-07-29,P109,47
2025-07-29,P110,90
2025-07-29,P111,143
2025-07-29,P112,205
2025-07-29,P113,168
2025-07-29,P114,230
2025-07-29,P115,152
2025-07-29,P116,125
2025-07-29,P117,86
2025-07-29,P118,75
2025-07-29,P119,79
2025-07-29,P120,72
2025-07-29,P121,114
2025-07-29,P122,48
2025-07-29,P123,116
2025-07-29,P124,127
2025-07-29,P125,89
2025-07-29,P126,120
2025-07-29,P127,88
2025-07-29,P128,132
2025-07-29,P129,103
2025-07-29,P130,60
2025-07-30,P101,66
2025-07-30,P102,149
2025-07-30,P103,152
2025-07-30,P104,189
2025-07-30,P105,110
2025-07-30,P106,167
2025-07-30,P107,148
2025-07-30,P108,67
2025-07-30,P109,88
2025-07-30,P110,76
2025-07-30,P111,112
2025-07-30,P112,186
2025-07-30,P113,217
2025-07-30,P114,188
2025-07-30,P115,177
2025-07-30,P116,90
2025-07-30,P117,127
2025-07-30,P118,91
2025-07-30,P119,106
2025-07-30,P120,72
2025-07-30,P121,102
2025-07-30,P122,45
2025-07-30,P123,59
2025-07-30,P124,64
2025-07-30,P125,87
2025-07-30,P126,98
2025-07-30,P127,81
2025-07-30,P128,73
2025-07-30,P129,86
2025-07-30,P130,96
2025-07-31,P101,87
2025-07-31,P102,141
2025-07-31,P103,204
2025-07-31,P104,119
2025-07-31,P105,139
2025-07-31,P106,74
2025-07-31,P107,93
2025-07-31,P108,48
2025-07-31,P109,80
2025-07-31,P110,62
2025-07-31,P111,167
2025-07-31,P112,180
2025-07-31,P113,207
2025-07-31,P114,222
2025-07-31,P115,136
2025-07-31,P116,65
2025-07-31,P117,83
2025-07-31,P118,152
2025-07-31,P119,146
2025-07-31,P120,130
2025-07-31,P121,66
2025-07-31,P122,78
2025-07-31,P123,70
2025-07-31,P124,134
2025-07-31,P125,130
2025-07-31,P126,116
2025-07-31,P127,87
2025-07-31,P128,107
2025-07-31,P129,67
2025-07-31,P130,100
2025-08-01,P101,119
2025-08-01,P102,103
2025-08-01,P103,172
2025-08-01,P104,202
2025-08-01,P105,141
2025-08-01,P106,121
2025-08-01,P107,98
2025-08-01,P108,39
2025-08-01,P109,73
2025-08-01,P110,43
2025-08-01,P111,144
2025-08-01,P112,163
2025-08-01,P113,202
2025-08-01,P114,208
2025-08-01,P115,114
2025-08-01,P116,68
2025-08-01,P117,104
2025-08-01,P118,129
2025-08-01,P119,85
2025-08-01,P120,161
2025-08-01,P121,112
2025-08-01,P122,62
2025-08-01,P123,129
2025-08-01,P124,103
2025-08-01,P125,67
2025-08-01,P126,160
2025-08-01,P127,77
2025-08-01,P128,71
2025-08-01,P129,102
2025-08-01,P130,73
2025-08-02,P101,106
2025-08-02,P102,224
2025-08-02,P103,158
2025-08-02,P104,216
2025-08-02,P105,188
2025-08-02,P106,175
2025-08-02,P107,160
2025-08-02,P108,49
2025-08-02,P109,86
2025-08-02,P110,92
2025-08-02,P111,178
2025-08-02,P112,281
2025-08-02,P113,205
2025-08-02,P114,168
2025-08-02,P115,116
2025-08-02,P116,146
2025-08-02,P117,102
2025-08-02,P118,170
2025-08-02,P119,98
2025-08-02,P120,134
2025-08-02,P121,150
2025-08-02,P122,100
2025-08-02,P123,83
2025-08-02,P124,135
2025-08-02,P125,135
2025-08-02,P126,140
2025-08-02,P127,125
2025-08-02,P128,110
2025-08-02,P129,63
2025-08-02,P130,99
2025-08-03,P101,135
2025-08-03,P102,130
2025-08-03,P103,139
2025-08-03,P104,178
2025-08-03,P105,148
2025-08-03,P106,101
2025-08-03,P107,176
2025-08-03,P108,79
2025-08-03,P109,92
2025-08-03,P110,86
2025-08-03,P111,184
2025-08-03,P112,190
2025-08-03,P113,264
2025-08-03,P114,187
2025-08-03,P115,122
2025-08-03,P116,117
2025-08-03,P117,118
2025-08-03,P118,114
2025-08-03,P119,108
2025-08-03,P120,173
2025-08-03,P121,71
2025-08-03,P122,60
2025-08-03,P123,121
2025-08-03,P124,70
2025-08-03,P125,131
2025-08-03,P126,157
2025-08-03,P127,133
2025-08-03,P128,90
2025-08-03,P129,124
2025-08-03,P130,129
2025-08-04,P101,50
2025-08-04,P102,139
2025-08-04,P103,180
2025-08-04,P104,102
2025-08-04,P105,141
2025-08-04,P106,98
2025-08-04,P107,97
2025-08-04,P108,49
2025-08-04,P109,56
2025-08-04,P110,88
2025-08-04,P111,183
2025-08-04,P112,152
2025-08-04,P113,163
2025-08-04,P114,232
2025-08-04,P115,124
2025-08-04,P116,110
2025-08-04,P117,126
2025-08-04,P118,64
2025-08-04,P119,130
2025-08-04,P120,67
2025-08-04,P121,62
2025-08-04,P122,50
2025-08-04,P123,69
2025-08-04,P124,80
2025-08-04,P125,121
2025-08-04,P126,121
2025-08-04,P127,88
2025-08-04,P128,98
2025-08-04,P129,89
2025-08-04,P130,87
2025-08-05,P101,104
2025-08-05,P102,120
2025-08-05,P103,153
2025-08-05,P104,206
2025-08-05,P105,146
2025-08-05,P106,147
2025-08-05,P107,149
2025-08-05,P108,58
2025-08-05,P109,48
2025-08-05,P110,91
2025-08-05,P111,150
2025-08-05,P112,206
2025-08-05,P113,199
2025-08-05,P114,143
2025-08-05,P115,143
2025-08-05,P116,65
2025-08-05,P117,61
2025-08-05,P118,72
2025-08-05,P119,109
2025-08-05,P120,88
2025-08-05,P121,85
2025-08-05,P122,40
2025-08-05,P123,113
2025-08-05,P124,97
2025-08-05,P125,97
2025-08-05,P126,98
2025-08-05,P127,64
2025-08-05,P128,107
2025-08-05,P129,94
2025-08-05,P130,60
2025-08-06,P101,114
2025-08-06,P102,116
2025-08-06,P103,147
2025-08-06,P104,198
2025-08-06,P105,140
2025-08-06,P106,139
2025-08-06,P107,167
2025-08-06,P108,38
2025-08-06,P109,68
2025-08-06,P110,38
2025-08-06,P111,152
2025-08-06,P112,127
2025-08-06,P113,238
2025-08-06,P114,209
2025-08-06,P115,105
2025-08-06,P116,64
2025-08-06,P117,102
2025-08-06,P118,70
2025-08-06,P119,102
2025-08-06,P120,116
2025-08-06,P121,98
2025-08-06,P122,57
2025-08-06,P123,105
2025-08-06,P124,71
2025-08-06,P125,102
2025-08-06,P126,146
2025-08-06,P127,88
2025-08-06,P128,85
2025-08-06,P129,103
2025-08-06,P130,62
2025-08-07,P101,78
2025-08-07,P102,156
2025-08-07,P103,118
2025-08-07,P104,169
2025-08-07,P105,162
2025-08-07,P106,72
2025-08-07,P107,108
2025-08-07,P108,66
2025-08-07,P109,85
2025-08-07,P110,43
2025-08-07,P111,212
2025-08-07,P112,175
2025-08-07,P113,246
2025-08-07,P114,190
2025-08-07,P115,128
2025-08-07,P116,127
2025-08-07,P117,117
2025-08-07,P118,86
2025-08-07,P119,135
2025-08-07,P120,103
2025-08-07,P121,86
2025-08-07,P122,48
2025-08-07,P123,98
2025-08-07,P124,91
2025-08-07,P125,100
2025-08-07,P126,112
2025-08-07,P127,89
2025-08-07,P128,74
2025-08-07,P129,99
2025-08-07,P130,56
2025-08-08,P101,121
2025-08-08,P102,198
2025-08-08,P103,155
2025-08-08,P104,118
2025-08-08,P105,111
2025-08-08,P106,143
2025-08-08,P107,97
2025-08-08,P108,47
2025-08-08,P109,73
2025-08-08,P110,66
2025-08-08,P111,185
2025-08-08,P112,227
2025-08-08,P113,246
2025-08-08,P114,146
2025-08-08,P115,94
2025-08-08,P116,112
2025-08-08,P117,92
2025-08-08,P118,118
2025-08-08,P119,97
2025-08-08,P120,166
2025-08-08,P121,107
2025-08-08,P122,58
2025-08-08,P123,116
2025-08-08,P124,88
2025-08-08,P125,113
2025-08-08,P126,127
2025-08-08,P127,107
2025-08-08,P128,116
2025-08-08,P129,108
2025-08-08,P130,108
2025-08-09,P101,60
2025-08-09,P102,225
2025-08-09,P103,194
2025-08-09,P104,178
2025-08-09,P105,144
2025-08-09,P106,203
2025-08-09,P107,121
2025-08-09,P108,43
2025-08-09,P109,82
2025-08-09,P110,76
2025-08-09,P111,209
2025-08-09,P112,169
2025-08-09,P113,281
2025-08-09,P114,272
2025-08-09,P115,119
2025-08-09,P116,71
2025-08-09,P117,151
2025-08-09,P118,109
2025-08-09,P119,83
2025-08-09,P120,107
2025-08-09,P121,70
2025-08-09,P122,99
2025-08-09,P123,84
2025-08-09,P124,90
2025-08-09,P125,135
2025-08-09,P126,78
2025-08-09,P127,113
2025-08-09,P128,94
2025-08-09,P129,103
2025-08-09,P130,137
2025-08-10,P101,110
2025-08-10,P102,140
2025-08-10,P103,166
2025-08-10,P104,133
2025-08-10,P105,96
2025-08-10,P106,95
2025-08-10,P107,165
2025-08-10,P108,81
2025-08-10,P109,50
2025-08-10,P110,81
2025-08-10,P111,224
2025-08-10,P112,216
2025-08-10,P113,258
2025-08-10,P114,148
2025-08-10,P115,122
2025-08-10,P116,93
2025-08-10,P117,95
2025-08-10,P118,99
2025-08-10,P119,115
2025-08-10,P120,105
2025-08-10,P121,102
2025-08-10,P122,52
2025-08-10,P123,70
2025-08-10,P124,98
2025-08-10,P125,125
2025-08-10,P126,129
2025-08-10,P127,128
2025-08-10,P128,98
2025-08-10,P129,69
2025-08-10,P130,79
2025-08-11,P101,98
2025-08-11,P102,154
2025-08-11,P103,176
2025-08-11,P104,116
2025-08-11,P105,124
2025-08-11,P106,119
2025-08-11,P107,105
2025-08-11,P108,36
2025-08-11,P109,80
2025-08-11,P110,85
2025-08-11,P111,106
2025-08-11,P112,182
2025-08-11,P113,148
2025-08-11,P114,164
2025-08-11,P115,117
2025-08-11,P116,79
2025-08-11,P117,102
2025-08-11,P118,137
2025-08-11,P119,94
2025-08-11,P120,141
2025-08-11,P121,114
2025-08-11,P122,58
2025-08-11,P123,73
2025-08-11,P124,72
2025-08-11,P125,122
2025-08-11,P126,142
2025-08-11,P127,86
2025-08-11,P128,76
2025-08-11,P129,48
2025-08-11,P130,94
2025-08-12,P101,96
2025-08-12,P102,142
2025-08-12,P103,159
2025-08-12,P104,186
2025-08-12,P105,94
2025-08-12,P106,121
2025-08-12,P107,103
2025-08-12,P108,53
2025-08-12,P109,78
2025-08-12,P110,39
2025-08-12,P111,127
2025-08-12,P112,165
2025-08-12,P113,132
2025-08-12,P114,177
2025-08-12,P115,146
2025-08-12,P116,85
2025-08-12,P117,110
2025-08-12,P118,74
2025-08-12,P119,68
2025-08-12,P120,131
2025-08-12,P121,79
2025-08-12,P122,78
2025-08-12,P123,101
2025-08-12,P124,112
2025-08-12,P125,116
2025-08-12,P126,139
2025-08-12,P127,109
2025-08-12,P128,139
2025-08-12,P129,70
2025-08-12,P130,74
2025-08-13,P101,106
2025-08-13,P102,133
2025-08-13,P103,129
2025-08-13,P104,173
2025-08-13,P105,117
2025-08-13,P106,101
2025-08-13,P107,131
2025-08-13,P108,79
2025-08-13,P109,79
2025-08-13,P110,73
2025-08-13,P111,131
2025-08-13,P112,156
2025-08-13,P113,205
2025-08-13,P114,149
2025-08-13,P115,157
2025-08-13,P116,120
2025-08-13,P117,63
2025-08-13,P118,73
2025-08-13,P119,130
2025-08-13,P120,72
2025-08-13,P121,110
2025-08-13,P122,70
2025-08-13,P123,55
2025-08-13,P124,124
2025-08-13,P125,134
2025-08-13,P126,122
2025-08-13,P127,87
2025-08-13,P128,131
2025-08-13,P129,57
2025-08-13,P130,107
2025-08-14,P101,82
2025-08-14,P102,118
2025-08-14,P103,177
2025-08-14,P104,122
2025-08-14,P105,145
2025-08-14,P106,98
2025-08-14,P107,92
2025-08-14,P108,68
2025-08-14,P109,58
2025-08-14,P110,44
2025-08-14,P111,179
2025-08-14,P112,142
2025-08-14,P113,242
2025-08-14,P114,152
2025-08-14,P115,92
2025-08-14,P116,64
2025-08-14,P117,74
2025-08-14,P118,117
2025-08-14,P119,132
2025-08-14,P120,124
2025-08-14,P121,80
2025-08-14,P122,70
2025-08-14,P123,88
2025-08-14,P124,100
2025-08-14,P125,118
2025-08-14,P126,161
2025-08-14,P127,112
2025-08-14,P128,107
2025-08-14,P129,60
2025-08-14,P130,99
2025-08-15,P101,127
2025-08-15,P102,167
2025-08-15,P103,242
2025-08-15,P104,347
2025-08-15,P105,143
2025-08-15,P106,262
2025-08-15,P107,223
2025-08-15,P108,131
2025-08-15,P109,71
2025-08-15,P110,100
2025-08-15,P111,320
2025-08-15,P112,283
2025-08-15,P113,342
2025-08-15,P114,313
2025-08-15,P115,189
2025-08-15,P116,152
2025-08-15,P117,191
2025-08-15,P118,202
2025-08-15,P119,128
2025-08-15,P120,234
2025-08-15,P121,174
2025-08-15,P122,71
2025-08-15,P123,195
2025-08-15,P124,123
2025-08-15,P125,236
2025-08-15,P126,140
2025-08-15,P127,180
2025-08-15,P128,111
2025-08-15,P129,98
2025-08-15,P130,144
2025-08-16,P101,88
2025-08-16,P102,130
2025-08-16,P103,130
2025-08-16,P104,195
2025-08-16,P105,172
2025-08-16,P106,88
2025-08-16,P107,155
2025-08-16,P108,40
2025-08-16,P109,59
2025-08-16,P110,95
2025-08-16,P111,179
2025-08-16,P112,179
2025-08-16,P113,186
2025-08-16,P114,199
2025-08-16,P115,129
2025-08-16,P116,90
2025-08-16,P117,151
2025-08-16,P118,169
2025-08-16,P119,172
2025-08-16,P120,172
2025-08-16,P121,97
2025-08-16,P122,58
2025-08-16,P123,113
2025-08-16,P124,139
2025-08-16,P125,142
2025-08-16,P126,169
2025-08-16,P127,86
2025-08-16,P128,106
2025-08-16,P129,60
2025-08-16,P130,88
2025-08-17,P101,110
2025-08-17,P102,118
2025-08-17,P103,220
2025-08-17,P104,216
2025-08-17,P105,124
2025-08-17,P106,165
2025-08-17,P107,97
2025-08-17,P108,92
2025-08-17,P109,77
2025-08-17,P110,96
2025-08-17,P111,142
2025-08-17,P112,197
2025-08-17,P113,142
2025-08-17,P114,284
2025-08-17,P115,102
2025-08-17,P116,105
2025-08-17,P117,94
2025-08-17,P118,104
2025-08-17,P119,85
2025-08-17,P120,111
2025-08-17,P121,145
2025-08-17,P122,90
2025-08-17,P123,64
2025-08-17,P124,76
2025-08-17,P125,138
2025-08-17,P126,85
2025-08-17,P127,118
2025-08-17,P128,103
2025-08-17,P129,90
2025-08-17,P130,90
2025-08-18,P101,62
2025-08-18,P102,110
2025-08-18,P103,114
2025-08-18,P104,159
2025-08-18,P105,113
2025-08-18,P106,121
2025-08-18,P107,154
2025-08-18,P108,59
2025-08-18,P109,42
2025-08-18,P110,67
2025-08-18,P111,155
2025-08-18,P112,139
2025-08-18,P113,204
2025-08-18,P114,180
2025-08-18,P115,140
2025-08-18,P116,53
2025-08-18,P117,102
2025-08-18,P118,70
2025-08-18,P119,101
2025-08-18,P120,78
2025-08-18,P121,105
2025-08-18,P122,48
2025-08-18,P123,88
2025-08-18,P124,120
2025-08-18,P125,100
2025-08-18,P126,110
2025-08-18,P127,61
2025-08-18,P128,86
2025-08-18,P129,55
2025-08-18,P130,105
2025-08-19,P101,89
2025-08-19,P102,100
2025-08-19,P103,112
2025-08-19,P104,130
2025-08-19,P105,145
2025-08-19,P106,131
2025-08-19,P107,168
2025-08-19,P108,56
2025-08-19,P109,48
2025-08-19,P110,41
2025-08-19,P111,195
2025-08-19,P112,203
2025-08-19,P113,176
2025-08-19,P114,238
2025-08-19,P115,88
2025-08-19,P116,74
2025-08-19,P117,131
2025-08-19,P118,104
2025-08-19,P119,130
2025-08-19,P120,126
2025-08-19,P121,58
2025-08-19,P122,69
2025-08-19,P123,119
2025-08-19,P124,91
2025-08-19,P125,76
2025-08-19,P126,142
2025-08-19,P127,94
2025-08-19,P128,94
2025-08-19,P129,71
2025-08-19,P130,75
2025-08-20,P101,77
2025-08-20,P102,173
2025-08-20,P103,115
2025-08-20,P104,179
2025-08-20,P105,95
2025-08-20,P106,131
2025-08-20,P107,126
2025-08-20,P108,60
2025-08-20,P109,44
2025-08-20,P110,86
2025-08-20,P111,176
2025-08-20,P112,125
2025-08-20,P113,163
2025-08-20,P114,246
2025-08-20,P115,171
2025-08-20,P116,92
2025-08-20,P117,116
2025-08-20,P118,115
2025-08-20,P119,141
2025-08-20,P120,127
2025-08-20,P121,125
2025-08-20,P122,44
2025-08-20,P123,71
2025-08-20,P124,137
2025-08-20,P125,143
2025-08-20,P126,129
2025-08-20,P127,62
2025-08-20,P128,107
2025-08-20,P129,48
2025-08-20,P130,89
2025-08-21,P101,70
2025-08-21,P102,183
2025-08-21,P103,151
2025-08-21,P104,117
2025-08-21,P105,95
2025-08-21,P106,160
2025-08-21,P107,120
2025-08-21,P108,66
2025-08-21,P109,76
2025-08-21,P110,47
2025-08-21,P111,176
2025-08-21,P112,225
2025-08-21,P113,185
2025-08-21,P114,199
2025-08-21,P115,113
2025-08-21,P116,81
2025-08-21,P117,108
2025-08-21,P118,96
2025-08-21,P119,105
2025-08-21,P120,95
2025-08-21,P121,99
2025-08-21,P122,44
2025-08-21,P123,127
2025-08-21,P124,63
2025-08-21,P125,77
2025-08-21,P126,73
2025-08-21,P127,118
2025-08-21,P128,113
2025-08-21,P129,70
2025-08-21,P130,91
2025-08-22,P101,67
2025-08-22,P102,160
2025-08-22,P103,161
2025-08-22,P104,180
2025-08-22,P105,89
2025-08-22,P106,177
2025-08-22,P107,174
2025-08-22,P108,74
2025-08-22,P109,76
2025-08-22,P110,93
2025-08-22,P111,131
2025-08-22,P112,201
2025-08-22,P113,210
2025-08-22,P114,212
2025-08-22,P115,134
2025-08-22,P116,71
2025-08-22,P117,87
2025-08-22,P118,75
2025-08-22,P119,144
2025-08-22,P120,161
2025-08-22,P121,138
2025-08-22,P122,74
2025-08-22,P123,95
2025-08-22,P124,109
2025-08-22,P125,145
2025-08-22,P126,116
2025-08-22,P127,140
2025-08-22,P128,119
2025-08-22,P129,99
2025-08-22,P130,122
2025-08-23,P101,91
2025-08-23,P102,173
2025-08-23,P103,129
2025-08-23,P104,147
2025-08-23,P105,170
2025-08-23,P106,94
2025-08-23,P107,118
2025-08-23,P108,91
2025-08-23,P109,90
2025-08-23,P110,68
2025-08-23,P111,159
2025-08-23,P112,270
2025-08-23,P113,197
2025-08-23,P114,204
2025-08-23,P115,204
2025-08-23,P116,141
2025-08-23,P117,86
2025-08-23,P118,111
2025-08-23,P119,153
2025-08-23,P120,132
2025-08-23,P121,145
2025-08-23,P122,57
2025-08-23,P123,75
2025-08-23,P124,74
2025-08-23,P125,167
2025-08-23,P126,85
2025-08-23,P127,124
2025-08-23,P128,90
2025-08-23,P129,88
2025-08-23,P130,97
2025-08-24,P101,71
2025-08-24,P102,177
2025-08-24,P103,161
2025-08-24,P104,193
2025-08-24,P105,140
2025-08-24,P106,138
2025-08-24,P107,192
2025-08-24,P108,54
2025-08-24,P109,72
2025-08-24,P110,83
2025-08-24,P111,231
2025-08-24,P112,163
2025-08-24,P113,224
2025-08-24,P114,233
2025-08-24,P115,99
2025-08-24,P116,109
2025-08-24,P117,147
2025-08-24,P118,118
2025-08-24,P119,87
2025-08-24,P120,82
2025-08-24,P121,145
2025-08-24,P122,91
2025-08-24,P123,98
2025-08-24,P124,148
2025-08-24,P125,121
2025-08-24,P126,174
2025-08-24,P127,115
2025-08-24,P128,152
2025-08-24,P129,86
2025-08-24,P130,77
2025-08-25,P101,80
2025-08-25,P102,102
2025-08-25,P103,165
2025-08-25,P104,111
2025-08-25,P105,80
2025-08-25,P106,67
2025-08-25,P107,136
2025-08-25,P108,68
2025-08-25,P109,74
2025-08-25,P110,35
2025-08-25,P111,107
2025-08-25,P112,121
2025-08-25,P113,143
2025-08-25,P114,227
2025-08-25,P115,130
2025-08-25,P116,100
2025-08-25,P117,82
2025-08-25,P118,111
2025-08-25,P119,76
2025-08-25,P120,129
2025-08-25,P121,102
2025-08-25,P122,50
2025-08-25,P123,68
2025-08-25,P124,108
2025-08-25,P125,113
2025-08-25,P126,141
2025-08-25,P127,73
2025-08-25,P128,118
2025-08-25,P129,83
2025-08-25,P130,89
2025-08-26,P101,107
2025-08-26,P102,147
2025-08-26,P103,160
2025-08-26,P104,163
2025-08-26,P105,130
2025-08-26,P106,126
2025-08-26,P107,76
2025-08-26,P108,67
2025-08-26,P109,48
2025-08-26,P110,86
2025-08-26,P111,190
2025-08-26,P112,170
2025-08-26,P113,161
2025-08-26,P114,159
2025-08-26,P115,90
2025-08-26,P116,80
2025-08-26,P117,78
2025-08-26,P118,63
2025-08-26,P119,65
2025-08-26,P120,116
2025-08-26,P121,108
2025-08-26,P122,43
2025-08-26,P123,53
2025-08-26,P124,106
2025-08-26,P125,77
2025-08-26,P126,116
2025-08-26,P127,72
2025-08-26,P128,103
2025-08-26,P129,65
2025-08-26,P130,75
2025-08-27,P101,82
2025-08-27,P102,130
2025-08-27,P103,148
2025-08-27,P104,111
2025-08-27,P105,139
2025-08-27,P106,115
2025-08-27,P107,140
2025-08-27,P108,42
2025-08-27,P109,51
2025-08-27,P110,43
2025-08-27,P111,183
2025-08-27,P112,194
2025-08-27,P113,192
2025-08-27,P114,203
2025-08-27,P115,103
2025-08-27,P116,123
2025-08-27,P117,130
2025-08-27,P118,105
2025-08-27,P119,104
2025-08-27,P120,100
2025-08-27,P121,63
2025-08-27,P122,56
2025-08-27,P123,89
2025-08-27,P124,123
2025-08-27,P125,96
2025-08-27,P126,66
2025-08-27,P127,60
2025-08-27,P128,123
2025-08-27,P129,99
2025-08-27,P130,72
2025-08-28,P101,92
2025-08-28,P102,170
2025-08-28,P103,147
2025-08-28,P104,108
2025-08-28,P105,131
2025-08-28,P106,147
2025-08-28,P107,112
2025-08-28,P108,81
2025-08-28,P109,79
2025-08-28,P110,77
2025-08-28,P111,110
2025-08-28,P112,160
2025-08-28,P113,155
2025-08-28,P114,152
2025-08-28,P115,138
2025-08-28,P116,62
2025-08-28,P117,81
2025-08-28,P118,73
2025-08-28,P119,124
2025-08-28,P120,135
2025-08-28,P121,63
2025-08-28,P122,53
2025-08-28,P123,70
2025-08-28,P124,114
2025-08-28,P125,92
2025-08-28,P126,140
2025-08-28,P127,75
2025-08-28,P128,139
2025-08-28,P129,84
2025-08-28,P130,100
2025-08-29,P101,101
2025-08-29,P102,100
2025-08-29,P103,151
2025-08-29,P104,187
2025-08-29,P105,110
2025-08-29,P106,96
2025-08-29,P107,187
2025-08-29,P108,74
2025-08-29,P109,59
2025-08-29,P110,62
2025-08-29,P111,170
2025-08-29,P112,140
2025-08-29,P113,212
2025-08-29,P114,170
2025-08-29,P115,126
2025-08-29,P116,85
2025-08-29,P117,100
2025-08-29,P118,106
2025-08-29,P119,136
2025-08-29,P120,130
2025-08-29,P121,59
2025-08-29,P122,72
2025-08-29,P123,124
2025-08-29,P124,91
2025-08-29,P125,68
2025-08-29,P126,125
2025-08-29,P127,127
2025-08-29,P128,148
2025-08-29,P129,77
2025-08-29,P130,93
2025-08-30,P101,131
2025-08-30,P102,125
2025-08-30,P103,122
2025-08-30,P104,137
2025-08-30,P105,97
2025-08-30,P106,91
2025-08-30,P107,132
2025-08-30,P108,63
2025-08-30,P109,48
2025-08-30,P110,85
2025-08-30,P111,243
2025-08-30,P112,253
2025-08-30,P113,258
2025-08-30,P114,212
2025-08-30,P115,161
2025-08-30,P116,146
2025-08-30,P117,147
2025-08-30,P118,80
2025-08-30,P119,92
2025-08-30,P120,171
2025-08-30,P121,111
2025-08-30,P122,70
2025-08-30,P123,150
2025-08-30,P124,97
2025-08-30,P125,166
2025-08-30,P126,167
2025-08-30,P127,144
2025-08-30,P128,169
2025-08-30,P129,79
2025-08-30,P130,128
2025-08-31,P101,120
2025-08-31,P102,160
2025-08-31,P103,164
2025-08-31,P104,174
2025-08-31,P105,140
2025-08-31,P106,179
2025-08-31,P107,168
2025-08-31,P108,82
2025-08-31,P109,92
2025-08-31,P110,56
2025-08-31,P111,223
2025-08-31,P112,206
2025-08-31,P113,136
2025-08-31,P114,223
2025-08-31,P115,156
2025-08-31,P116,74
2025-08-31,P117,71
2025-08-31,P118,86
2025-08-31,P119,154
2025-08-31,P120,143
2025-08-31,P121,89
2025-08-31,P122,87
2025-08-31,P123,136
2025-08-31,P124,108
2025-08-31,P125,159
2025-08-31,P126,163
2025-08-31,P127,67
2025-08-31,P128,127
2025-08-31,P129,111
2025-08-31,P130,121
2025-09-01,P101,99
2025-09-01,P102,162
2025-09-01,P103,138
2025-09-01,P104,131
2025-09-01,P105,83
2025-09-01,P106,73
2025-09-01,P107,131
2025-09-01,P108,38
2025-09-01,P109,32
2025-09-01,P110,84
2025-09-01,P111,141
2025-09-01,P112,148
2025-09-01,P113,194
2025-09-01,P114,175
2025-09-01,P115,85
2025-09-01,P116,87
2025-09-01,P117,81
2025-09-01,P118,92
2025-09-01,P119,114
2025-09-01,P120,107
2025-09-01,P121,83
2025-09-01,P122,38
2025-09-01,P123,86
2025-09-01,P124,110
2025-09-01,P125,109
2025-09-01,P126,89
2025-09-01,P127,122
2025-09-01,P128,99
2025-09-01,P129,95
2025-09-01,P130,62
2025-09-02,P101,110
2025-09-02,P102,156
2025-09-02,P103,142
2025-09-02,P104,183
2025-09-02,P105,102
2025-09-02,P106,117
2025-09-02,P107,160
2025-09-02,P108,34
2025-09-02,P109,38
2025-09-02,P110,59
2025-09-02,P111,127
2025-09-02,P112,113
2025-09-02,P113,181
2025-09-02,P114,238
2025-09-02,P115,137
2025-09-02,P116,60
2025-09-02,P117,98
2025-09-02,P118,90
2025-09-02,P119,104
2025-09-02,P120,112
2025-09-02,P121,114
2025-09-02,P122,54
2025-09-02,P123,51
2025-09-02,P124,61
2025-09-02,P125,90
2025-09-02,P126,136
2025-09-02,P127,82
2025-09-02,P128,90
2025-09-02,P129,78
2025-09-02,P130,92
2025-09-03,P101,108
2025-09-03,P102,99
2025-09-03,P103,183
2025-09-03,P104,118
2025-09-03,P105,69
2025-09-03,P106,160
2025-09-03,P107,144
2025-09-03,P108,74
2025-09-03,P109,45
2025-09-03,P110,79
2025-09-03,P111,146
2025-09-03,P112,122
2025-09-03,P113,150
2025-09-03,P114,177
2025-09-03,P115,122
2025-09-03,P116,117
2025-09-03,P117,68
2025-09-03,P118,114
2025-09-03,P119,102
2025-09-03,P120,104
2025-09-03,P121,107
2025-09-03,P122,59
2025-09-03,P123,92
2025-09-03,P124,100
2025-09-03,P125,76
2025-09-03,P126,101
2025-09-03,P127,132
2025-09-03,P128,124
2025-09-03,P129,65
2025-09-03,P130,80
2025-09-04,P101,99
2025-09-04,P102,118
2025-09-04,P103,180
2025-09-04,P104,140
2025-09-04,P105,128
2025-09-04,P106,113
2025-09-04,P107,75
2025-09-04,P108,44
2025-09-04,P109,79
2025-09-04,P110,70
2025-09-04,P111,188
2025-09-04,P112,129
2025-09-04,P113,185
2025-09-04,P114,134
2025-09-04,P115,93
2025-09-04,P116,80
2025-09-04,P117,131
2025-09-04,P118,87
2025-09-04,P119,88
2025-09-04,P120,145
2025-09-04,P121,101
2025-09-04,P122,56
2025-09-04,P123,57
2025-09-04,P124,56
2025-09-04,P125,75
2025-09-04,P126,132
2025-09-04,P127,60
2025-09-04,P128,104
2025-09-04,P129,48
2025-09-04,P130,53
2025-09-05,P101,65
2025-09-05,P102,128
2025-09-05,P103,112
2025-09-05,P104,130
2025-09-05,P105,101
2025-09-05,P106,155
2025-09-05,P107,144
2025-09-05,P108,53
2025-09-05,P109,91
2025-09-05,P110,40
2025-09-05,P111,189
2025-09-05,P112,171
2025-09-05,P113,196
2025-09-05,P114,225
2025-09-05,P115,90
2025-09-05,P116,92
2025-09-05,P117,96
2025-09-05,P118,103
2025-09-05,P119,85
2025-09-05,P120,99
2025-09-05,P121,117
2025-09-05,P122,57
2025-09-05,P123,79
2025-09-05,P124,128
2025-09-05,P125,74
2025-09-05,P126,134
2025-09-05,P127,131
2025-09-05,P128,122
2025-09-05,P129,54
2025-09-05,P130,71
2025-09-06,P101,74
2025-09-06,P102,200
2025-09-06,P103,200
2025-09-06,P104,179
2025-09-06,P105,148
2025-09-06,P106,180
2025-09-06,P107,165
2025-09-06,P108,71
2025-09-06,P109,79
2025-09-06,P110,92
2025-09-06,P111,227
2025-09-06,P112,179
2025-09-06,P113,240
2025-09-06,P114,205
2025-09-06,P115,156
2025-09-06,P116,70
2025-09-06,P117,74
2025-09-06,P118,80
2025-09-06,P119,123
2025-09-06,P120,175
2025-09-06,P121,133
2025-09-06,P122,46
2025-09-06,P123,115
2025-09-06,P124,136
2025-09-06,P125,162
2025-09-06,P126,110
2025-09-06,P127,103
2025-09-06,P128,76
2025-09-06,P129,115
2025-09-06,P130,97
2025-09-07,P101,67
2025-09-07,P102,147
2025-09-07,P103,138
2025-09-07,P104,217
2025-09-07,P105,136
2025-09-07,P106,119
2025-09-07,P107,144
2025-09-07,P108,88
2025-09-07,P109,83
2025-09-07,P110,100
2025-09-07,P111,170
2025-09-07,P112,165
2025-09-07,P113,186
2025-09-07,P114,254
2025-09-07,P115,106
2025-09-07,P116,104
2025-09-07,P117,131
2025-09-07,P118,111
2025-09-07,P119,119
2025-09-07,P120,147
2025-09-07,P121,67
2025-09-07,P122,88
2025-09-07,P123,102
2025-09-07,P124,134
2025-09-07,P125,91
2025-09-07,P126,133
2025-09-07,P127,83
2025-09-07,P128,133
2025-09-07,P129,102
2025-09-07,P130,117
2025-09-08,P101,50
2025-09-08,P102,149
2025-09-08,P103,129
2025-09-08,P104,157
2025-09-08,P105,93
2025-09-08,P106,61
2025-09-08,P107,102
2025-09-08,P108,56
2025-09-08,P109,55
2025-09-08,P110,43
2025-09-08,P111,144
2025-09-08,P112,171
2025-09-08,P113,189
2025-09-08,P114,128
2025-09-08,P115,84
2025-09-08,P116,102
2025-09-08,P117,69
2025-09-08,P118,82
2025-09-08,P119,72
2025-09-08,P120,67
2025-09-08,P121,76
2025-09-08,P122,34
2025-09-08,P123,107
2025-09-08,P124,92
2025-09-08,P125,87
2025-09-08,P126,106
2025-09-08,P127,115
2025-09-08,P128,100
2025-09-08,P129,90
2025-09-08,P130,57
2025-09-09,P101,61
2025-09-09,P102,139
2025-09-09,P103,136
2025-09-09,P104,128
2025-09-09,P105,118
2025-09-09,P106,122
2025-09-09,P107,156
2025-09-09,P108,66
2025-09-09,P109,47
2025-09-09,P110,34
2025-09-09,P111,173
2025-09-09,P112,129
2025-09-09,P113,115
2025-09-09,P114,154
2025-09-09,P115,108
2025-09-09,P116,113
2025-09-09,P117,88
2025-09-09,P118,109
2025-09-09,P119,97
2025-09-09,P120,125
2025-09-09,P121,93
2025-09-09,P122,63
2025-09-09,P123,76
2025-09-09,P124,76
2025-09-09,P125,103
2025-09-09,P126,95
2025-09-09,P127,81
2025-09-09,P128,78
2025-09-09,P129,95
2025-09-09,P130,101
2025-09-10,P101,63
2025-09-10,P102,159
2025-09-10,P103,180
2025-09-10,P104,169
2025-09-10,P105,95
2025-09-10,P106,120
2025-09-10,P107,165
2025-09-10,P108,66
2025-09-10,P109,69
2025-09-10,P110,68
2025-09-10,P111,120
2025-09-10,P112,139
2025-09-10,P113,185
2025-09-10,P114,163
2025-09-10,P115,110
2025-09-10,P116,56
2025-09-10,P117,98
2025-09-10,P118,107
2025-09-10,P119,130
2025-09-10,P120,133
2025-09-10,P121,96
2025-09-10,P122,56
2025-09-10,P123,62
2025-09-10,P124,86
2025-09-10,P125,66
2025-09-10,P126,124
2025-09-10,P127,111
2025-09-10,P128,136
2025-09-10,P129,66
2025-09-10,P130,93
2025-09-11,P101,92
2025-09-11,P102,166
2025-09-11,P103,187
2025-09-11,P104,169
2025-09-11,P105,66
2025-09-11,P106,73
2025-09-11,P107,135
2025-09-11,P108,48
2025-09-11,P109,65
2025-09-11,P110,42
2025-09-11,P111,208
2025-09-11,P112,134
2025-09-11,P113,236
2025-09-11,P114,216
2025-09-11,P115,133
2025-09-11,P116,98
2025-09-11,P117,108
2025-09-11,P118,97
2025-09-11,P119,114
2025-09-11,P120,80
2025-09-11,P121,66
2025-09-11,P122,56
2025-09-11,P123,85
2025-09-11,P124,66
2025-09-11,P125,106
2025-09-11,P126,148
2025-09-11,P127,83
2025-09-11,P128,97
2025-09-11,P129,66
2025-09-11,P130,62
2025-09-12,P101,67
2025-09-12,P102,152
2025-09-12,P103,102
2025-09-12,P104,215
2025-09-12,P105,66
2025-09-12,P106,76
2025-09-12,P107,79
2025-09-12,P108,67
2025-09-12,P109,51
2025-09-12,P110,79
2025-09-12,P111,130
2025-09-12,P112,147
2025-09-12,P113,184
2025-09-12,P114,235
2025-09-12,P115,90
2025-09-12,P116,72
2025-09-12,P117,95
2025-09-12,P118,129
2025-09-12,P119,121
2025-09-12,P120,138
2025-09-12,P121,130
2025-09-12,P122,41
2025-09-12,P123,86
2025-09-12,P124,128
2025-09-12,P125,145
2025-09-12,P126,107
2025-09-12,P127,132
2025-09-12,P128,105
2025-09-12,P129,90
2025-09-12,P130,82
2025-09-13,P101,131
2025-09-13,P102,117
2025-09-13,P103,145
2025-09-13,P104,140
2025-09-13,P105,87
2025-09-13,P106,93
2025-09-13,P107,122
2025-09-13,P108,47
2025-09-13,P109,63
2025-09-13,P110,58
2025-09-13,P111,197
2025-09-13,P112,131
2025-09-13,P113,160
2025-09-13,P114,287
2025-09-13,P115,105
2025-09-13,P116,70
2025-09-13,P117,94
2025-09-13,P118,120
2025-09-13,P119,147
2025-09-13,P120,98
2025-09-13,P121,144
2025-09-13,P122,90
2025-09-13,P123,76
2025-09-13,P124,64
2025-09-13,P125,117
2025-09-13,P126,120
2025-09-13,P127,136
2025-09-13,P128,113
2025-09-13,P129,108
2025-09-13,P130,128
2025-09-14,P101,69
2025-09-14,P102,151
2025-09-14,P103,125
2025-09-14,P104,118
2025-09-14,P105,127
2025-09-14,P106,112
2025-09-14,P107,124
2025-09-14,P108,56
2025-09-14,P109,44
2025-09-14,P110,52
2025-09-14,P111,197
2025-09-14,P112,164
2025-09-14,P113,182
2025-09-14,P114,250
2025-09-14,P115,145
2025-09-14,P116,109
2025-09-14,P117,106
2025-09-14,P118,138
2025-09-14,P119,81
2025-09-14,P120,80
2025-09-14,P121,98
2025-09-14,P122,80
2025-09-14,P123,84
2025-09-14,P124,71
2025-09-14,P125,111
2025-09-14,P126,121
2025-09-14,P127,116
2025-09-14,P128,90
2025-09-14,P129,106
2025-09-14,P130,87
2025-09-15,P101,88
2025-09-15,P102,128
2025-09-15,P103,161
2025-09-15,P104,132
2025-09-15,P105,127
2025-09-15,P106,68
2025-09-15,P107,105
2025-09-15,P108,52
2025-09-15,P109,36
2025-09-15,P110,56
2025-09-15,P111,94
2025-09-15,P112,190
2025-09-15,P113,142
2025-09-15,P114,116
2025-09-15,P115,127
2025-09-15,P116,70
2025-09-15,P117,89
2025-09-15,P118,116
2025-09-15,P119,57
2025-09-15,P120,67
2025-09-15,P121,83
2025-09-15,P122,62
2025-09-15,P123,68
2025-09-15,P124,64
2025-09-15,P125,90
2025-09-15,P126,94
2025-09-15,P127,113
2025-09-15,P128,64
2025-09-15,P129,78
2025-09-15,P130,49
2025-09-16,P101,43
2025-09-16,P102,135
2025-09-16,P103,168
2025-09-16,P104,169
2025-09-16,P105,91
2025-09-16,P106,120
2025-09-16,P107,95
2025-09-16,P108,30
2025-09-16,P109,63
2025-09-16,P110,49
2025-09-16,P111,178
2025-09-16,P112,150
2025-09-16,P113,151
2025-09-16,P114,160
2025-09-16,P115,129
2025-09-16,P116,77
2025-09-16,P117,99
2025-09-16,P118,126
2025-09-16,P119,65
2025-09-16,P120,82
2025-09-16,P121,82
2025-09-16,P122,60
2025-09-16,P123,100
2025-09-16,P124,123
2025-09-16,P125,128
2025-09-16,P126,113
2025-09-16,P127,98
2025-09-16,P128,75
2025-09-16,P129,89
2025-09-16,P130,66
2025-09-17,P101,64
2025-09-17,P102,87
2025-09-17,P103,145
2025-09-17,P104,163
2025-09-17,P105,91
2025-09-17,P106,69
2025-09-17,P107,154
2025-09-17,P108,47
2025-09-17,P109,58
2025-09-17,P110,60
2025-09-17,P111,105
2025-09-17,P112,168
2025-09-17,P113,147
2025-09-17,P114,229
2025-09-17,P115,115
2025-09-17,P116,105
2025-09-17,P117,95
2025-09-17,P118,121
2025-09-17,P119,107
2025-09-17,P120,103
2025-09-17,P121,91
2025-09-17,P122,49
2025-09-17,P123,54
2025-09-17,P124,75
2025-09-17,P125,63
2025-09-17,P126,104
2025-09-17,P127,93
2025-09-17,P128,132
2025-09-17,P129,53
2025-09-17,P130,96
2025-09-18,P101,67
2025-09-18,P102,161
2025-09-18,P103,104
2025-09-18,P104,127
2025-09-18,P105,111
2025-09-18,P106,84
2025-09-18,P107,160
2025-09-18,P108,55
2025-09-18,P109,58
2025-09-18,P110,62
2025-09-18,P111,152
2025-09-18,P112,125
2025-09-18,P113,147
2025-09-18,P114,214
2025-09-18,P115,97
2025-09-18,P116,95
2025-09-18,P117,60
2025-09-18,P118,84
2025-09-18,P119,134
2025-09-18,P120,70
2025-09-18,P121,120
2025-09-18,P122,66
2025-09-18,P123,120
2025-09-18,P124,98
2025-09-18,P125,68
2025-09-18,P126,73
2025-09-18,P127,80
2025-09-18,P128,88
2025-09-18,P129,57
2025-09-18,P130,75
2025-09-19,P101,110
2025-09-19,P102,175
2025-09-19,P103,144
2025-09-19,P104,155
2025-09-19,P105,73
2025-09-19,P106,113
2025-09-19,P107,172
2025-09-19,P108,36
2025-09-19,P109,51
2025-09-19,P110,77
2025-09-19,P111,126
2025-09-19,P112,188
2025-09-19,P113,160
2025-09-19,P114,243
2025-09-19,P115,146
2025-09-19,P116,84
2025-09-19,P117,72
2025-09-19,P118,67
2025-09-19,P119,80
2025-09-19,P120,149
2025-09-19,P121,97
2025-09-19,P122,83
2025-09-19,P123,85
2025-09-19,P124,126
2025-09-19,P125,148
2025-09-19,P126,83
2025-09-19,P127,137
2025-09-19,P128,95
2025-09-19,P129,99
2025-09-19,P130,75
2025-09-20,P101,67
2025-09-20,P102,194
2025-09-20,P103,171
2025-09-20,P104,204
2025-09-20,P105,135
2025-09-20,P106,105
2025-09-20,P107,161
2025-09-20,P108,82
2025-09-20,P109,75
2025-09-20,P110,65
2025-09-20,P111,217
2025-09-20,P112,167
2025-09-20,P113,241
2025-09-20,P114,155
2025-09-20,P115,96
2025-09-20,P116,87
2025-09-20,P117,135
2025-09-20,P118,110
2025-09-20,P119,108
2025-09-20,P120,138
2025-09-20,P121,73
2025-09-20,P122,66
2025-09-20,P123,87
2025-09-20,P124,120
2025-09-20,P125,119
2025-09-20,P126,164
2025-09-20,P127,115
2025-09-20,P128,134
2025-09-20,P129,119
2025-09-20,P130,125
2025-09-21,P101,113
2025-09-21,P102,154
2025-09-21,P103,211
2025-09-21,P104,178
2025-09-21,P105,152
2025-09-21,P106,72
2025-09-21,P107,101
2025-09-21,P108,71
2025-09-21,P109,60
2025-09-21,P110,83
2025-09-21,P111,198
2025-09-21,P112,199
2025-09-21,P113,200
2025-09-21,P114,259
2025-09-21,P115,122
2025-09-21,P116,131
2025-09-21,P117,80
2025-09-21,P118,72
2025-09-21,P119,101
2025-09-21,P120,91
2025-09-21,P121,59
2025-09-21,P122,70
2025-09-21,P123,58
2025-09-21,P124,124
2025-09-21,P125,85
2025-09-21,P126,140
2025-09-21,P127,75
2025-09-21,P128,112
2025-09-21,P129,70
2025-09-21,P130,82
2025-09-22,P101,77
2025-09-22,P102,91
2025-09-22,P103,116
2025-09-22,P104,91
2025-09-22,P105,119
2025-09-22,P106,121
2025-09-22,P107,147
2025-09-22,P108,33
2025-09-22,P109,63
2025-09-22,P110,49
2025-09-22,P111,114
2025-09-22,P112,159
2025-09-22,P113,144
2025-09-22,P114,118
2025-09-22,P115,93
2025-09-22,P116,100
2025-09-22,P117,84
2025-09-22,P118,117
2025-09-22,P119,120
2025-09-22,P120,102
2025-09-22,P121,82
2025-09-22,P122,63
2025-09-22,P123,70
2025-09-22,P124,64
2025-09-22,P125,109
2025-09-22,P126,125
2025-09-22,P127,91
2025-09-22,P128,88
2025-09-22,P129,84
2025-09-22,P130,59
2025-09-23,P101,45
2025-09-23,P102,160
2025-09-23,P103,116
2025-09-23,P104,175
2025-09-23,P105,77
2025-09-23,P106,146
2025-09-23,P107,156
2025-09-23,P108,34
2025-09-23,P109,34
2025-09-23,P110,47
2025-09-23,P111,105
2025-09-23,P112,173
2025-09-23,P113,115
2025-09-23,P114,143
2025-09-23,P115,147
2025-09-23,P116,58
2025-09-23,P117,99
2025-09-23,P118,118
2025-09-23,P119,72
2025-09-23,P120,76
2025-09-23,P121,65
2025-09-23,P122,40
2025-09-23,P123,110
2025-09-23,P124,105
2025-09-23,P125,122
2025-09-23,P126,136
2025-09-23,P127,92
2025-09-23,P128,127
2025-09-23,P129,67
2025-09-23,P130,84
2025-09-24,P101,95
2025-09-24,P102,108
2025-09-24,P103,181
2025-09-24,P104,177
2025-09-24,P105,88
2025-09-24,P106,81
2025-09-24,P107,143
2025-09-24,P108,63
2025-09-24,P109,66
2025-09-24,P110,80
2025-09-24,P111,187
2025-09-24,P112,207
2025-09-24,P113,195
2025-09-24,P114,124
2025-09-24,P115,146
2025-09-24,P116,78
2025-09-24,P117,100
2025-09-24,P118,68
2025-09-24,P119,64
2025-09-24,P120,76
2025-09-24,P121,60
2025-09-24,P122,66
2025-09-24,P123,113
2025-09-24,P124,53
2025-09-24,P125,96
2025-09-24,P126,65
2025-09-24,P127,61
2025-09-24,P128,60
2025-09-24,P129,45
2025-09-24,P130,51
2025-09-25,P101,96
2025-09-25,P102,144
2025-09-25,P103,137
2025-09-25,P104,182
2025-09-25,P105,140
2025-09-25,P106,140
2025-09-25,P107,77
2025-09-25,P108,63
2025-09-25,P109,50
2025-09-25,P110,53
2025-09-25,P111,130
2025-09-25,P112,149
2025-09-25,P113,148
2025-09-25,P114,136
2025-09-25,P115,113
2025-09-25,P116,108
2025-09-25,P117,66
2025-09-25,P118,111
2025-09-25,P119,116
2025-09-25,P120,74
2025-09-25,P121,63
2025-09-25,P122,35
2025-09-25,P123,68
2025-09-25,P124,69
2025-09-25,P125,101
2025-09-25,P126,117
2025-09-25,P127,91
2025-09-25,P128,106
2025-09-25,P129,63
2025-09-25,P130,93
2025-09-26,P101,112
2025-09-26,P102,113
2025-09-26,P103,145
2025-09-26,P104,157
2025-09-26,P105,148
2025-09-26,P106,87
2025-09-26,P107,150
2025-09-26,P108,49
2025-09-26,P109,74
2025-09-26,P110,46
2025-09-26,P111,138
2025-09-26,P112,132
2025-09-26,P113,176
2025-09-26,P114,169
2025-09-26,P115,125
2025-09-26,P116,79
2025-09-26,P117,90
2025-09-26,P118,142
2025-09-26,P119,98
2025-09-26,P120,90
2025-09-26,P121,66
2025-09-26,P122,80
2025-09-26,P123,54
2025-09-26,P124,135
2025-09-26,P125,78
2025-09-26,P126,86
2025-09-26,P127,73
2025-09-26,P128,96
2025-09-26,P129,69
2025-09-26,P130,112
2025-09-27,P101,128
2025-09-27,P102,162
2025-09-27,P103,132
2025-09-27,P104,156
2025-09-27,P105,86
2025-09-27,P106,177
2025-09-27,P107,138
2025-09-27,P108,54
2025-09-27,P109,90
2025-09-27,P110,52
2025-09-27,P111,196
2025-09-27,P112,246
2025-09-27,P113,142
2025-09-27,P114,140
2025-09-27,P115,95
2025-09-27,P116,81
2025-09-27,P117,143
2025-09-27,P118,110
2025-09-27,P119,149
2025-09-27,P120,136
2025-09-27,P121,131
2025-09-27,P122,47
2025-09-27,P123,71
2025-09-27,P124,105
2025-09-27,P125,156
2025-09-27,P126,131
2025-09-27,P127,101
2025-09-27,P128,102
2025-09-27,P129,107
2025-09-27,P130,119
2025-09-28,P101,81
2025-09-28,P102,98
2025-09-28,P103,137
2025-09-28,P104,130
2025-09-28,P105,159
2025-09-28,P106,122
2025-09-28,P107,83
2025-09-28,P108,44
2025-09-28,P109,66
2025-09-28,P110,81
2025-09-28,P111,172
2025-09-28,P112,233
2025-09-28,P113,127
2025-09-28,P114,184
2025-09-28,P115,111
2025-09-28,P116,106
2025-09-28,P117,97
2025-09-28,P118,69
2025-09-28,P119,133
2025-09-28,P120,116
2025-09-28,P121,114
2025-09-28,P122,47
2025-09-28,P123,54
2025-09-28,P124,65
2025-09-28,P125,148
2025-09-28,P126,105
2025-09-28,P127,117
2025-09-28,P128,113
2025-09-28,P129,87
2025-09-28,P130,76
2025-09-29,P101,91
2025-09-29,P102,119
2025-09-29,P103,119
2025-09-29,P104,107
2025-09-29,P105,119
2025-09-29,P106,130
2025-09-29,P107,141
2025-09-29,P108,37
2025-09-29,P109,31
2025-09-29,P110,60
2025-09-29,P111,135
2025-09-29,P112,151
2025-09-29,P113,180
2025-09-29,P114,185
2025-09-29,P115,84
2025-09-29,P116,57
2025-09-29,P117,109
2025-09-29,P118,117
2025-09-29,P119,112
2025-09-29,P120,102
2025-09-29,P121,65
2025-09-29,P122,41
2025-09-29,P123,63
2025-09-29,P124,67
2025-09-29,P125,104
2025-09-29,P126,75
2025-09-29,P127,92
2025-09-29,P128,101
2025-09-29,P129,78
2025-09-29,P130,45
2025-09-30,P101,45
2025-09-30,P102,150
2025-09-30,P103,114
2025-09-30,P104,180
2025-09-30,P105,67
2025-09-30,P106,64
2025-09-30,P107,78
2025-09-30,P108,62
2025-09-30,P109,42
2025-09-30,P110,68
2025-09-30,P111,136
2025-09-30,P112,141
2025-09-30,P113,198
2025-09-30,P114,189
2025-09-30,P115,98
2025-09-30,P116,68
2025-09-30,P117,84
2025-09-30,P118,127
2025-09-30,P119,61
2025-09-30,P120,104
2025-09-30,P121,81
2025-09-30,P122,54
2025-09-30,P123,90
2025-09-30,P124,91
2025-09-30,P125,85
2025-09-30,P126,70
2025-09-30,P127,87
2025-09-30,P128,97
2025-09-30,P129,89
2025-09-30,P130,56
2025-10-01,P101,52
2025-10-01,P102,96
2025-10-01,P103,114
2025-10-01,P104,140
2025-10-01,P105,104
2025-10-01,P106,89
2025-10-01,P107,74
2025-10-01,P108,41
2025-10-01,P109,48
2025-10-01,P110,45
2025-10-01,P111,129
2025-10-01,P112,163
2025-10-01,P113,153
2025-10-01,P114,187
2025-10-01,P115,79
2025-10-01,P116,54
2025-10-01,P117,121
2025-10-01,P118,130
2025-10-01,P119,128
2025-10-01,P120,67
2025-10-01,P121,72
2025-10-01,P122,47
2025-10-01,P123,113
2025-10-01,P124,115
2025-10-01,P125,114
2025-10-01,P126,114
2025-10-01,P127,71
2025-10-01,P128,76
2025-10-01,P129,76
2025-10-01,P130,91
2025-10-02,P101,114
2025-10-02,P102,216
2025-10-02,P103,157
2025-10-02,P104,158
2025-10-02,P105,191
2025-10-02,P106,157
2025-10-02,P107,166
2025-10-02,P108,82
2025-10-02,P109,102
2025-10-02,P110,74
2025-10-02,P111,228
2025-10-02,P112,240
2025-10-02,P113,190
2025-10-02,P114,194
2025-10-02,P115,150
2025-10-02,P116,159
2025-10-02,P117,135
2025-10-02,P118,145
2025-10-02,P119,195
2025-10-02,P120,116
2025-10-02,P121,173
2025-10-02,P122,71
2025-10-02,P123,124
2025-10-02,P124,139
2025-10-02,P125,100
2025-10-02,P126,136
2025-10-02,P127,120
2025-10-02,P128,159
2025-10-02,P129,147
2025-10-02,P130,94
2025-10-03,P101,64
2025-10-03,P102,121
2025-10-03,P103,107
2025-10-03,P104,125
2025-10-03,P105,63
2025-10-03,P106,113
2025-10-03,P107,169
2025-10-03,P108,71
2025-10-03,P109,49
2025-10-03,P110,39
2025-10-03,P111,177
2025-10-03,P112,127
2025-10-03,P113,214
2025-10-03,P114,243
2025-10-03,P115,149
2025-10-03,P116,80
2025-10-03,P117,83
2025-10-03,P118,102
2025-10-03,P119,96
2025-10-03,P120,142
2025-10-03,P121,57
2025-10-03,P122,36
2025-10-03,P123,50
2025-10-03,P124,109
2025-10-03,P125,98
2025-10-03,P126,87
2025-10-03,P127,61
2025-10-03,P128,70
2025-10-03,P129,92
2025-10-03,P130,96
2025-10-04,P101,124
2025-10-04,P102,112
2025-10-04,P103,172
2025-10-04,P104,167
2025-10-04,P105,121
2025-10-04,P106,105
2025-10-04,P107,101
2025-10-04,P108,49
2025-10-04,P109,76
2025-10-04,P110,43
2025-10-04,P111,159
2025-10-04,P112,243
2025-10-04,P113,139
2025-10-04,P114,220
2025-10-04,P115,115
2025-10-04,P116,82
2025-10-04,P117,139
2025-10-04,P118,90
2025-10-04,P119,121
2025-10-04,P120,105
2025-10-04,P121,122
2025-10-04,P122,84
2025-10-04,P123,118
2025-10-04,P124,94
2025-10-04,P125,102
2025-10-04,P126,82
2025-10-04,P127,105
2025-10-04,P128,142
2025-10-04,P129,85
2025-10-04,P130,77
2025-10-05,P101,110
2025-10-05,P102,108
2025-10-05,P103,167
2025-10-05,P104,187
2025-10-05,P105,129
2025-10-05,P106,77
2025-10-05,P107,138
2025-10-05,P108,58
2025-10-05,P109,59
2025-10-05,P110,76
2025-10-05,P111,127
2025-10-05,P112,218
2025-10-05,P113,215
2025-10-05,P114,162
2025-10-05,P115,92
2025-10-05,P116,104
2025-10-05,P117,79
2025-10-05,P118,140
2025-10-05,P119,90
2025-10-05,P120,123
2025-10-05,P121,60
2025-10-05,P122,55
2025-10-05,P123,61
2025-10-05,P124,67
2025-10-05,P125,91
2025-10-05,P126,132
2025-10-05,P127,115
2025-10-05,P128,125
2025-10-05,P129,95
2025-10-05,P130,73
2025-10-06,P101,44
2025-10-06,P102,121
2025-10-06,P103,124
2025-10-06,P104,87
2025-10-06,P105,90
2025-10-06,P106,96
2025-10-06,P107,97
2025-10-06,P108,34
2025-10-06,P109,43
2025-10-06,P110,43
2025-10-06,P111,87
2025-10-06,P112,152
2025-10-06,P113,124
2025-10-06,P114,124
2025-10-06,P115,136
2025-10-06,P116,87
2025-10-06,P117,88
2025-10-06,P118,88
2025-10-06,P119,70
2025-10-06,P120,116
2025-10-06,P121,89
2025-10-06,P122,66
2025-10-06,P123,45
2025-10-06,P124,92
2025-10-06,P125,75
2025-10-06,P126,73
2025-10-06,P127,99
2025-10-06,P128,99
2025-10-06,P129,87
2025-10-06,P130,89
2025-10-07,P101,87
2025-10-07,P102,147
2025-10-07,P103,151
2025-10-07,P104,173
2025-10-07,P105,119
2025-10-07,P106,102
2025-10-07,P107,84
2025-10-07,P108,57
2025-10-07,P109,31
2025-10-07,P110,61
2025-10-07,P111,177
2025-10-07,P112,161
2025-10-07,P113,113
2025-10-07,P114,175
2025-10-07,P115,119
2025-10-07,P116,85
2025-10-07,P117,107
2025-10-07,P118,68
2025-10-07,P119,116
2025-10-07,P120,89
2025-10-07,P121,60
2025-10-07,P122,43
2025-10-07,P123,108
2025-10-07,P124,83
2025-10-07,P125,108
2025-10-07,P126,108
2025-10-07,P127,93
2025-10-07,P128,102
2025-10-07,P129,85
2025-10-07,P130,56
2025-10-08,P101,78
2025-10-08,P102,99
2025-10-08,P103,154
2025-10-08,P104,108
2025-10-08,P105,98
2025-10-08,P106,67
2025-10-08,P107,93
2025-10-08,P108,28
2025-10-08,P109,39
2025-10-08,P110,58
2025-10-08,P111,152
2025-10-08,P112,142
2025-10-08,P113,116
2025-10-08,P114,222
2025-10-08,P115,121
2025-10-08,P116,79
2025-10-08,P117,66
2025-10-08,P118,100
2025-10-08,P119,84
2025-10-08,P120,77
2025-10-08,P121,76
2025-10-08,P122,59
2025-10-08,P123,65
2025-10-08,P124,112
2025-10-08,P125,105
2025-10-08,P126,103
2025-10-08,P127,91
2025-10-08,P128,95
2025-10-08,P129,95
2025-10-08,P130,79
2025-10-09,P101,76
2025-10-09,P102,101
2025-10-09,P103,133
2025-10-09,P104,113
2025-10-09,P105,120
2025-10-09,P106,63
2025-10-09,P107,141
2025-10-09,P108,56
2025-10-09,P109,39
2025-10-09,P110,49
2025-10-09,P111,191
2025-10-09,P112,115
2025-10-09,P113,210
2025-10-09,P114,215
2025-10-09,P115,134
2025-10-09,P116,80
2025-10-09,P117,71
2025-10-09,P118,70
2025-10-09,P119,101
2025-10-09,P120,86
2025-10-09,P121,58
2025-10-09,P122,39
2025-10-09,P123,97
2025-10-09,P124,103
2025-10-09,P125,77
2025-10-09,P126,68
2025-10-09,P127,81
2025-10-09,P128,84
2025-10-09,P129,60
2025-10-09,P130,84
2025-10-10,P101,95
2025-10-10,P102,132
2025-10-10,P103,156
2025-10-10,P104,105
2025-10-10,P105,126
2025-10-10,P106,136
2025-10-10,P107,146
2025-10-10,P108,55
2025-10-10,P109,77
2025-10-10,P110,79
2025-10-10,P111,127
2025-10-10,P112,144
2025-10-10,P113,202
2025-10-10,P114,200
2025-10-10,P115,82
2025-10-10,P116,120
2025-10-10,P117,99
2025-10-10,P118,65
2025-10-10,P119,117
2025-10-10,P120,93
2025-10-10,P121,118
2025-10-10,P122,47
2025-10-10,P123,86
2025-10-10,P124,104
2025-10-10,P125,115
2025-10-10,P126,67
2025-10-10,P127,96
2025-10-10,P128,91
2025-10-10,P129,88
2025-10-10,P130,57
2025-10-11,P101,102
2025-10-11,P102,172
2025-10-11,P103,144
2025-10-11,P104,126
2025-10-11,P105,120
2025-10-11,P106,78
2025-10-11,P107,163
2025-10-11,P108,83
2025-10-11,P109,72
2025-10-11,P110,98
2025-10-11,P111,115
2025-10-11,P112,200
2025-10-11,P113,171
2025-10-11,P114,193
2025-10-11,P115,111
2025-10-11,P116,116
2025-10-11,P117,97
2025-10-11,P118,70
2025-10-11,P119,121
2025-10-11,P120,144
2025-10-11,P121,60
2025-10-11,P122,49
2025-10-11,P123,67
2025-10-11,P124,105
2025-10-11,P125,98
2025-10-11,P126,94
2025-10-11,P127,79
2025-10-11,P128,74
2025-10-11,P129,112
2025-10-11,P130,99
2025-10-12,P101,75
2025-10-12,P102,97
2025-10-12,P103,199
2025-10-12,P104,205
2025-10-12,P105,137
2025-10-12,P106,93
2025-10-12,P107,110
2025-10-12,P108,49
2025-10-12,P109,80
2025-10-12,P110,73
2025-10-12,P111,173
2025-10-12,P112,142
2025-10-12,P113,120
2025-10-12,P114,146
2025-10-12,P115,87
2025-10-12,P116,68
2025-10-12,P117,104
2025-10-12,P118,105
2025-10-12,P119,103
2025-10-12,P120,128
2025-10-12,P121,124
2025-10-12,P122,64
2025-10-12,P123,95
2025-10-12,P124,87
2025-10-12,P125,133
2025-10-12,P126,149
2025-10-12,P127,87
2025-10-12,P128,86
2025-10-12,P129,103
2025-10-12,P130,55
2025-10-13,P101,65
2025-10-13,P102,148
2025-10-13,P103,122
2025-10-13,P104,87
2025-10-13,P105,62
2025-10-13,P106,131
2025-10-13,P107,124
2025-10-13,P108,64
2025-10-13,P109,62
2025-10-13,P110,53
2025-10-13,P111,113
2025-10-13,P112,131
2025-10-13,P113,184
2025-10-13,P114,182
2025-10-13,P115,71
2025-10-13,P116,91
2025-10-13,P117,58
2025-10-13,P118,58
2025-10-13,P119,87
2025-10-13,P120,97
2025-10-13,P121,93
2025-10-13,P122,61
2025-10-13,P123,65
2025-10-13,P124,85
2025-10-13,P125,61
2025-10-13,P126,74
2025-10-13,P127,53
2025-10-13,P128,92
2025-10-13,P129,75
2025-10-13,P130,71
2025-10-14,P101,54
2025-10-14,P102,118
2025-10-14,P103,103
2025-10-14,P104,160
2025-10-14,P105,89
2025-10-14,P106,93
2025-10-14,P107,113
2025-10-14,P108,62
2025-10-14,P109,46
2025-10-14,P110,38
2025-10-14,P111,175
2025-10-14,P112,160
2025-10-14,P113,133
2025-10-14,P114,209
2025-10-14,P115,103
2025-10-14,P116,97
2025-10-14,P117,105
2025-10-14,P118,115
2025-10-14,P119,90
2025-10-14,P120,71
2025-10-14,P121,56
2025-10-14,P122,70
2025-10-14,P123,59
2025-10-14,P124,112
2025-10-14,P125,110
2025-10-14,P126,100
2025-10-14,P127,77
2025-10-14,P128,77
2025-10-14,P129,53
2025-10-14,P130,47
2025-10-15,P101,50
2025-10-15,P102,111
2025-10-15,P103,164
2025-10-15,P104,103
2025-10-15,P105,105
2025-10-15,P106,111
2025-10-15,P107,91
2025-10-15,P108,28
2025-10-15,P109,44
2025-10-15,P110,51
2025-10-15,P111,102
2025-10-15,P112,112
2025-10-15,P113,173
2025-10-15,P114,173
2025-10-15,P115,117
2025-10-15,P116,75
2025-10-15,P117,74
2025-10-15,P118,68
2025-10-15,P119,73
2025-10-15,P120,122
2025-10-15,P121,57
2025-10-15,P122,44
2025-10-15,P123,94
2025-10-15,P124,113
2025-10-15,P125,114
2025-10-15,P126,101
2025-10-15,P127,85
2025-10-15,P128,84
2025-10-15,P129,82
2025-10-15,P130,58
2025-10-16,P101,55
2025-10-16,P102,107
2025-10-16,P103,126
2025-10-16,P104,176
2025-10-16,P105,133
2025-10-16,P106,75
2025-10-16,P107,104
2025-10-16,P108,47
2025-10-16,P109,38
2025-10-16,P110,33
2025-10-16,P111,165
2025-10-16,P112,137
2025-10-16,P113,158
2025-10-16,P114,146
2025-10-16,P115,113
2025-10-16,P116,82
2025-10-16,P117,84
2025-10-16,P118,64
2025-10-16,P119,124
2025-10-16,P120,94
2025-10-16,P121,72
2025-10-16,P122,51
2025-10-16,P123,98
2025-10-16,P124,100
2025-10-16,P125,85
2025-10-16,P126,101
2025-10-16,P127,95
2025-10-16,P128,61
2025-10-16,P129,87
2025-10-16,P130,55
2025-10-17,P101,92
2025-10-17,P102,125
2025-10-17,P103,158
2025-10-17,P104,193
2025-10-17,P105,111
2025-10-17,P106,87
2025-10-17,P107,135
2025-10-17,P108,67
2025-10-17,P109,34
2025-10-17,P110,67
2025-10-17,P111,118
2025-10-17,P112,175
2025-10-17,P113,201
2025-10-17,P114,156
2025-10-17,P115,80
2025-10-17,P116,60
2025-10-17,P117,65
2025-10-17,P118,131
2025-10-17,P119,107
2025-10-17,P120,84
2025-10-17,P121,77
2025-10-17,P122,64
2025-10-17,P123,62
2025-10-17,P124,78
2025-10-17,P125,87
2025-10-17,P126,63
2025-10-17,P127,104
2025-10-17,P128,104
2025-10-17,P129,50
2025-10-17,P130,69
2025-10-18,P101,85
2025-10-18,P102,98
2025-10-18,P103,196
2025-10-18,P104,180
2025-10-18,P105,152
2025-10-18,P106,156
2025-10-18,P107,97
2025-10-18,P108,56
2025-10-18,P109,76
2025-10-18,P110,80
2025-10-18,P111,146
2025-10-18,P112,202
2025-10-18,P113,129
2025-10-18,P114,135
2025-10-18,P115,106
2025-10-18,P116,95
2025-10-18,P117,74
2025-10-18,P118,71
2025-10-18,P119,126
2025-10-18,P120,95
2025-10-18,P121,104
2025-10-18,P122,71
2025-10-18,P123,64
2025-10-18,P124,107
2025-10-18,P125,76
2025-10-18,P126,101
2025-10-18,P127,72
2025-10-18,P128,120
2025-10-18,P129,76
2025-10-18,P130,89
2025-10-19,P101,79
2025-10-19,P102,102
2025-10-19,P103,185
2025-10-19,P104,148
2025-10-19,P105,83
2025-10-19,P106,87
2025-10-19,P107,145
2025-10-19,P108,78
2025-10-19,P109,44
2025-10-19,P110,60
2025-10-19,P111,107
2025-10-19,P112,198
2025-10-19,P113,193
2025-10-19,P114,133
2025-10-19,P115,102
2025-10-19,P116,114
2025-10-19,P117,129
2025-10-19,P118,68
2025-10-19,P119,101
2025-10-19,P120,69
2025-10-19,P121,95
2025-10-19,P122,78
2025-10-19,P123,80
2025-10-19,P124,124
2025-10-19,P125,142
2025-10-19,P126,130
2025-10-19,P127,94
2025-10-19,P128,64
2025-10-19,P129,82
2025-10-19,P130,55
2025-10-20,P101,67
2025-10-20,P102,135
2025-10-20,P103,142
2025-10-20,P104,164
2025-10-20,P105,98
2025-10-20,P106,88
2025-10-20,P107,83
2025-10-20,P108,26
2025-10-20,P109,64
2025-10-20,P110,42
2025-10-20,P111,106
2025-10-20,P112,111
2025-10-20,P113,114
2025-10-20,P114,173
2025-10-20,P115,134
2025-10-20,P116,82
2025-10-20,P117,53
2025-10-20,P118,54
2025-10-20,P119,76
2025-10-20,P120,66
2025-10-20,P121,58
2025-10-20,P122,50
2025-10-20,P123,49
2025-10-20,P124,59
2025-10-20,P125,56
2025-10-20,P126,106
2025-10-20,P127,77
2025-10-20,P128,80
2025-10-20,P129,69
2025-10-20,P130,87
2025-10-21,P101,68
2025-10-21,P102,147
2025-10-21,P103,107
2025-10-21,P104,101
2025-10-21,P105,87
2025-10-21,P106,80
2025-10-21,P107,82
2025-10-21,P108,42
2025-10-21,P109,56
2025-10-21,P110,73
2025-10-21,P111,96
2025-10-21,P112,110
2025-10-21,P113,109
2025-10-21,P114,158
2025-10-21,P115,107
2025-10-21,P116,82
2025-10-21,P117,105
2025-10-21,P118,89
2025-10-21,P119,102
2025-10-21,P120,88
2025-10-21,P121,68
2025-10-21,P122,51
2025-10-21,P123,81
2025-10-21,P124,54
2025-10-21,P125,50
2025-10-21,P126,82
2025-10-21,P127,80
2025-10-21,P128,57
2025-10-21,P129,48
2025-10-21,P130,56
2025-10-22,P101,93
2025-10-22,P102,124
2025-10-22,P103,99
2025-10-22,P104,112
2025-10-22,P105,68
2025-10-22,P106,131
2025-10-22,P107,111
2025-10-22,P108,34
2025-10-22,P109,59
2025-10-22,P110,56
2025-10-22,P111,175
2025-10-22,P112,135
2025-10-22,P113,188
2025-10-22,P114,108
2025-10-22,P115,130
2025-10-22,P116,80
2025-10-22,P117,106
2025-10-22,P118,57
2025-10-22,P119,117
2025-10-22,P120,64
2025-10-22,P121,52
2025-10-22,P122,68
2025-10-22,P123,48
2025-10-22,P124,59
2025-10-22,P125,68
2025-10-22,P126,101
2025-10-22,P127,77
2025-10-22,P128,114
2025-10-22,P129,64
2025-10-22,P130,53
2025-10-23,P101,84
2025-10-23,P102,155
2025-10-23,P103,168
2025-10-23,P104,176
2025-10-23,P105,110
2025-10-23,P106,70
2025-10-23,P107,71
2025-10-23,P108,65
2025-10-23,P109,53
2025-10-23,P110,76
2025-10-23,P111,120
2025-10-23,P112,128
2025-10-23,P113,151
2025-10-23,P114,202
2025-10-23,P115,118
2025-10-23,P116,76
2025-10-23,P117,66
2025-10-23,P118,101
2025-10-23,P119,98
2025-10-23,P120,115
2025-10-23,P121,88
2025-10-23,P122,70
2025-10-23,P123,50
2025-10-23,P124,118
2025-10-23,P125,109
2025-10-23,P126,86
2025-10-23,P127,101
2025-10-23,P128,82
2025-10-23,P129,91
2025-10-23,P130,80
2025-10-24,P101,88
2025-10-24,P102,99
2025-10-24,P103,161
2025-10-24,P104,112
2025-10-24,P105,65
2025-10-24,P106,94
2025-10-24,P107,153
2025-10-24,P108,53
2025-10-24,P109,47
2025-10-24,P110,76
2025-10-24,P111,180
2025-10-24,P112,144
2025-10-24,P113,113
2025-10-24,P114,175
2025-10-24,P115,117
2025-10-24,P116,108
2025-10-24,P117,79
2025-10-24,P118,97
2025-10-24,P119,110
2025-10-24,P120,88
2025-10-24,P121,61
2025-10-24,P122,44
2025-10-24,P123,84
2025-10-24,P124,96
2025-10-24,P125,84
2025-10-24,P126,97
2025-10-24,P127,61
2025-10-24,P128,124
2025-10-24,P129,87
2025-10-24,P130,62
2025-10-25,P101,116
2025-10-25,P102,159
2025-10-25,P103,156
2025-10-25,P104,179
2025-10-25,P105,65
2025-10-25,P106,108
2025-10-25,P107,163
2025-10-25,P108,72
2025-10-25,P109,84
2025-10-25,P110,86
2025-10-25,P111,148
2025-10-25,P112,144
2025-10-25,P113,163
2025-10-25,P114,174
2025-10-25,P115,90
2025-10-25,P116,105
2025-10-25,P117,126
2025-10-25,P118,101
2025-10-25,P119,116
2025-10-25,P120,133
2025-10-25,P121,111
2025-10-25,P122,81
2025-10-25,P123,112
2025-10-25,P124,125
2025-10-25,P125,90
2025-10-25,P126,95
2025-10-25,P127,130
2025-10-25,P128,140
2025-10-25,P129,92
2025-10-25,P130,96
2025-10-26,P101,96
2025-10-26,P102,141
2025-10-26,P103,182
2025-10-26,P104,130
2025-10-26,P105,76
2025-10-26,P106,133
2025-10-26,P107,133
2025-10-26,P108,70
2025-10-26,P109,40
2025-10-26,P110,64
2025-10-26,P111,158
2025-10-26,P112,120
2025-10-26,P113,183
2025-10-26,P114,216
2025-10-26,P115,136
2025-10-26,P116,79
2025-10-26,P117,118
2025-10-26,P118,100
2025-10-26,P119,88
2025-10-26,P120,77
2025-10-26,P121,122
2025-10-26,P122,79
2025-10-26,P123,117
2025-10-26,P124,75
2025-10-26,P125,103
2025-10-26,P126,113
2025-10-26,P127,105
2025-10-26,P128,128
2025-10-26,P129,98
2025-10-26,P130,66
2025-10-27,P101,43
2025-10-27,P102,109
2025-10-27,P103,148
2025-10-27,P104,82
2025-10-27,P105,51
2025-10-27,P106,52
2025-10-27,P107,80
2025-10-27,P108,54
2025-10-27,P109,65
2025-10-27,P110,49
2025-10-27,P111,157
2025-10-27,P112,134
2025-10-27,P113,156
2025-10-27,P114,138
2025-10-27,P115,100
2025-10-27,P116,61
2025-10-27,P117,49
2025-10-27,P118,102
2025-10-27,P119,51
2025-10-27,P120,114
2025-10-27,P121,65
2025-10-27,P122,52
2025-10-27,P123,61
2025-10-27,P124,89
2025-10-27,P125,108
2025-10-27,P126,62
2025-10-27,P127,67
2025-10-27,P128,60
2025-10-27,P129,56
2025-10-27,P130,65
2025-10-28,P101,74
2025-10-28,P102,122
2025-10-28,P103,90
2025-10-28,P104,159
2025-10-28,P105,67
2025-10-28,P106,103
2025-10-28,P107,79
2025-10-28,P108,33
2025-10-28,P109,29
2025-10-28,P110,34
2025-10-28,P111,95
2025-10-28,P112,161
2025-10-28,P113,128
2025-10-28,P114,200
2025-10-28,P115,125
2025-10-28,P116,56
2025-10-28,P117,81
2025-10-28,P118,113
2025-10-28,P119,90
2025-10-28,P120,58
2025-10-28,P121,68
2025-10-28,P122,69
2025-10-28,P123,95
2025-10-28,P124,89
2025-10-28,P125,74
2025-10-28,P126,83
2025-10-28,P127,54
2025-10-28,P128,68
2025-10-28,P129,73
2025-10-28,P130,52
2025-10-29,P101,78
2025-10-29,P102,121
2025-10-29,P103,109
2025-10-29,P104,115
2025-10-29,P105,77
2025-10-29,P106,126
2025-10-29,P107,124
2025-10-29,P108,56
2025-10-29,P109,68
2025-10-29,P110,46
2025-10-29,P111,163
2025-10-29,P112,129
2025-10-29,P113,172
2025-10-29,P114,156
2025-10-29,P115,130
2025-10-29,P116,49
2025-10-29,P117,111
2025-10-29,P118,84
2025-10-29,P119,70
2025-10-29,P120,122
2025-10-29,P121,102
2025-10-29,P122,40
2025-10-29,P123,59
2025-10-29,P124,95
2025-10-29,P125,95
2025-10-29,P126,59
2025-10-29,P127,64
2025-10-29,P128,59
2025-10-29,P129,44
2025-10-29,P130,47
2025-10-30,P101,42
2025-10-30,P102,143
2025-10-30,P103,86
2025-10-30,P104,124
2025-10-30,P105,98
2025-10-30,P106,139
2025-10-30,P107,122
2025-10-30,P108,27
2025-10-30,P109,39
2025-10-30,P110,62
2025-10-30,P111,115
2025-10-30,P112,125
2025-10-30,P113,114
2025-10-30,P114,165
2025-10-30,P115,103
2025-10-30,P116,92
2025-10-30,P117,84
2025-10-30,P118,91
2025-10-30,P119,57
2025-10-30,P120,76
2025-10-30,P121,105
2025-10-30,P122,59
2025-10-30,P123,46
2025-10-30,P124,104
2025-10-30,P125,115
2025-10-30,P126,113
2025-10-30,P127,77
2025-10-30,P128,89
2025-10-30,P129,55
2025-10-30,P130,98
2025-10-31,P101,65
2025-10-31,P102,152
2025-10-31,P103,178
2025-10-31,P104,138
2025-10-31,P105,61
2025-10-31,P106,104
2025-10-31,P107,109
2025-10-31,P108,44
2025-10-31,P109,63
2025-10-31,P110,51
2025-10-31,P111,169
2025-10-31,P112,168
2025-10-31,P113,202
2025-10-31,P114,221
2025-10-31,P115,132
2025-10-31,P116,95
2025-10-31,P117,81
2025-10-31,P118,106
2025-10-31,P119,67
2025-10-31,P120,96
2025-10-31,P121,73
2025-10-31,P122,76
2025-10-31,P123,62
2025-10-31,P124,87
2025-10-31,P125,111
2025-10-31,P126,127
2025-10-31,P127,70
2025-10-31,P128,83
2025-10-31,P129,45
2025-10-31,P130,87
2025-11-01,P101,100
2025-11-01,P102,107
2025-11-01,P103,126
2025-11-01,P104,203
2025-11-01,P105,151
2025-11-01,P106,100
2025-11-01,P107,123
2025-11-01,P108,37
2025-11-01,P109,36
2025-11-01,P110,37
2025-11-01,P111,111
2025-11-01,P112,115
2025-11-01,P113,209
2025-11-01,P114,215
2025-11-01,P115,162
2025-11-01,P116,63
2025-11-01,P117,79
2025-11-01,P118,73
2025-11-01,P119,118
2025-11-01,P120,118
2025-11-01,P121,79
2025-11-01,P122,43
2025-11-01,P123,101
2025-11-01,P124,118
2025-11-01,P125,119
2025-11-01,P126,65
2025-11-01,P127,69
2025-11-01,P128,81
2025-11-01,P129,85
2025-11-01,P130,75
2025-11-02,P101,70
2025-11-02,P102,104
2025-11-02,P103,110
2025-11-02,P104,164
2025-11-02,P105,101
2025-11-02,P106,86
2025-11-02,P107,81
2025-11-02,P108,62
2025-11-02,P109,75
2025-11-02,P110,82
2025-11-02,P111,151
2025-11-02,P112,164
2025-11-02,P113,160
2025-11-02,P114,180
2025-11-02,P115,154
2025-11-02,P116,105
2025-11-02,P117,74
2025-11-02,P118,99
2025-11-02,P119,112
2025-11-02,P120,91
2025-11-02,P121,67
2025-11-02,P122,70
2025-11-02,P123,53
2025-11-02,P124,96
2025-11-02,P125,99
2025-11-02,P126,104
2025-11-02,P127,88
2025-11-02,P128,90
2025-11-02,P129,57
2025-11-02,P130,97
2025-11-03,P101,88
2025-11-03,P102,101
2025-11-03,P103,110
2025-11-03,P104,105
2025-11-03,P105,53
2025-11-03,P106,64
2025-11-03,P107,97
2025-11-03,P108,57
2025-11-03,P109,59
2025-11-03,P110,52
2025-11-03,P111,144
2025-11-03,P112,108
2025-11-03,P113,153
2025-11-03,P114,168
2025-11-03,P115,105
2025-11-03,P116,80
2025-11-03,P117,48
2025-11-03,P118,64
2025-11-03,P119,54
2025-11-03,P120,59
2025-11-03,P121,63
2025-11-03,P122,57
2025-11-03,P123,42
2025-11-03,P124,53
2025-11-03,P125,54
2025-11-03,P126,96
2025-11-03,P127,74
2025-11-03,P128,62
2025-11-03,P129,57
2025-11-03,P130,61
2025-11-04,P101,61
2025-11-04,P102,128
2025-11-04,P103,97
2025-11-04,P104,118
2025-11-04,P105,63
2025-11-04,P106,126
2025-11-04,P107,121
2025-11-04,P108,42
2025-11-04,P109,49
2025-11-04,P110,49
2025-11-04,P111,100
2025-11-04,P112,167
2025-11-04,P113,174
2025-11-04,P114,170
2025-11-04,P115,77
2025-11-04,P116,85
2025-11-04,P117,72
2025-11-04,P118,114
2025-11-04,P119,98
2025-11-04,P120,104
2025-11-04,P121,83
2025-11-04,P122,60
2025-11-04,P123,89
2025-11-04,P124,76
2025-11-04,P125,96
2025-11-04,P126,102
2025-11-04,P127,98
2025-11-04,P128,87
2025-11-04,P129,46
2025-11-04,P130,82
2025-11-05,P101,56
2025-11-05,P102,121
2025-11-05,P103,133
2025-11-05,P104,131
2025-11-05,P105,124
2025-11-05,P106,73
2025-11-05,P107,125
2025-11-05,P108,64
2025-11-05,P109,67
2025-11-05,P110,39
2025-11-05,P111,140
2025-11-05,P112,176
2025-11-05,P113,99
2025-11-05,P114,121
2025-11-05,P115,116
2025-11-05,P116,70
2025-11-05,P117,68
2025-11-05,P118,109
2025-11-05,P119,104
2025-11-05,P120,107
2025-11-05,P121,78
2025-11-05,P122,65
2025-11-05,P123,100
2025-11-05,P124,62
2025-11-05,P125,71
2025-11-05,P126,108
2025-11-05,P127,104
2025-11-05,P128,111
2025-11-05,P129,76
2025-11-05,P130,46
2025-11-06,P101,42
2025-11-06,P102,84
2025-11-06,P103,118
2025-11-06,P104,135
2025-11-06,P105,60
2025-11-06,P106,67
2025-11-06,P107,113
2025-11-06,P108,62
2025-11-06,P109,32
2025-11-06,P110,51
2025-11-06,P111,115
2025-11-06,P112,153
2025-11-06,P113,165
2025-11-06,P114,208
2025-11-06,P115,131
2025-11-06,P116,77
2025-11-06,P117,52
2025-11-06,P118,63
2025-11-06,P119,100
2025-11-06,P120,75
2025-11-06,P121,101
2025-11-06,P122,46
2025-11-06,P123,82
2025-11-06,P124,87
2025-11-06,P125,72
2025-11-06,P126,109
2025-11-06,P127,89
2025-11-06,P128,60
2025-11-06,P129,57
2025-11-06,P130,52
2025-11-07,P101,46
2025-11-07,P102,89
2025-11-07,P103,95
2025-11-07,P104,108
2025-11-07,P105,99
2025-11-07,P106,82
2025-11-07,P107,143
2025-11-07,P108,40
2025-11-07,P109,66
2025-11-07,P110,82
2025-11-07,P111,174
2025-11-07,P112,180
2025-11-07,P113,135
2025-11-07,P114,178
2025-11-07,P115,141
2025-11-07,P116,109
2025-11-07,P117,70
2025-11-07,P118,67
2025-11-07,P119,71
2025-11-07,P120,101
2025-11-07,P121,76
2025-11-07,P122,34
2025-11-07,P123,64
2025-11-07,P124,120
2025-11-07,P125,57
2025-11-07,P126,111
2025-11-07,P127,77
2025-11-07,P128,107
2025-11-07,P129,66
2025-11-07,P130,71
2025-11-08,P101,79
2025-11-08,P102,149
2025-11-08,P103,125
2025-11-08,P104,137
2025-11-08,P105,115
2025-11-08,P106,72
2025-11-08,P107,82
2025-11-08,P108,32
2025-11-08,P109,46
2025-11-08,P110,86
2025-11-08,P111,139
2025-11-08,P112,129
2025-11-08,P113,214
2025-11-08,P114,249
2025-11-08,P115,96
2025-11-08,P116,77
2025-11-08,P117,119
2025-11-08,P118,80
2025-11-08,P119,62
2025-11-08,P120,125
2025-11-08,P121,54
2025-11-08,P122,76
2025-11-08,P123,95
2025-11-08,P124,91
2025-11-08,P125,108
2025-11-08,P126,142
2025-11-08,P127,126
2025-11-08,P128,68
2025-11-08,P129,81
2025-11-08,P130,61
2025-11-09,P101,99
2025-11-09,P102,148
2025-11-09,P103,155
2025-11-09,P104,171
2025-11-09,P105,109
2025-11-09,P106,128
2025-11-09,P107,141
2025-11-09,P108,41
2025-11-09,P109,78
2025-11-09,P110,67
2025-11-09,P111,178
2025-11-09,P112,155
2025-11-09,P113,174
2025-11-09,P114,125
2025-11-09,P115,117
2025-11-09,P116,94
2025-11-09,P117,75
2025-11-09,P118,114
2025-11-09,P119,93
2025-11-09,P120,124
2025-11-09,P121,82
2025-11-09,P122,48
2025-11-09,P123,98
2025-11-09,P124,65
2025-11-09,P125,87
2025-11-09,P126,139
2025-11-09,P127,75
2025-11-09,P128,74
2025-11-09,P129,73
2025-11-09,P130,80
2025-11-10,P101,76
2025-11-10,P102,118
2025-11-10,P103,113
2025-11-10,P104,84
2025-11-10,P105,80
2025-11-10,P106,113
2025-11-10,P107,127
2025-11-10,P108,34
2025-11-10,P109,42
2025-11-10,P110,48
2025-11-10,P111,105
2025-11-10,P112,85
2025-11-10,P113,157
2025-11-10,P114,115
2025-11-10,P115,74
2025-11-10,P116,77
2025-11-10,P117,79
2025-11-10,P118,66
2025-11-10,P119,91
2025-11-10,P120,91
2025-11-10,P121,85
2025-11-10,P122,34
2025-11-10,P123,76
2025-11-10,P124,58
2025-11-10,P125,81
2025-11-10,P126,55
2025-11-10,P127,93
2025-11-10,P128,82
2025-11-10,P129,67
2025-11-10,P130,69
2025-11-11,P101,90
2025-11-11,P102,107
2025-11-11,P103,146
2025-11-11,P104,111
2025-11-11,P105,124
2025-11-11,P106,127
2025-11-11,P107,141
2025-11-11,P108,44
2025-11-11,P109,41
2025-11-11,P110,76
2025-11-11,P111,189
2025-11-11,P112,227
2025-11-11,P113,142
2025-11-11,P114,172
2025-11-11,P115,135
2025-11-11,P116,65
2025-11-11,P117,129
2025-11-11,P118,104
2025-11-11,P119,76
2025-11-11,P120,126
2025-11-11,P121,83
2025-11-11,P122,83
2025-11-11,P123,87
2025-11-11,P124,71
2025-11-11,P125,86
2025-11-11,P126,148
2025-11-11,P127,112
2025-11-11,P128,135
2025-11-11,P129,65
2025-11-11,P130,86
2025-11-12,P101,43
2025-11-12,P102,139
2025-11-12,P103,140
2025-11-12,P104,101
2025-11-12,P105,89
2025-11-12,P106,111
2025-11-12,P107,69
2025-11-12,P108,50
2025-11-12,P109,54
2025-11-12,P110,61
2025-11-12,P111,88
2025-11-12,P112,94
2025-11-12,P113,128
2025-11-12,P114,140
2025-11-12,P115,120
2025-11-12,P116,94
2025-11-12,P117,109
2025-11-12,P118,100
2025-11-12,P119,97
2025-11-12,P120,110
2025-11-12,P121,68
2025-11-12,P122,50
2025-11-12,P123,50
2025-11-12,P124,68
2025-11-12,P125,48
2025-11-12,P126,113
2025-11-12,P127,74
2025-11-12,P128,77
2025-11-12,P129,69
2025-11-12,P130,58
2025-11-13,P101,41
2025-11-13,P102,84
2025-11-13,P103,135
2025-11-13,P104,153
2025-11-13,P105,100
2025-11-13,P106,107
2025-11-13,P107,92
2025-11-13,P108,61
2025-11-13,P109,51
2025-11-13,P110,74
2025-11-13,P111,88
2025-11-13,P112,179
2025-11-13,P113,147
2025-11-13,P114,124
2025-11-13,P115,90
2025-11-13,P116,93
2025-11-13,P117,68
2025-11-13,P118,59
2025-11-13,P119,90
2025-11-13,P120,65
2025-11-13,P121,83
2025-11-13,P122,61
2025-11-13,P123,102
2025-11-13,P124,103
2025-11-13,P125,60
2025-11-13,P126,70
2025-11-13,P127,112
2025-11-13,P128,88
2025-11-13,P129,62
2025-11-13,P130,49
2025-11-14,P101,51
2025-11-14,P102,157
2025-11-14,P103,105
2025-11-14,P104,122
2025-11-14,P105,56
2025-11-14,P106,91
2025-11-14,P107,107
2025-11-14,P108,64
2025-11-14,P109,53
2025-11-14,P110,81
2025-11-14,P111,112
2025-11-14,P112,179
2025-11-14,P113,152
2025-11-14,P114,119
2025-11-14,P115,101
2025-11-14,P116,61
2025-11-14,P117,100
2025-11-14,P118,72
2025-11-14,P119,85
2025-11-14,P120,87
2025-11-14,P121,83
2025-11-14,P122,71
2025-11-14,P123,103
2025-11-14,P124,78
2025-11-14,P125,53
2025-11-14,P126,124
2025-11-14,P127,96
2025-11-14,P128,68
2025-11-14,P129,87
2025-11-14,P130,94
2025-11-15,P101,48
2025-11-15,P102,177
2025-11-15,P103,156
2025-11-15,P104,200
2025-11-15,P105,65
2025-11-15,P106,147
2025-11-15,P107,119
2025-11-15,P108,56
2025-11-15,P109,76
2025-11-15,P110,42
2025-11-15,P111,194
2025-11-15,P112,197
2025-11-15,P113,163
2025-11-15,P114,122
2025-11-15,P115,128
2025-11-15,P116,115
2025-11-15,P117,98
2025-11-15,P118,64
2025-11-15,P119,105
2025-11-15,P120,143
2025-11-15,P121,86
2025-11-15,P122,41
2025-11-15,P123,96
2025-11-15,P124,58
2025-11-15,P125,108
2025-11-15,P126,71
2025-11-15,P127,58
2025-11-15,P128,118
2025-11-15,P129,65
2025-11-15,P130,73
2025-11-16,P101,72
2025-11-16,P102,133
2025-11-16,P103,173
2025-11-16,P104,141
2025-11-16,P105,75
2025-11-16,P106,83
2025-11-16,P107,116
2025-11-16,P108,68
2025-11-16,P109,52
2025-11-16,P110,53
2025-11-16,P111,169
2025-11-16,P112,160
2025-11-16,P113,194
2025-11-16,P114,214
2025-11-16,P115,93
2025-11-16,P116,82
2025-11-16,P117,71
2025-11-16,P118,73
2025-11-16,P119,119
2025-11-16,P120,115
2025-11-16,P121,83
2025-11-16,P122,76
2025-11-16,P123,106
2025-11-16,P124,71
2025-11-16,P125,73
2025-11-16,P126,111
2025-11-16,P127,86
2025-11-16,P128,126
2025-11-16,P129,65
2025-11-16,P130,87
2025-11-17,P101,61
2025-11-17,P102,110
2025-11-17,P103,91
2025-11-17,P104,139
2025-11-17,P105,61
2025-11-17,P106,50
2025-11-17,P107,68
2025-11-17,P108,50
2025-11-17,P109,36
2025-11-17,P110,53
2025-11-17,P111,112
2025-11-17,P112,98
2025-11-17,P113,154
2025-11-17,P114,132
2025-11-17,P115,100
2025-11-17,P116,76
2025-11-17,P117,74
2025-11-17,P118,69
2025-11-17,P119,98
2025-11-17,P120,110
2025-11-17,P121,55
2025-11-17,P122,53
2025-11-17,P123,84
2025-11-17,P124,93
2025-11-17,P125,100
2025-11-17,P126,73
2025-11-17,P127,84
2025-11-17,P128,86
2025-11-17,P129,76
2025-11-17,P130,71
2025-11-18,P101,39
2025-11-18,P102,100
2025-11-18,P103,106
2025-11-18,P104,146
2025-11-18,P105,67
2025-11-18,P106,52
2025-11-18,P107,109
2025-11-18,P108,41
2025-11-18,P109,46
2025-11-18,P110,28
2025-11-18,P111,117
2025-11-18,P112,163
2025-11-18,P113,173
2025-11-18,P114,165
2025-11-18,P115,124
2025-11-18,P116,61
2025-11-18,P117,58
2025-11-18,P118,54
2025-11-18,P119,90
2025-11-18,P120,56
2025-11-18,P121,85
2025-11-18,P122,34
2025-11-18,P123,46
2025-11-18,P124,61
2025-11-18,P125,66
2025-11-18,P126,85
2025-11-18,P127,102
2025-11-18,P128,72
2025-11-18,P129,51
2025-11-18,P130,74
2025-11-19,P101,88
2025-11-19,P102,115
2025-11-19,P103,126
2025-11-19,P104,131
2025-11-19,P105,80
2025-11-19,P106,117
2025-11-19,P107,139
2025-11-19,P108,31
2025-11-19,P109,34
2025-11-19,P110,73
2025-11-19,P111,130
2025-11-19,P112,92
2025-11-19,P113,129
2025-11-19,P114,131
2025-11-19,P115,131
2025-11-19,P116,73
2025-11-19,P117,92
2025-11-19,P118,73
2025-11-19,P119,57
2025-11-19,P120,97
2025-11-19,P121,90
2025-11-19,P122,61
2025-11-19,P123,65
2025-11-19,P124,79
2025-11-19,P125,61
2025-11-19,P126,107
2025-11-19,P127,72
2025-11-19,P128,63
2025-11-19,P129,81
2025-11-19,P130,42
2025-11-20,P101,48
2025-11-20,P102,84
2025-11-20,P103,119
2025-11-20,P104,143
2025-11-20,P105,125
2025-11-20,P106,135
2025-11-20,P107,135
2025-11-20,P108,34
2025-11-20,P109,43
2025-11-20,P110,39
2025-11-20,P111,155
2025-11-20,P112,147
2025-11-20,P113,119
2025-11-20,P114,144
2025-11-20,P115,114
2025-11-20,P116,52
2025-11-20,P117,96
2025-11-20,P118,64
2025-11-20,P119,54
2025-11-20,P120,89
2025-11-20,P121,61
2025-11-20,P122,36
2025-11-20,P123,54
2025-11-20,P124,70
2025-11-20,P125,64
2025-11-20,P126,54
2025-11-20,P127,70
2025-11-20,P128,82
2025-11-20,P129,85
2025-11-20,P130,50
2025-11-21,P101,64
2025-11-21,P102,154
2025-11-21,P103,95
2025-11-21,P104,153
2025-11-21,P105,80
2025-11-21,P106,101
2025-11-21,P107,61
2025-11-21,P108,50
2025-11-21,P109,52
2025-11-21,P110,60
2025-11-21,P111,178
2025-11-21,P112,120
2025-11-21,P113,192
2025-11-21,P114,202
2025-11-21,P115,89
2025-11-21,P116,64
2025-11-21,P117,89
2025-11-21,P118,117
2025-11-21,P119,117
2025-11-21,P120,118
2025-11-21,P121,71
2025-11-21,P122,43
2025-11-21,P123,70
2025-11-21,P124,61
2025-11-21,P125,82
2025-11-21,P126,123
2025-11-21,P127,100
2025-11-21,P128,77
2025-11-21,P129,55
2025-11-21,P130,73
2025-11-22,P101,48
2025-11-22,P102,154
2025-11-22,P103,182
2025-11-22,P104,141
2025-11-22,P105,83
2025-11-22,P106,135
2025-11-22,P107,84
2025-11-22,P108,41
2025-11-22,P109,40
2025-11-22,P110,84
2025-11-22,P111,152
2025-11-22,P112,163
2025-11-22,P113,222
2025-11-22,P114,150
2025-11-22,P115,94
2025-11-22,P116,83
2025-11-22,P117,66
2025-11-22,P118,128
2025-11-22,P119,115
2025-11-22,P120,90
2025-11-22,P121,60
2025-11-22,P122,67
2025-11-22,P123,64
2025-11-22,P124,102
2025-11-22,P125,95
2025-11-22,P126,66
2025-11-22,P127,70
2025-11-22,P128,60
2025-11-22,P129,56
2025-11-22,P130,108
2025-11-23,P101,75
2025-11-23,P102,93
2025-11-23,P103,95
2025-11-23,P104,141
2025-11-23,P105,100
2025-11-23,P106,84
2025-11-23,P107,104
2025-11-23,P108,61
2025-11-23,P109,75
2025-11-23,P110,63
2025-11-23,P111,164
2025-11-23,P112,157
2025-11-23,P113,140
2025-11-23,P114,131
2025-11-23,P115,150
2025-11-23,P116,100
2025-11-23,P117,86
2025-11-23,P118,120
2025-11-23,P119,60
2025-11-23,P120,77
2025-11-23,P121,80
2025-11-23,P122,60
2025-11-23,P123,101
2025-11-23,P124,109
2025-11-23,P125,121
2025-11-23,P126,105
2025-11-23,P127,80
2025-11-23,P128,77
2025-11-23,P129,76
2025-11-23,P130,66
2025-11-24,P101,38
2025-11-24,P102,81
2025-11-24,P103,136
2025-11-24,P104,80
2025-11-24,P105,64
2025-11-24,P106,76
2025-11-24,P107,92
2025-11-24,P108,55
2025-11-24,P109,27
2025-11-24,P110,60
2025-11-24,P111,133
2025-11-24,P112,91
2025-11-24,P113,132
2025-11-24,P114,126
2025-11-24,P115,62
2025-11-24,P116,76
2025-11-24,P117,75
2025-11-24,P118,51
2025-11-24,P119,92
2025-11-24,P120,59
2025-11-24,P121,86
2025-11-24,P122,38
2025-11-24,P123,56
2025-11-24,P124,46
2025-11-24,P125,80
2025-11-24,P126,64
2025-11-24,P127,74
2025-11-24,P128,103
2025-11-24,P129,55
2025-11-24,P130,69
2025-11-25,P101,50
2025-11-25,P102,97
2025-11-25,P103,99
2025-11-25,P104,94
2025-11-25,P105,86
2025-11-25,P106,52
2025-11-25,P107,129
2025-11-25,P108,57
2025-11-25,P109,30
2025-11-25,P110,62
2025-11-25,P111,84
2025-11-25,P112,132
2025-11-25,P113,154
2025-11-25,P114,183
2025-11-25,P115,87
2025-11-25,P116,80
2025-11-25,P117,73
2025-11-25,P118,55
2025-11-25,P119,61
2025-11-25,P120,77
2025-11-25,P121,60
2025-11-25,P122,30
2025-11-25,P123,68
2025-11-25,P124,42
2025-11-25,P125,71
2025-11-25,P126,80
2025-11-25,P127,94
2025-11-25,P128,102
2025-11-25,P129,44
2025-11-25,P130,74
2025-11-26,P101,91
2025-11-26,P102,82
2025-11-26,P103,124
2025-11-26,P104,114
2025-11-26,P105,113
2025-11-26,P106,59
2025-11-26,P107,118
2025-11-26,P108,35
2025-11-26,P109,32
2025-11-26,P110,70
2025-11-26,P111,133
2025-11-26,P112,152
2025-11-26,P113,118
2025-11-26,P114,180
2025-11-26,P115,117
2025-11-26,P116,52
2025-11-26,P117,60
2025-11-26,P118,78
2025-11-26,P119,109
2025-11-26,P120,94
2025-11-26,P121,96
2025-11-26,P122,41
2025-11-26,P123,64
2025-11-26,P124,79
2025-11-26,P125,55
2025-11-26,P126,64
2025-11-26,P127,100
2025-11-26,P128,71
2025-11-26,P129,56
2025-11-26,P130,84
2025-11-27,P101,75
2025-11-27,P102,127
2025-11-27,P103,120
2025-11-27,P104,128
2025-11-27,P105,118
2025-11-27,P106,116
2025-11-27,P107,88
2025-11-27,P108,33
2025-11-27,P109,55
2025-11-27,P110,30
2025-11-27,P111,96
2025-11-27,P112,117
2025-11-27,P113,193
2025-11-27,P114,160
2025-11-27,P115,75
2025-11-27,P116,84
2025-11-27,P117,65
2025-11-27,P118,82
2025-11-27,P119,66
2025-11-27,P120,60
2025-11-27,P121,63
2025-11-27,P122,34
2025-11-27,P123,90
2025-11-27,P124,92
2025-11-27,P125,106
2025-11-27,P126,102
2025-11-27,P127,74
2025-11-27,P128,74
2025-11-27,P129,50
2025-11-27,P130,71
2025-11-28,P101,70
2025-11-28,P102,109
2025-11-28,P103,105
2025-11-28,P104,175
2025-11-28,P105,67
2025-11-28,P106,124
2025-11-28,P107,138
2025-11-28,P108,53
2025-11-28,P109,63
2025-11-28,P110,32
2025-11-28,P111,125
2025-11-28,P112,191
2025-11-28,P113,133
2025-11-28,P114,129
2025-11-28,P115,130
2025-11-28,P116,79
2025-11-28,P117,61
2025-11-28,P118,72
2025-11-28,P119,111
2025-11-28,P120,121
2025-11-28,P121,62
2025-11-28,P122,40
2025-11-28,P123,80
2025-11-28,P124,102
2025-11-28,P125,57
2025-11-28,P126,111
2025-11-28,P127,101
2025-11-28,P128,71
2025-11-28,P129,60
2025-11-28,P130,83
2025-11-29,P101,73
2025-11-29,P102,88
2025-11-29,P103,123
2025-11-29,P104,125
2025-11-29,P105,108
2025-11-29,P106,146
2025-11-29,P107,134
2025-11-29,P108,72
2025-11-29,P109,73
2025-11-29,P110,54
2025-11-29,P111,146
2025-11-29,P112,155
2025-11-29,P113,215
2025-11-29,P114,119
2025-11-29,P115,153
2025-11-29,P116,110
2025-11-29,P117,123
2025-11-29,P118,135
2025-11-29,P119,132
2025-11-29,P120,105
2025-11-29,P121,79
2025-11-29,P122,62
2025-11-29,P123,76
2025-11-29,P124,74
2025-11-29,P125,103
2025-11-29,P126,120
2025-11-29,P127,76
2025-11-29,P128,105
2025-11-29,P129,75
2025-11-29,P130,87
2025-11-30,P101,102
2025-11-30,P102,117
2025-11-30,P103,98
2025-11-30,P104,156
2025-11-30,P105,86
2025-11-30,P106,144
2025-11-30,P107,83
2025-11-30,P108,38
2025-11-30,P109,68
2025-11-30,P110,63
2025-11-30,P111,186
2025-11-30,P112,164
2025-11-30,P113,166
2025-11-30,P114,218
2025-11-30,P115,140
2025-11-30,P116,81
2025-11-30,P117,115
2025-11-30,P118,79
2025-11-30,P119,94
2025-11-30,P120,133
2025-11-30,P121,61
2025-11-30,P122,44
2025-11-30,P123,73
2025-11-30,P124,112
2025-11-30,P125,72
2025-11-30,P126,135
2025-11-30,P127,67
2025-11-30,P128,69
2025-11-30,P129,53
2025-11-30,P130,47
2025-12-01,P101,75
2025-12-01,P102,101
2025-12-01,P103,95
2025-12-01,P104,125
2025-12-01,P105,110
2025-12-01,P106,75
2025-12-01,P107,62
2025-12-01,P108,35
2025-12-01,P109,33
2025-12-01,P110,36
2025-12-01,P111,121
2025-12-01,P112,107
2025-12-01,P113,123
2025-12-01,P114,101
2025-12-01,P115,115
2025-12-01,P116,67
2025-12-01,P117,87
2025-12-01,P118,95
2025-12-01,P119,79
2025-12-01,P120,107
2025-12-01,P121,60
2025-12-01,P122,29
2025-12-01,P123,90
2025-12-01,P124,42
2025-12-01,P125,102
2025-12-01,P126,70
2025-12-01,P127,86
2025-12-01,P128,93
2025-12-01,P129,60
2025-12-01,P130,41
2025-12-02,P101,72
2025-12-02,P102,134
2025-12-02,P103,129
2025-12-02,P104,80
2025-12-02,P105,51
2025-12-02,P106,70
2025-12-02,P107,65
2025-12-02,P108,50
2025-12-02,P109,51
2025-12-02,P110,63
2025-12-02,P111,129
2025-12-02,P112,143
2025-12-02,P113,107
2025-12-02,P114,136
2025-12-02,P115,114
2025-12-02,P116,83
2025-12-02,P117,47
2025-12-02,P118,71
2025-12-02,P119,73
2025-12-02,P120,64
2025-12-02,P121,70
2025-12-02,P122,28
2025-12-02,P123,86
2025-12-02,P124,65
2025-12-02,P125,58
2025-12-02,P126,103
2025-12-02,P127,51
2025-12-02,P128,101
2025-12-02,P129,74
2025-12-02,P130,67
2025-12-03,P101,69
2025-12-03,P102,105
2025-12-03,P103,121
2025-12-03,P104,129
2025-12-03,P105,90
2025-12-03,P106,110
2025-12-03,P107,79
2025-12-03,P108,34
2025-12-03,P109,58
2025-12-03,P110,43
2025-12-03,P111,111
2025-12-03,P112,127
2025-12-03,P113,174
2025-12-03,P114,130
2025-12-03,P115,86
2025-12-03,P116,96
2025-12-03,P117,63
2025-12-03,P118,55
2025-12-03,P119,97
2025-12-03,P120,53
2025-12-03,P121,48
2025-12-03,P122,42
2025-12-03,P123,63
2025-12-03,P124,64
2025-12-03,P125,84
2025-12-03,P126,112
2025-12-03,P127,67
2025-12-03,P128,80
2025-12-03,P129,57
2025-12-03,P130,51
2025-12-04,P101,49
2025-12-04,P102,93
2025-12-04,P103,125
2025-12-04,P104,148
2025-12-04,P105,95
2025-12-04,P106,97
2025-12-04,P107,63
2025-12-04,P108,33
2025-12-04,P109,60
2025-12-04,P110,71
2025-12-04,P111,150
2025-12-04,P112,154
2025-12-04,P113,104
2025-12-04,P114,181
2025-12-04,P115,91
2025-12-04,P116,64
2025-12-04,P117,51
2025-12-04,P118,113
2025-12-04,P119,63
2025-12-04,P120,67
2025-12-04,P121,53
2025-12-04,P122,43
2025-12-04,P123,42
2025-12-04,P124,55
2025-12-04,P125,59
2025-12-04,P126,114
2025-12-04,P127,103
2025-12-04,P128,106
2025-12-04,P129,53
2025-12-04,P130,64
2025-12-05,P101,82
2025-12-05,P102,144
2025-12-05,P103,136
2025-12-05,P104,96
2025-12-05,P105,121
2025-12-05,P106,58
2025-12-05,P107,142
2025-12-05,P108,29
2025-12-05,P109,36
2025-12-05,P110,37
2025-12-05,P111,164
2025-12-05,P112,146
2025-12-05,P113,128
2025-12-05,P114,123
2025-12-05,P115,122
2025-12-05,P116,63
2025-12-05,P117,93
2025-12-05,P118,115
2025-12-05,P119,88
2025-12-05,P120,65
2025-12-05,P121,91
2025-12-05,P122,68
2025-12-05,P123,92
2025-12-05,P124,90
2025-12-05,P125,75
2025-12-05,P126,103
2025-12-05,P127,104
2025-12-05,P128,73
2025-12-05,P129,54
2025-12-05,P130,57
2025-12-06,P101,73
2025-12-06,P102,138
2025-12-06,P103,135
2025-12-06,P104,129
2025-12-06,P105,88
2025-12-06,P106,82
2025-12-06,P107,148
2025-12-06,P108,69
2025-12-06,P109,60
2025-12-06,P110,78
2025-12-06,P111,118
2025-12-06,P112,156
2025-12-06,P113,181
2025-12-06,P114,121
2025-12-06,P115,119
2025-12-06,P116,55
2025-12-06,P117,85
2025-12-06,P118,66
2025-12-06,P119,61
2025-12-06,P120,139
2025-12-06,P121,88
2025-12-06,P122,55
2025-12-06,P123,113
2025-12-06,P124,105
2025-12-06,P125,94
2025-12-06,P126,86
2025-12-06,P127,100
2025-12-06,P128,125
2025-12-06,P129,90
2025-12-06,P130,56
2025-12-07,P101,77
2025-12-07,P102,155
2025-12-07,P103,104
2025-12-07,P104,118
2025-12-07,P105,110
2025-12-07,P106,103
2025-12-07,P107,74
2025-12-07,P108,39
2025-12-07,P109,40
2025-12-07,P110,50
2025-12-07,P111,140
2025-12-07,P112,146
2025-12-07,P113,190
2025-12-07,P114,206
2025-12-07,P115,128
2025-12-07,P116,79
2025-12-07,P117,112
2025-12-07,P118,91
2025-12-07,P119,63
2025-12-07,P120,121
2025-12-07,P121,49
2025-12-07,P122,45
2025-12-07,P123,107
2025-12-07,P124,116
2025-12-07,P125,94
2025-12-07,P126,123
2025-12-07,P127,113
2025-12-07,P128,106
2025-12-07,P129,82
2025-12-07,P130,47
2025-12-08,P101,65
2025-12-08,P102,107
2025-12-08,P103,133
2025-12-08,P104,83
2025-12-08,P105,69
2025-12-08,P106,90
2025-12-08,P107,55
2025-12-08,P108,49
2025-12-08,P109,47
2025-12-08,P110,41
2025-12-08,P111,89
2025-12-08,P112,97
2025-12-08,P113,131
2025-12-08,P114,129
2025-12-08,P115,73
2025-12-08,P116,59
2025-12-08,P117,69
2025-12-08,P118,86
2025-12-08,P119,100
2025-12-08,P120,66
2025-12-08,P121,74
2025-12-08,P122,56
2025-12-08,P123,72
2025-12-08,P124,69
2025-12-08,P125,52
2025-12-08,P126,65
2025-12-08,P127,74
2025-12-08,P128,48
2025-12-08,P129,53
2025-12-08,P130,77
2025-12-09,P101,71
2025-12-09,P102,108
2025-12-09,P103,107
2025-12-09,P104,132
2025-12-09,P105,99
2025-12-09,P106,70
2025-12-09,P107,61
2025-12-09,P108,45
2025-12-09,P109,49
2025-12-09,P110,37
2025-12-09,P111,80
2025-12-09,P112,98
2025-12-09,P113,99
2025-12-09,P114,100
2025-12-09,P115,102
2025-12-09,P116,93
2025-12-09,P117,90
2025-12-09,P118,73
2025-12-09,P119,85
2025-12-09,P120,99
2025-12-09,P121,86
2025-12-09,P122,37
2025-12-09,P123,61
2025-12-09,P124,95
2025-12-09,P125,93
2025-12-09,P126,113
2025-12-09,P127,69
2025-12-09,P128,67
2025-12-09,P129,46
2025-12-09,P130,46
2025-12-10,P101,54
2025-12-10,P102,96
2025-12-10,P103,87
2025-12-10,P104,141
2025-12-10,P105,65
2025-12-10,P106,62
2025-12-10,P107,123
2025-12-10,P108,53
2025-12-10,P109,55
2025-12-10,P110,33
2025-12-10,P111,157
2025-12-10,P112,103
2025-12-10,P113,123
2025-12-10,P114,160
2025-12-10,P115,86
2025-12-10,P116,46
2025-12-10,P117,61
2025-12-10,P118,63
2025-12-10,P119,95
2025-12-10,P120,70
2025-12-10,P121,62
2025-12-10,P122,55
2025-12-10,P123,84
2025-12-10,P124,72
2025-12-10,P125,85
2025-12-10,P126,54
2025-12-10,P127,89
2025-12-10,P128,50
2025-12-10,P129,55
2025-12-10,P130,47
2025-12-11,P101,41
2025-12-11,P102,138
2025-12-11,P103,144
2025-12-11,P104,108
2025-12-11,P105,57
2025-12-11,P106,103
2025-12-11,P107,102
2025-12-11,P108,62
2025-12-11,P109,67
2025-12-11,P110,65
2025-12-11,P111,93
2025-12-11,P112,109
2025-12-11,P113,139
2025-12-11,P114,176
2025-12-11,P115,100
2025-12-11,P116,91
2025-12-11,P117,57
2025-12-11,P118,88
2025-12-11,P119,66
2025-12-11,P120,107
2025-12-11,P121,66
2025-12-11,P122,32
2025-12-11,P123,68
2025-12-11,P124,82
2025-12-11,P125,98
2025-12-11,P126,67
2025-12-11,P127,100
2025-12-11,P128,74
2025-12-11,P129,69
2025-12-11,P130,74
2025-12-12,P101,96
2025-12-12,P102,107
2025-12-12,P103,143
2025-12-12,P104,173
2025-12-12,P105,96
2025-12-12,P106,82
2025-12-12,P107,72
2025-12-12,P108,61
2025-12-12,P109,62
2025-12-12,P110,51
2025-12-12,P111,145
2025-12-12,P112,184
2025-12-12,P113,192
2025-12-12,P114,147
2025-12-12,P115,82
2025-12-12,P116,59
2025-12-12,P117,109
2025-12-12,P118,100
2025-12-12,P119,88
2025-12-12,P120,61
2025-12-12,P121,101
2025-12-12,P122,40
2025-12-12,P123,70
2025-12-12,P124,104
2025-12-12,P125,79
2025-12-12,P126,60
2025-12-12,P127,81
2025-12-12,P128,87
2025-12-12,P129,80
2025-12-12,P130,73
2025-12-13,P101,68
2025-12-13,P102,155
2025-12-13,P103,116
2025-12-13,P104,125
2025-12-13,P105,78
2025-12-13,P106,72
2025-12-13,P107,90
2025-12-13,P108,72
2025-12-13,P109,33
2025-12-13,P110,63
2025-12-13,P111,184
2025-12-13,P112,104
2025-12-13,P113,219
2025-12-13,P114,146
2025-12-13,P115,126
2025-12-13,P116,85
2025-12-13,P117,107
2025-12-13,P118,86
2025-12-13,P119,86
2025-12-13,P120,113
2025-12-13,P121,51
2025-12-13,P122,70
2025-12-13,P123,50
2025-12-13,P124,106
2025-12-13,P125,100
2025-12-13,P126,128
2025-12-13,P127,76
2025-12-13,P128,73
2025-12-13,P129,97
2025-12-13,P130,78
2025-12-14,P101,88
2025-12-14,P102,122
2025-12-14,P103,152
2025-12-14,P104,142
2025-12-14,P105,135
2025-12-14,P106,129
2025-12-14,P107,104
2025-12-14,P108,51
2025-12-14,P109,73
2025-12-14,P110,58
2025-12-14,P111,171
2025-12-14,P112,170
2025-12-14,P113,180
2025-12-14,P114,170
2025-12-14,P115,106
2025-12-14,P116,55
2025-12-14,P117,73
2025-12-14,P118,121
2025-12-14,P119,100
2025-12-14,P120,61
2025-12-14,P121,79
2025-12-14,P122,56
2025-12-14,P123,52
2025-12-14,P124,104
2025-12-14,P125,70
2025-12-14,P126,86
2025-12-14,P127,107
2025-12-14,P128,83
2025-12-14,P129,64
2025-12-14,P130,49
2025-12-15,P101,35
2025-12-15,P102,123
2025-12-15,P103,122
2025-12-15,P104,104
2025-12-15,P105,50
2025-12-15,P106,57
2025-12-15,P107,65
2025-12-15,P108,31
2025-12-15,P109,43
2025-12-15,P110,45
2025-12-15,P111,138
2025-12-15,P112,150
2025-12-15,P113,97
2025-12-15,P114,125
2025-12-15,P115,111
2025-12-15,P116,73
2025-12-15,P117,58
2025-12-15,P118,80
2025-12-15,P119,95
2025-12-15,P120,86
2025-12-15,P121,41
2025-12-15,P122,48
2025-12-15,P123,87
2025-12-15,P124,61
2025-12-15,P125,66
2025-12-15,P126,78
2025-12-15,P127,51
2025-12-15,P128,93
2025-12-15,P129,35
2025-12-15,P130,37
2025-12-16,P101,65
2025-12-16,P102,105
2025-12-16,P103,138
2025-12-16,P104,149
2025-12-16,P105,110
2025-12-16,P106,100
2025-12-16,P107,70
2025-12-16,P108,55
2025-12-16,P109,46
2025-12-16,P110,68
2025-12-16,P111,105
2025-12-16,P112,161
2025-12-16,P113,106
2025-12-16,P114,119
2025-12-16,P115,125
2025-12-16,P116,70
2025-12-16,P117,64
2025-12-16,P118,53
2025-12-16,P119,101
2025-12-16,P120,86
2025-12-16,P121,62
2025-12-16,P122,58
2025-12-16,P123,79
2025-12-16,P124,94
2025-12-16,P125,105
2025-12-16,P126,79
2025-12-16,P127,71
2025-12-16,P128,58
2025-12-16,P129,61
2025-12-16,P130,44
2025-12-17,P101,83
2025-12-17,P102,83
2025-12-17,P103,112
2025-12-17,P104,157
2025-12-17,P105,60
2025-12-17,P106,113
2025-12-17,P107,58
2025-12-17,P108,59
2025-12-17,P109,30
2025-12-17,P110,57
2025-12-17,P111,90
2025-12-17,P112,166
2025-12-17,P113,176
2025-12-17,P114,170
2025-12-17,P115,92
2025-12-17,P116,87
2025-12-17,P117,82
2025-12-17,P118,69
2025-12-17,P119,51
2025-12-17,P120,89
2025-12-17,P121,63
2025-12-17,P122,37
2025-12-17,P123,72
2025-12-17,P124,62
2025-12-17,P125,73
2025-12-17,P126,84
2025-12-17,P127,52
2025-12-17,P128,59
2025-12-17,P129,51
2025-12-17,P130,73
2025-12-18,P101,73
2025-12-18,P102,131
2025-12-18,P103,125
2025-12-18,P104,94
2025-12-18,P105,97
2025-12-18,P106,61
2025-12-18,P107,60
2025-12-18,P108,47
2025-12-18,P109,66
2025-12-18,P110,67
2025-12-18,P111,150
2025-12-18,P112,159
2025-12-18,P113,114
2025-12-18,P114,193
2025-12-18,P115,129
2025-12-18,P116,70
2025-12-18,P117,49
2025-12-18,P118,83
2025-12-18,P119,90
2025-12-18,P120,112
2025-12-18,P121,67
2025-12-18,P122,67
2025-12-18,P123,70
2025-12-18,P124,63
2025-12-18,P125,83
2025-12-18,P126,61
2025-12-18,P127,49
2025-12-18,P128,76
2025-12-18,P129,38
2025-12-18,P130,69
2025-12-19,P101,66
2025-12-19,P102,126
2025-12-19,P103,144
2025-12-19,P104,98
2025-12-19,P105,115
2025-12-19,P106,102
2025-12-19,P107,101
2025-12-19,P108,40
2025-12-19,P109,34
2025-12-19,P110,52
2025-12-19,P111,145
2025-12-19,P112,101
2025-12-19,P113,182
2025-12-19,P114,146
2025-12-19,P115,70
2025-12-19,P116,68
2025-12-19,P117,64
2025-12-19,P118,59
2025-12-19,P119,53
2025-12-19,P120,116
2025-12-19,P121,50
2025-12-19,P122,35
2025-12-19,P123,48
2025-12-19,P124,50
2025-12-19,P125,84
2025-12-19,P126,52
2025-12-19,P127,99
2025-12-19,P128,88
2025-12-19,P129,62
2025-12-19,P130,75
2025-12-20,P101,69
2025-12-20,P102,131
2025-12-20,P103,143
2025-12-20,P104,189
2025-12-20,P105,92
2025-12-20,P106,74
2025-12-20,P107,67
2025-12-20,P108,56
2025-12-20,P109,33
2025-12-20,P110,43
2025-12-20,P111,155
2025-12-20,P112,127
2025-12-20,P113,167
2025-12-20,P114,228
2025-12-20,P115,118
2025-12-20,P116,97
2025-12-20,P117,106
2025-12-20,P118,114
2025-12-20,P119,63
2025-12-20,P120,78
2025-12-20,P121,106
2025-12-20,P122,69
2025-12-20,P123,55
2025-12-20,P124,113
2025-12-20,P125,111
2025-12-20,P126,85
2025-12-20,P127,103
2025-12-20,P128,100
2025-12-20,P129,90
2025-12-20,P130,93
2025-12-21,P101,79
2025-12-21,P102,87
2025-12-21,P103,153
2025-12-21,P104,182
2025-12-21,P105,72
2025-12-21,P106,100
2025-12-21,P107,79
2025-12-21,P108,31
2025-12-21,P109,50
2025-12-21,P110,66
2025-12-21,P111,167
2025-12-21,P112,143
2025-12-21,P113,139
2025-12-21,P114,132
2025-12-21,P115,91
2025-12-21,P116,93
2025-12-21,P117,76
2025-12-21,P118,105
2025-12-21,P119,91
2025-12-21,P120,120
2025-12-21,P121,99
2025-12-21,P122,32
2025-12-21,P123,101
2025-12-21,P124,61
2025-12-21,P125,54
2025-12-21,P126,91
2025-12-21,P127,94
2025-12-21,P128,102
2025-12-21,P129,61
2025-12-21,P130,47
2025-12-22,P101,47
2025-12-22,P102,110
2025-12-22,P103,125
2025-12-22,P104,144
2025-12-22,P105,60
2025-12-22,P106,59
2025-12-22,P107,109
2025-12-22,P108,46
2025-12-22,P109,39
2025-12-22,P110,48
2025-12-22,P111,90
2025-12-22,P112,94
2025-12-22,P113,162
2025-12-22,P114,113
2025-12-22,P115,114
2025-12-22,P116,74
2025-12-22,P117,71
2025-12-22,P118,102
2025-12-22,P119,99
2025-12-22,P120,100
2025-12-22,P121,43
2025-12-22,P122,48
2025-12-22,P123,80
2025-12-22,P124,82
2025-12-22,P125,50
2025-12-22,P126,78
2025-12-22,P127,85
2025-12-22,P128,92
2025-12-22,P129,68
2025-12-22,P130,70
2025-12-23,P101,44
2025-12-23,P102,109
2025-12-23,P103,123
2025-12-23,P104,106
2025-12-23,P105,65
2025-12-23,P106,75
2025-12-23,P107,73
2025-12-23,P108,23
2025-12-23,P109,29
2025-12-23,P110,27
2025-12-23,P111,77
2025-12-23,P112,157
2025-12-23,P113,139
2025-12-23,P114,103
2025-12-23,P115,82
2025-12-23,P116,76
2025-12-23,P117,88
2025-12-23,P118,82
2025-12-23,P119,55
2025-12-23,P120,76
2025-12-23,P121,70
2025-12-23,P122,62
2025-12-23,P123,66
2025-12-23,P124,79
2025-12-23,P125,54
2025-12-23,P126,106
2025-12-23,P127,73
2025-12-23,P128,96
2025-12-23,P129,45
2025-12-23,P130,38
2025-12-24,P101,49
2025-12-24,P102,120
2025-12-24,P103,83
2025-12-24,P104,108
2025-12-24,P105,88
2025-12-24,P106,96
2025-12-24,P107,56
2025-12-24,P108,54
2025-12-24,P109,57
2025-12-24,P110,50
2025-12-24,P111,109
2025-12-24,P112,123
2025-12-24,P113,147
2025-12-24,P114,152
2025-12-24,P115,112
2025-12-24,P116,93
2025-12-24,P117,82
2025-12-24,P118,100
2025-12-24,P119,106
2025-12-24,P120,92
2025-12-24,P121,43
2025-12-24,P122,62
2025-12-24,P123,78
2025-12-24,P124,43
2025-12-24,P125,51
2025-12-24,P126,68
2025-12-24,P127,52
2025-12-24,P128,72
2025-12-24,P129,42
2025-12-24,P130,69
2025-12-25,P101,61
2025-12-25,P102,132
2025-12-25,P103,135
2025-12-25,P104,180
2025-12-25,P105,150
2025-12-25,P106,192
2025-12-25,P107,171
2025-12-25,P108,95
2025-12-25,P109,62
2025-12-25,P110,59
2025-12-25,P111,146
2025-12-25,P112,207
2025-12-25,P113,222
2025-12-25,P114,264
2025-12-25,P115,116
2025-12-25,P116,145
2025-12-25,P117,162
2025-12-25,P118,104
2025-12-25,P119,107
2025-12-25,P120,108
2025-12-25,P121,120
2025-12-25,P122,52
2025-12-25,P123,125
2025-12-25,P124,79
2025-12-25,P125,99
2025-12-25,P126,147
2025-12-25,P127,114
2025-12-25,P128,105
2025-12-25,P129,113
2025-12-25,P130,129
2025-12-26,P101,59
2025-12-26,P102,77
2025-12-26,P103,160
2025-12-26,P104,104
2025-12-26,P105,72
2025-12-26,P106,74
2025-12-26,P107,140
2025-12-26,P108,63
2025-12-26,P109,67
2025-12-26,P110,72
2025-12-26,P111,157
2025-12-26,P112,168
2025-12-26,P113,166
2025-12-26,P114,128
2025-12-26,P115,84
2025-12-26,P116,104
2025-12-26,P117,63
2025-12-26,P118,98
2025-12-26,P119,86
2025-12-26,P120,75
2025-12-26,P121,94
2025-12-26,P122,37
2025-12-26,P123,92
2025-12-26,P124,94
2025-12-26,P125,98
2025-12-26,P126,96
2025-12-26,P127,59
2025-12-26,P128,76
2025-12-26,P129,83
2025-12-26,P130,48
2025-12-27,P101,64
2025-12-27,P102,107
2025-12-27,P103,131
2025-12-27,P104,178
2025-12-27,P105,102
2025-12-27,P106,66
2025-12-27,P107,143
2025-12-27,P108,33
2025-12-27,P109,44
2025-12-27,P110,68
2025-12-27,P111,100
2025-12-27,P112,159
2025-12-27,P113,192
2025-12-27,P114,129
2025-12-27,P115,84
2025-12-27,P116,104
2025-12-27,P117,63
2025-12-27,P118,109
2025-12-27,P119,85
2025-12-27,P120,96
2025-12-27,P121,99
2025-12-27,P122,42
2025-12-27,P123,115
2025-12-27,P124,121
2025-12-27,P125,105
2025-12-27,P126,67
2025-12-27,P127,107
2025-12-27,P128,120
2025-12-27,P129,61
2025-12-27,P130,69
2025-12-28,P101,73
2025-12-28,P102,159
2025-12-28,P103,94
2025-12-28,P104,167
2025-12-28,P105,88
2025-12-28,P106,99
2025-12-28,P107,69
2025-12-28,P108,41
2025-12-28,P109,32
2025-12-28,P110,44
2025-12-28,P111,95
2025-12-28,P112,157
2025-12-28,P113,156
2025-12-28,P114,182
2025-12-28,P115,105
2025-12-28,P116,93
2025-12-28,P117,103
2025-12-28,P118,113
2025-12-28,P119,102
2025-12-28,P120,125
2025-12-28,P121,89
2025-12-28,P122,61
2025-12-28,P123,89
2025-12-28,P124,98
2025-12-28,P125,88
2025-12-28,P126,65
2025-12-28,P127,68
2025-12-28,P128,96
2025-12-28,P129,62
2025-12-28,P130,88
2025-12-29,P101,36
2025-12-29,P102,102
2025-12-29,P103,130
2025-12-29,P104,135
2025-12-29,P105,106
2025-12-29,P106,54
2025-12-29,P107,112
2025-12-29,P108,37
2025-12-29,P109,59
2025-12-29,P110,39
2025-12-29,P111,77
2025-12-29,P112,127
2025-12-29,P113,117
2025-12-29,P114,123
2025-12-29,P115,90
2025-12-29,P116,56
2025-12-29,P117,58
2025-12-29,P118,52
2025-12-29,P119,76
2025-12-29,P120,54
2025-12-29,P121,54
2025-12-29,P122,36
2025-12-29,P123,67
2025-12-29,P124,66
2025-12-29,P125,51
2025-12-29,P126,76
2025-12-29,P127,63
2025-12-29,P128,94
2025-12-29,P129,40
2025-12-29,P130,76
2025-12-30,P101,67
2025-12-30,P102,134
2025-12-30,P103,132
2025-12-30,P104,83
2025-12-30,P105,69
2025-12-30,P106,95
2025-12-30,P107,52
2025-12-30,P108,35
2025-12-30,P109,43
2025-12-30,P110,58
2025-12-30,P111,89
2025-12-30,P112,103
2025-12-30,P113,90
2025-12-30,P114,170
2025-12-30,P115,115
2025-12-30,P116,81
2025-12-30,P117,52
2025-12-30,P118,69
2025-12-30,P119,74
2025-12-30,P120,85
2025-12-30,P121,65
2025-12-30,P122,51
2025-12-30,P123,49
2025-12-30,P124,89
2025-12-30,P125,64
2025-12-30,P126,111
2025-12-30,P127,96
2025-12-30,P128,63
2025-12-30,P129,57
2025-12-30,P130,49
2025-12-31,P101,43
2025-12-31,P102,94
2025-12-31,P103,143
2025-12-31,P104,127
2025-12-31,P105,81
2025-12-31,P106,72
2025-12-31,P107,122
2025-12-31,P108,31
2025-12-31,P109,37
2025-12-31,P110,32
2025-12-31,P111,107
2025-12-31,P112,138
2025-12-31,P113,98
2025-12-31,P114,101
2025-12-31,P115,93
2025-12-31,P116,47
2025-12-31,P117,75
2025-12-31,P118,103
2025-12-31,P119,81
2025-12-31,P120,105
2025-12-31,P121,69
2025-12-31,P122,63
2025-12-31,P123,94
2025-12-31,P124,47
2025-12-31,P125,111
2025-12-31,P126,81
2025-12-31,P127,103
2025-12-31,P128,104
2025-12-31,P129,49
2025-12-31,P130,86
2026-01-01,P101,62
2026-01-01,P102,74
2026-01-01,P103,114
2026-01-01,P104,135
2026-01-01,P105,60
2026-01-01,P106,93
2026-01-01,P107,122
2026-01-01,P108,35
2026-01-01,P109,59
2026-01-01,P110,67
2026-01-01,P111,133
2026-01-01,P112,106
2026-01-01,P113,118
2026-01-01,P114,111
2026-01-01,P115,81
2026-01-01,P116,49
2026-01-01,P117,75
2026-01-01,P118,56
2026-01-01,P119,105
2026-01-01,P120,73
2026-01-01,P121,63
2026-01-01,P122,52
2026-01-01,P123,65
2026-01-01,P124,45
2026-01-01,P125,61
2026-01-01,P126,99
2026-01-01,P127,69
2026-01-01,P128,96
2026-01-01,P129,60
2026-01-01,P130,51
2026-01-02,P101,39
2026-01-02,P102,133
2026-01-02,P103,119
2026-01-02,P104,105
2026-01-02,P105,84
2026-01-02,P106,96
2026-01-02,P107,115
2026-01-02,P108,28
2026-01-02,P109,39
2026-01-02,P110,38
2026-01-02,P111,102
2026-01-02,P112,118
2026-01-02,P113,190
2026-01-02,P114,104
2026-01-02,P115,105
2026-01-02,P116,51
2026-01-02,P117,73
2026-01-02,P118,103
2026-01-02,P119,92
2026-01-02,P120,74
2026-01-02,P121,61
2026-01-02,P122,41
2026-01-02,P123,83
2026-01-02,P124,77
2026-01-02,P125,108
2026-01-02,P126,115
2026-01-02,P127,67
2026-01-02,P128,108
2026-01-02,P129,60
2026-01-02,P130,78
2026-01-03,P101,59
2026-01-03,P102,97
2026-01-03,P103,179
2026-01-03,P104,111
2026-01-03,P105,110
2026-01-03,P106,75
2026-01-03,P107,147
2026-01-03,P108,53
2026-01-03,P109,67
2026-01-03,P110,53
2026-01-03,P111,191
2026-01-03,P112,146
2026-01-03,P113,193
2026-01-03,P114,194
2026-01-03,P115,151
2026-01-03,P116,88
2026-01-03,P117,78
2026-01-03,P118,120
2026-01-03,P119,114
2026-01-03,P120,121
2026-01-03,P121,110
2026-01-03,P122,74
2026-01-03,P123,49
2026-01-03,P124,112
2026-01-03,P125,122
2026-01-03,P126,120
2026-01-03,P127,58
2026-01-03,P128,102
2026-01-03,P129,88
2026-01-03,P130,73
2026-01-04,P101,89
2026-01-04,P102,85
2026-01-04,P103,143
2026-01-04,P104,115
2026-01-04,P105,126
2026-01-04,P106,77
2026-01-04,P107,97
2026-01-04,P108,57
2026-01-04,P109,73
2026-01-04,P110,39
2026-01-04,P111,122
2026-01-04,P112,164
2026-01-04,P113,177
2026-01-04,P114,170
2026-01-04,P115,117
2026-01-04,P116,53
2026-01-04,P117,113
2026-01-04,P118,70
2026-01-04,P119,123
2026-01-04,P120,76
2026-01-04,P121,66
2026-01-04,P122,59
2026-01-04,P123,96
2026-01-04,P124,63
2026-01-04,P125,101
2026-01-04,P126,130
2026-01-04,P127,52
2026-01-04,P128,112
2026-01-04,P129,50
2026-01-04,P130,77
2026-01-05,P101,76
2026-01-05,P102,71
2026-01-05,P103,107
2026-01-05,P104,120
2026-01-05,P105,96
2026-01-05,P106,84
2026-01-05,P107,70
2026-01-05,P108,56
2026-01-05,P109,56
2026-01-05,P110,34
2026-01-05,P111,98
2026-01-05,P112,82
2026-01-05,P113,106
2026-01-05,P114,175
2026-01-05,P115,77
2026-01-05,P116,70
2026-01-05,P117,57
2026-01-05,P118,82
2026-01-05,P119,78
2026-01-05,P120,99
2026-01-05,P121,86
2026-01-05,P122,34
2026-01-05,P123,85
2026-01-05,P124,68
2026-01-05,P125,85
2026-01-05,P126,77
2026-01-05,P127,69
2026-01-05,P128,100
2026-01-05,P129,60
2026-01-05,P130,39
2026-01-06,P101,75
2026-01-06,P102,104
2026-01-06,P103,82
2026-01-06,P104,92
2026-01-06,P105,84
2026-01-06,P106,64
2026-01-06,P107,88
2026-01-06,P108,43
2026-01-06,P109,27
2026-01-06,P110,62
2026-01-06,P111,142
2026-01-06,P112,161
2026-01-06,P113,88
2026-01-06,P114,123
2026-01-06,P115,110
2026-01-06,P116,77
2026-01-06,P117,54
2026-01-06,P118,82
2026-01-06,P119,62
2026-01-06,P120,108
2026-01-06,P121,91
2026-01-06,P122,51
2026-01-06,P123,70
2026-01-06,P124,72
2026-01-06,P125,88
2026-01-06,P126,50
2026-01-06,P127,72
2026-01-06,P128,74
2026-01-06,P129,55
2026-01-06,P130,51
2026-01-07,P101,53
2026-01-07,P102,71
2026-01-07,P103,149
2026-01-07,P104,89
2026-01-07,P105,70
2026-01-07,P106,78
2026-01-07,P107,95
2026-01-07,P108,30
2026-01-07,P109,47
2026-01-07,P110,31
2026-01-07,P111,127
2026-01-07,P112,148
2026-01-07,P113,153
2026-01-07,P114,124
2026-01-07,P115,88
2026-01-07,P116,64
2026-01-07,P117,61
2026-01-07,P118,96
2026-01-07,P119,65
2026-01-07,P120,69
2026-01-07,P121,44
2026-01-07,P122,30
2026-01-07,P123,90
2026-01-07,P124,87
2026-01-07,P125,95
2026-01-07,P126,73
2026-01-07,P127,92
2026-01-07,P128,109
2026-01-07,P129,69
2026-01-07,P130,72
2026-01-08,P101,40
2026-01-08,P102,106
2026-01-08,P103,88
2026-01-08,P104,147
2026-01-08,P105,110
2026-01-08,P106,104
2026-01-08,P107,64
2026-01-08,P108,37
2026-01-08,P109,54
2026-01-08,P110,58
2026-01-08,P111,139
2026-01-08,P112,144
2026-01-08,P113,105
2026-01-08,P114,169
2026-01-08,P115,94
2026-01-08,P116,49
2026-01-08,P117,104
2026-01-08,P118,54
2026-01-08,P119,101
2026-01-08,P120,71
2026-01-08,P121,52
2026-01-08,P122,47
2026-01-08,P123,71
2026-01-08,P124,85
2026-01-08,P125,115
2026-01-08,P126,102
2026-01-08,P127,91
2026-01-08,P128,84
2026-01-08,P129,57
2026-01-08,P130,77
2026-01-09,P101,63
2026-01-09,P102,139
2026-01-09,P103,82
2026-01-09,P104,132
2026-01-09,P105,103
2026-01-09,P106,98
2026-01-09,P107,128
2026-01-09,P108,31
2026-01-09,P109,69
2026-01-09,P110,36
2026-01-09,P111,103
2026-01-09,P112,187
2026-01-09,P113,154
2026-01-09,P114,198
2026-01-09,P115,117
2026-01-09,P116,80
2026-01-09,P117,81
2026-01-09,P118,65
2026-01-09,P119,56
2026-01-09,P120,104
2026-01-09,P121,97
2026-01-09,P122,68
2026-01-09,P123,97
2026-01-09,P124,53
2026-01-09,P125,50
2026-01-09,P126,122
2026-01-09,P127,85
2026-01-09,P128,88
2026-01-09,P129,42
2026-01-09,P130,92
2026-01-10,P101,62
2026-01-10,P102,89
2026-01-10,P103,131
2026-01-10,P104,113
2026-01-10,P105,140
2026-01-10,P106,66
2026-01-10,P107,130
2026-01-10,P108,64
2026-01-10,P109,71
2026-01-10,P110,60
2026-01-10,P111,101
2026-01-10,P112,170
2026-01-10,P113,112
2026-01-10,P114,214
2026-01-10,P115,87
2026-01-10,P116,98
2026-01-10,P117,64
2026-01-10,P118,72
2026-01-10,P119,128
2026-01-10,P120,101
2026-01-10,P121,102
2026-01-10,P122,35
2026-01-10,P123,115
2026-01-10,P124,52
2026-01-10,P125,88
2026-01-10,P126,117
2026-01-10,P127,90
2026-01-10,P128,117
2026-01-10,P129,49
2026-01-10,P130,99
2026-01-11,P101,69
2026-01-11,P102,82
2026-01-11,P103,137
2026-01-11,P104,156
2026-01-11,P105,60
2026-01-11,P106,126
2026-01-11,P107,76
2026-01-11,P108,47
2026-01-11,P109,72
2026-01-11,P110,38
2026-01-11,P111,184
2026-01-11,P112,122
2026-01-11,P113,107
2026-01-11,P114,159
2026-01-11,P115,143
2026-01-11,P116,103
2026-01-11,P117,68
2026-01-11,P118,82
2026-01-11,P119,106
2026-01-11,P120,82
2026-01-11,P121,111
2026-01-11,P122,56
2026-01-11,P123,59
2026-01-11,P124,111
2026-01-11,P125,80
2026-01-11,P126,127
2026-01-11,P127,115
2026-01-11,P128,107
2026-01-11,P129,56
2026-01-11,P130,65
2026-01-12,P101,57
2026-01-12,P102,102
2026-01-12,P103,101
2026-01-12,P104,75
2026-01-12,P105,72
2026-01-12,P106,94
2026-01-12,P107,59
2026-01-12,P108,46
2026-01-12,P109,40
2026-01-12,P110,45
2026-01-12,P111,144
2026-01-12,P112,134
2026-01-12,P113,139
2026-01-12,P114,154
2026-01-12,P115,63
2026-01-12,P116,75
2026-01-12,P117,45
2026-01-12,P118,67
2026-01-12,P119,57
2026-01-12,P120,56
2026-01-12,P121,88
2026-01-12,P122,28
2026-01-12,P123,56
2026-01-12,P124,47
2026-01-12,P125,49
2026-01-12,P126,99
2026-01-12,P127,88
2026-01-12,P128,92
2026-01-12,P129,52
2026-01-12,P130,55
2026-01-13,P101,69
2026-01-13,P102,85
2026-01-13,P103,108
2026-01-13,P104,132
2026-01-13,P105,71
2026-01-13,P106,57
2026-01-13,P107,60
2026-01-13,P108,34
2026-01-13,P109,64
2026-01-13,P110,36
2026-01-13,P111,102
2026-01-13,P112,118
2026-01-13,P113,138
2026-01-13,P114,111
2026-01-13,P115,70
2026-01-13,P116,47
2026-01-13,P117,48
2026-01-13,P118,85
2026-01-13,P119,54
2026-01-13,P120,84
2026-01-13,P121,82
2026-01-13,P122,33
2026-01-13,P123,40
2026-01-13,P124,63
2026-01-13,P125,53
2026-01-13,P126,57
2026-01-13,P127,60
2026-01-13,P128,50
2026-01-13,P129,61
2026-01-13,P130,52
2026-01-14,P101,51
2026-01-14,P102,87
2026-01-14,P103,139
2026-01-14,P104,136
2026-01-14,P105,73
2026-01-14,P106,94
2026-01-14,P107,83
2026-01-14,P108,41
2026-01-14,P109,31
2026-01-14,P110,66
2026-01-14,P111,155
2026-01-14,P112,98
2026-01-14,P113,121
2026-01-14,P114,111
2026-01-14,P115,91
2026-01-14,P116,96
2026-01-14,P117,102
2026-01-14,P118,77
2026-01-14,P119,53
2026-01-14,P120,78
2026-01-14,P121,61
2026-01-14,P122,31
2026-01-14,P123,76
2026-01-14,P124,67
2026-01-14,P125,94
2026-01-14,P126,95
2026-01-14,P127,60
2026-01-14,P128,78
2026-01-14,P129,52
2026-01-14,P130,82
2026-01-15,P101,66
2026-01-15,P102,117
2026-01-15,P103,125
2026-01-15,P104,119
2026-01-15,P105,57
2026-01-15,P106,63
2026-01-15,P107,111
2026-01-15,P108,35
2026-01-15,P109,41
2026-01-15,P110,35
2026-01-15,P111,104
2026-01-15,P112,136
2026-01-15,P113,146
2026-01-15,P114,180
2026-01-15,P115,74
2026-01-15,P116,62
2026-01-15,P117,93
2026-01-15,P118,92
2026-01-15,P119,91
2026-01-15,P120,67
2026-01-15,P121,77
2026-01-15,P122,56
2026-01-15,P123,76
2026-01-15,P124,57
2026-01-15,P125,100
2026-01-15,P126,100
2026-01-15,P127,99
2026-01-15,P128,94
2026-01-15,P129,40
2026-01-15,P130,66
2026-01-16,P101,67
2026-01-16,P102,85
2026-01-16,P103,119
2026-01-16,P104,172
2026-01-16,P105,97
2026-01-16,P106,86
2026-01-16,P107,62
2026-01-16,P108,63
2026-01-16,P109,45
2026-01-16,P110,42
2026-01-16,P111,170
2026-01-16,P112,161
2026-01-16,P113,125
2026-01-16,P114,173
2026-01-16,P115,139
2026-01-16,P116,53
2026-01-16,P117,108
2026-01-16,P118,105
2026-01-16,P119,94
2026-01-16,P120,67
2026-01-16,P121,65
2026-01-16,P122,32
2026-01-16,P123,91
2026-01-16,P124,110
2026-01-16,P125,82
2026-01-16,P126,122
2026-01-16,P127,57
2026-01-16,P128,63
2026-01-16,P129,72
2026-01-16,P130,85
2026-01-17,P101,66
2026-01-17,P102,161
2026-01-17,P103,132
2026-01-17,P104,107
2026-01-17,P105,101
2026-01-17,P106,128
2026-01-17,P107,126
2026-01-17,P108,57
2026-01-17,P109,69
2026-01-17,P110,65
2026-01-17,P111,191
2026-01-17,P112,107
2026-01-17,P113,155
2026-01-17,P114,164
2026-01-17,P115,109
2026-01-17,P116,78
2026-01-17,P117,82
2026-01-17,P118,81
2026-01-17,P119,61
2026-01-17,P120,75
2026-01-17,P121,66
2026-01-17,P122,58
2026-01-17,P123,109
2026-01-17,P124,60
2026-01-17,P125,97
2026-01-17,P126,76
2026-01-17,P127,118
2026-01-17,P128,91
2026-01-17,P129,74
2026-01-17,P130,93
2026-01-18,P101,67
2026-01-18,P102,145
2026-01-18,P103,134
2026-01-18,P104,160
2026-01-18,P105,88
2026-01-18,P106,67
2026-01-18,P107,113
2026-01-18,P108,50
2026-01-18,P109,69
2026-01-18,P110,59
2026-01-18,P111,98
2026-01-18,P112,101
2026-01-18,P113,153
2026-01-18,P114,207
2026-01-18,P115,137
2026-01-18,P116,89
2026-01-18,P117,86
2026-01-18,P118,106
2026-01-18,P119,75
2026-01-18,P120,81
2026-01-18,P121,89
2026-01-18,P122,39
2026-01-18,P123,82
2026-01-18,P124,115
2026-01-18,P125,89
2026-01-18,P126,91
2026-01-18,P127,63
2026-01-18,P128,92
2026-01-18,P129,88
2026-01-18,P130,54
2026-01-19,P101,41
2026-01-19,P102,110
2026-01-19,P103,92
2026-01-19,P104,106
2026-01-19,P105,98
2026-01-19,P106,74
2026-01-19,P107,80
2026-01-19,P108,48
2026-01-19,P109,57
2026-01-19,P110,62
2026-01-19,P111,146
2026-01-19,P112,100
2026-01-19,P113,171
2026-01-19,P114,134
2026-01-19,P115,110
2026-01-19,P116,88
2026-01-19,P117,61
2026-01-19,P118,82
2026-01-19,P119,80
2026-01-19,P120,86
2026-01-19,P121,62
2026-01-19,P122,53
2026-01-19,P123,82
2026-01-19,P124,76
2026-01-19,P125,85
2026-01-19,P126,99
2026-01-19,P127,86
2026-01-19,P128,94
2026-01-19,P129,58
2026-01-19,P130,69
2026-01-20,P101,65
2026-01-20,P102,97
2026-01-20,P103,119
2026-01-20,P104,120
2026-01-20,P105,115
2026-01-20,P106,51
2026-01-20,P107,120
2026-01-20,P108,39
2026-01-20,P109,39
2026-01-20,P110,57
2026-01-20,P111,82
2026-01-20,P112,112
2026-01-20,P113,143
2026-01-20,P114,109
2026-01-20,P115,107
2026-01-20,P116,56
2026-01-20,P117,89
2026-01-20,P118,70
2026-01-20,P119,71
2026-01-20,P120,80
2026-01-20,P121,57
2026-01-20,P122,51
2026-01-20,P123,54
2026-01-20,P124,86
2026-01-20,P125,47
2026-01-20,P126,104
2026-01-20,P127,60
2026-01-20,P128,50
2026-01-20,P129,73
2026-01-20,P130,62
2026-01-21,P101,76
2026-01-21,P102,132
2026-01-21,P103,96
2026-01-21,P104,130
2026-01-21,P105,51
2026-01-21,P106,74
2026-01-21,P107,102
2026-01-21,P108,46
2026-01-21,P109,53
2026-01-21,P110,56
2026-01-21,P111,151
2026-01-21,P112,125
2026-01-21,P113,164
2026-01-21,P114,148
2026-01-21,P115,127
2026-01-21,P116,60
2026-01-21,P117,59
2026-01-21,P118,59
2026-01-21,P119,84
2026-01-21,P120,95
2026-01-21,P121,74
2026-01-21,P122,46
2026-01-21,P123,80
2026-01-21,P124,73
2026-01-21,P125,86
2026-01-21,P126,76
2026-01-21,P127,88
2026-01-21,P128,106
2026-01-21,P129,66
2026-01-21,P130,58
2026-01-22,P101,79
2026-01-22,P102,131
2026-01-22,P103,103
2026-01-22,P104,114
2026-01-22,P105,102
2026-01-22,P106,119
2026-01-22,P107,138
2026-01-22,P108,61
2026-01-22,P109,64
2026-01-22,P110,48
2026-01-22,P111,113
2026-01-22,P112,154
2026-01-22,P113,104
2026-01-22,P114,194
2026-01-22,P115,105
2026-01-22,P116,69
2026-01-22,P117,89
2026-01-22,P118,61
2026-01-22,P119,55
2026-01-22,P120,96
2026-01-22,P121,79
2026-01-22,P122,54
2026-01-22,P123,43
2026-01-22,P124,106
2026-01-22,P125,99
2026-01-22,P126,72
2026-01-22,P127,86
2026-01-22,P128,91
2026-01-22,P129,50
2026-01-22,P130,57
2026-01-23,P101,82
2026-01-23,P102,116
2026-01-23,P103,142
2026-01-23,P104,105
2026-01-23,P105,95
2026-01-23,P106,81
2026-01-23,P107,107
2026-01-23,P108,37
2026-01-23,P109,49
2026-01-23,P110,75
2026-01-23,P111,137
2026-01-23,P112,142
2026-01-23,P113,198
2026-01-23,P114,199
2026-01-23,P115,89
2026-01-23,P116,54
2026-01-23,P117,103
2026-01-23,P118,86
2026-01-23,P119,94
2026-01-23,P120,115
2026-01-23,P121,59
2026-01-23,P122,67
2026-01-23,P123,62
2026-01-23,P124,82
2026-01-23,P125,117
2026-01-23,P126,74
2026-01-23,P127,62
2026-01-23,P128,120
2026-01-23,P129,45
2026-01-23,P130,51
2026-01-24,P101,49
2026-01-24,P102,170
2026-01-24,P103,176
2026-01-24,P104,166
2026-01-24,P105,82
2026-01-24,P106,101
2026-01-24,P107,77
2026-01-24,P108,49
2026-01-24,P109,76
2026-01-24,P110,66
2026-01-24,P111,111
2026-01-24,P112,207
2026-01-24,P113,220
2026-01-24,P114,191
2026-01-24,P115,138
2026-01-24,P116,111
2026-01-24,P117,117
2026-01-24,P118,125
2026-01-24,P119,127
2026-01-24,P120,116
2026-01-24,P121,77
2026-01-24,P122,63
2026-01-24,P123,96
2026-01-24,P124,118
2026-01-24,P125,109
2026-01-24,P126,71
2026-01-24,P127,102
2026-01-24,P128,99
2026-01-24,P129,89
2026-01-24,P130,70
2026-01-25,P101,55
2026-01-25,P102,141
2026-01-25,P103,105
2026-01-25,P104,113
2026-01-25,P105,87
2026-01-25,P106,60
2026-01-25,P107,107
2026-01-25,P108,61
2026-01-25,P109,56
2026-01-25,P110,62
2026-01-25,P111,146
2026-01-25,P112,167
2026-01-25,P113,210
2026-01-25,P114,170
2026-01-25,P115,83
2026-01-25,P116,80
2026-01-25,P117,70
2026-01-25,P118,66
2026-01-25,P119,107
2026-01-25,P120,85
2026-01-25,P121,110
2026-01-25,P122,47
2026-01-25,P123,61
2026-01-25,P124,121
2026-01-25,P125,92
2026-01-25,P126,122
2026-01-25,P127,113
2026-01-25,P128,85
2026-01-25,P129,78
2026-01-25,P130,100
2026-01-26,P101,37
2026-01-26,P102,85
2026-01-26,P103,79
2026-01-26,P104,102
2026-01-26,P105,99
2026-01-26,P106,50
2026-01-26,P107,74
2026-01-26,P108,32
2026-01-26,P109,53
2026-01-26,P110,52
2026-01-26,P111,81
2026-01-26,P112,92
2026-01-26,P113,98
2026-01-26,P114,166
2026-01-26,P115,122
2026-01-26,P116,51
2026-01-26,P117,59
2026-01-26,P118,80
2026-01-26,P119,65
2026-01-26,P120,85
2026-01-26,P121,74
2026-01-26,P122,41
2026-01-26,P123,40
2026-01-26,P124,91
2026-01-26,P125,83
2026-01-26,P126,56
2026-01-26,P127,94
2026-01-26,P128,58
2026-01-26,P129,41
2026-01-26,P130,53
2026-01-27,P101,37
2026-01-27,P102,108
2026-01-27,P103,90
2026-01-27,P104,90
2026-01-27,P105,90
2026-01-27,P106,109
2026-01-27,P107,88
2026-01-27,P108,54
2026-01-27,P109,45
2026-01-27,P110,47
2026-01-27,P111,90
2026-01-27,P112,144
2026-01-27,P113,99
2026-01-27,P114,174
2026-01-27,P115,109
2026-01-27,P116,95
2026-01-27,P117,94
2026-01-27,P118,55
2026-01-27,P119,65
2026-01-27,P120,97
2026-01-27,P121,56
2026-01-27,P122,58
2026-01-27,P123,61
2026-01-27,P124,74
2026-01-27,P125,70
2026-01-27,P126,95
2026-01-27,P127,55
2026-01-27,P128,56
2026-01-27,P129,77
2026-01-27,P130,82
2026-01-28,P101,62
2026-01-28,P102,75
2026-01-28,P103,135
2026-01-28,P104,92
2026-01-28,P105,93
2026-01-28,P106,124
2026-01-28,P107,111
2026-01-28,P108,33
2026-01-28,P109,54
2026-01-28,P110,36
2026-01-28,P111,128
2026-01-28,P112,170
2026-01-28,P113,106
2026-01-28,P114,169
2026-01-28,P115,86
2026-01-28,P116,56
2026-01-28,P117,69
2026-01-28,P118,90
2026-01-28,P119,70
2026-01-28,P120,86
2026-01-28,P121,66
2026-01-28,P122,32
2026-01-28,P123,59
2026-01-28,P124,44
2026-01-28,P125,88
2026-01-28,P126,110
2026-01-28,P127,82
2026-01-28,P128,83
2026-01-28,P129,70
2026-01-28,P130,44
2026-01-29,P101,74
2026-01-29,P102,125
2026-01-29,P103,93
2026-01-29,P104,131
2026-01-29,P105,53
2026-01-29,P106,89
2026-01-29,P107,103
2026-01-29,P108,53
2026-01-29,P109,53
2026-01-29,P110,54
2026-01-29,P111,132
2026-01-29,P112,127
2026-01-29,P113,129
2026-01-29,P114,130
2026-01-29,P115,105
2026-01-29,P116,69
2026-01-29,P117,78
2026-01-29,P118,117
2026-01-29,P119,92
2026-01-29,P120,102
2026-01-29,P121,63
2026-01-29,P122,45
2026-01-29,P123,83
2026-01-29,P124,80
2026-01-29,P125,88
2026-01-29,P126,117
2026-01-29,P127,81
2026-01-29,P128,109
2026-01-29,P129,42
2026-01-29,P130,72
2026-01-30,P101,58
2026-01-30,P102,146
2026-01-30,P103,161
2026-01-30,P104,167
2026-01-30,P105,103
2026-01-30,P106,106
2026-01-30,P107,139
2026-01-30,P108,57
2026-01-30,P109,70
2026-01-30,P110,44
2026-01-30,P111,103
2026-01-30,P112,96
2026-01-30,P113,190
2026-01-30,P114,168
2026-01-30,P115,117
2026-01-30,P116,100
2026-01-30,P117,57
2026-01-30,P118,87
2026-01-30,P119,73
2026-01-30,P120,71
2026-01-30,P121,91
2026-01-30,P122,52
2026-01-30,P123,56
2026-01-30,P124,104
2026-01-30,P125,121
2026-01-30,P126,123
2026-01-30,P127,89
2026-01-30,P128,103
2026-01-30,P129,48
2026-01-30,P130,62
2026-01-31,P101,72
2026-01-31,P102,172
2026-01-31,P103,183
2026-01-31,P104,185
2026-01-31,P105,104
2026-01-31,P106,139
2026-01-31,P107,113
2026-01-31,P108,59
2026-01-31,P109,59
2026-01-31,P110,38
2026-01-31,P111,183
2026-01-31,P112,210
2026-01-31,P113,171
2026-01-31,P114,241
2026-01-31,P115,137
2026-01-31,P116,85
2026-01-31,P117,61
2026-01-31,P118,129
2026-01-31,P119,67
2026-01-31,P120,128
2026-01-31,P121,119
2026-01-31,P122,66
2026-01-31,P123,97
2026-01-31,P124,75
2026-01-31,P125,103
2026-01-31,P126,90
2026-01-31,P127,107
2026-01-31,P128,74
2026-01-31,P129,49
2026-01-31,P130,101
2026-02-01,P101,57
2026-02-01,P102,132
2026-02-01,P103,128
2026-02-01,P104,140
2026-02-01,P105,98
2026-02-01,P106,126
2026-02-01,P107,112
2026-02-01,P108,51
2026-02-01,P109,71
2026-02-01,P110,35
2026-02-01,P111,141
2026-02-01,P112,129
2026-02-01,P113,215
2026-02-01,P114,130
2026-02-01,P115,143
2026-02-01,P116,66
2026-02-01,P117,85
2026-02-01,P118,103
2026-02-01,P119,76
2026-02-01,P120,111
2026-02-01,P121,73
2026-02-01,P122,75
2026-02-01,P123,54
2026-02-01,P124,98
2026-02-01,P125,102
2026-02-01,P126,79
2026-02-01,P127,112
2026-02-01,P128,127
2026-02-01,P129,86
2026-02-01,P130,94
2026-02-02,P101,49
2026-02-02,P102,117
2026-02-02,P103,80
2026-02-02,P104,113
2026-02-02,P105,77
2026-02-02,P106,50
2026-02-02,P107,53
2026-02-02,P108,48
2026-02-02,P109,53
2026-02-02,P110,28
2026-02-02,P111,147
2026-02-02,P112,151
2026-02-02,P113,102
2026-02-02,P114,166
2026-02-02,P115,92
2026-02-02,P116,60
2026-02-02,P117,54
2026-02-02,P118,53
2026-02-02,P119,92
2026-02-02,P120,73
2026-02-02,P121,89
2026-02-02,P122,57
2026-02-02,P123,84
2026-02-02,P124,51
2026-02-02,P125,61
2026-02-02,P126,55
2026-02-02,P127,62
2026-02-02,P128,93
2026-02-02,P129,41
2026-02-02,P130,55
2026-02-03,P101,39
2026-02-03,P102,126
2026-02-03,P103,112
2026-02-03,P104,147
2026-02-03,P105,79
2026-02-03,P106,120
2026-02-03,P107,120
2026-02-03,P108,33
2026-02-03,P109,30
2026-02-03,P110,57
2026-02-03,P111,116
2026-02-03,P112,125
2026-02-03,P113,152
2026-02-03,P114,150
2026-02-03,P115,122
2026-02-03,P116,47
2026-02-03,P117,93
2026-02-03,P118,61
2026-02-03,P119,100
2026-02-03,P120,76
2026-02-03,P121,46
2026-02-03,P122,32
2026-02-03,P123,89
2026-02-03,P124,103
2026-02-03,P125,107
2026-02-03,P126,70
2026-02-03,P127,56
2026-02-03,P128,63
2026-02-03,P129,78
2026-02-03,P130,49
2026-02-04,P101,89
2026-02-04,P102,101
2026-02-04,P103,118
2026-02-04,P104,127
2026-02-04,P105,55
2026-02-04,P106,91
2026-02-04,P107,111
2026-02-04,P108,51
2026-02-04,P109,39
2026-02-04,P110,73
2026-02-04,P111,161
2026-02-04,P112,106
2026-02-04,P113,105
2026-02-04,P114,171
2026-02-04,P115,135
2026-02-04,P116,89
2026-02-04,P117,53
2026-02-04,P118,60
2026-02-04,P119,79
2026-02-04,P120,57
2026-02-04,P121,54
2026-02-04,P122,30
2026-02-04,P123,94
2026-02-04,P124,64
2026-02-04,P125,71
2026-02-04,P126,79
2026-02-04,P127,97
2026-02-04,P128,71
2026-02-04,P129,41
2026-02-04,P130,73
2026-02-05,P101,64
2026-02-05,P102,148
2026-02-05,P103,95
2026-02-05,P104,99
2026-02-05,P105,62
2026-02-05,P106,69
2026-02-05,P107,137
2026-02-05,P108,31
2026-02-05,P109,61
2026-02-05,P110,43
2026-02-05,P111,129
2026-02-05,P112,107
2026-02-05,P113,155
2026-02-05,P114,120
2026-02-05,P115,109
2026-02-05,P116,90
2026-02-05,P117,60
2026-02-05,P118,116
2026-02-05,P119,55
2026-02-05,P120,120
2026-02-05,P121,81
2026-02-05,P122,40
2026-02-05,P123,58
2026-02-05,P124,57
2026-02-05,P125,75
2026-02-05,P126,69
2026-02-05,P127,91
2026-02-05,P128,77
2026-02-05,P129,64
2026-02-05,P130,74
2026-02-06,P101,97
2026-02-06,P102,92
2026-02-06,P103,140
2026-02-06,P104,163
2026-02-06,P105,71
2026-02-06,P106,92
2026-02-06,P107,106
2026-02-06,P108,46
2026-02-06,P109,72
2026-02-06,P110,64
2026-02-06,P111,152
2026-02-06,P112,190
2026-02-06,P113,205
2026-02-06,P114,140
2026-02-06,P115,115
2026-02-06,P116,93
2026-02-06,P117,88
2026-02-06,P118,64
2026-02-06,P119,112
2026-02-06,P120,117
2026-02-06,P121,103
2026-02-06,P122,39
2026-02-06,P123,101
2026-02-06,P124,77
2026-02-06,P125,93
2026-02-06,P126,96
2026-02-06,P127,109
2026-02-06,P128,103
2026-02-06,P129,68
2026-02-06,P130,66
2026-02-07,P101,88
2026-02-07,P102,111
2026-02-07,P103,131
2026-02-07,P104,122
2026-02-07,P105,105
2026-02-07,P106,81
2026-02-07,P107,148
2026-02-07,P108,41
2026-02-07,P109,38
2026-02-07,P110,74
2026-02-07,P111,108
2026-02-07,P112,166
2026-02-07,P113,123
2026-02-07,P114,238
2026-02-07,P115,100
2026-02-07,P116,113
2026-02-07,P117,113
2026-02-07,P118,103
2026-02-07,P119,113
2026-02-07,P120,92
2026-02-07,P121,121
2026-02-07,P122,55
2026-02-07,P123,74
2026-02-07,P124,63
2026-02-07,P125,128
2026-02-07,P126,125
2026-02-07,P127,98
2026-02-07,P128,107
2026-02-07,P129,66
2026-02-07,P130,101
2026-02-08,P101,94
2026-02-08,P102,91
2026-02-08,P103,125
2026-02-08,P104,183
2026-02-08,P105,111
2026-02-08,P106,125
2026-02-08,P107,154
2026-02-08,P108,39
2026-02-08,P109,50
2026-02-08,P110,57
2026-02-08,P111,160
2026-02-08,P112,132
2026-02-08,P113,144
2026-02-08,P114,228
2026-02-08,P115,80
2026-02-08,P116,66
2026-02-08,P117,120
2026-02-08,P118,92
2026-02-08,P119,101
2026-02-08,P120,96
2026-02-08,P121,105
2026-02-08,P122,67
2026-02-08,P123,47
2026-02-08,P124,93
2026-02-08,P125,119
2026-02-08,P126,87
2026-02-08,P127,84
2026-02-08,P128,125
2026-02-08,P129,68
2026-02-08,P130,72
2026-02-09,P101,77
2026-02-09,P102,124
2026-02-09,P103,92
2026-02-09,P104,100
2026-02-09,P105,92
2026-02-09,P106,61
2026-02-09,P107,81
2026-02-09,P108,40
2026-02-09,P109,38
2026-02-09,P110,30
2026-02-09,P111,100
2026-02-09,P112,120
2026-02-09,P113,116
2026-02-09,P114,186
2026-02-09,P115,86
2026-02-09,P116,63
2026-02-09,P117,79
2026-02-09,P118,91
2026-02-09,P119,70
2026-02-09,P120,58
2026-02-09,P121,88
2026-02-09,P122,41
2026-02-09,P123,70
2026-02-09,P124,69
2026-02-09,P125,45
2026-02-09,P126,113
2026-02-09,P127,99
2026-02-09,P128,106
2026-02-09,P129,66
2026-02-09,P130,49
2026-02-10,P101,54
2026-02-10,P102,129
2026-02-10,P103,143
2026-02-10,P104,125
2026-02-10,P105,119
2026-02-10,P106,54
2026-02-10,P107,95
2026-02-10,P108,36
2026-02-10,P109,31
2026-02-10,P110,47
2026-02-10,P111,153
2026-02-10,P112,159
2026-02-10,P113,185
2026-02-10,P114,166
2026-02-10,P115,125
2026-02-10,P116,48
2026-02-10,P117,89
2026-02-10,P118,97
2026-02-10,P119,93
2026-02-10,P120,107
2026-02-10,P121,74
2026-02-10,P122,50
2026-02-10,P123,54
2026-02-10,P124,75
2026-02-10,P125,90
2026-02-10,P126,106
2026-02-10,P127,57
2026-02-10,P128,58
2026-02-10,P129,48
2026-02-10,P130,52
2026-02-11,P101,83
2026-02-11,P102,104
2026-02-11,P103,149
2026-02-11,P104,148
2026-02-11,P105,56
2026-02-11,P106,72
2026-02-11,P107,125
2026-02-11,P108,59
2026-02-11,P109,45
2026-02-11,P110,61
2026-02-11,P111,164
2026-02-11,P112,150
2026-02-11,P113,188
2026-02-11,P114,160
2026-02-11,P115,128
2026-02-11,P116,53
2026-02-11,P117,62
2026-02-11,P118,87
2026-02-11,P119,55
2026-02-11,P120,62
2026-02-11,P121,93
2026-02-11,P122,34
2026-02-11,P123,87
2026-02-11,P124,108
2026-02-11,P125,61
2026-02-11,P126,78
2026-02-11,P127,89
2026-02-11,P128,104
2026-02-11,P129,50
2026-02-11,P130,58
2026-02-12,P101,55
2026-02-12,P102,126
2026-02-12,P103,124
2026-02-12,P104,167
2026-02-12,P105,57
2026-02-12,P106,72
2026-02-12,P107,94
2026-02-12,P108,44
2026-02-12,P109,71
2026-02-12,P110,51
2026-02-12,P111,121
2026-02-12,P112,175
2026-02-12,P113,141
2026-02-12,P114,162
2026-02-12,P115,141
2026-02-12,P116,98
2026-02-12,P117,82
2026-02-12,P118,101
2026-02-12,P119,95
2026-02-12,P120,110
2026-02-12,P121,68
2026-02-12,P122,60
2026-02-12,P123,55
2026-02-12,P124,85
2026-02-12,P125,67
2026-02-12,P126,125
2026-02-12,P127,89
2026-02-12,P128,76
2026-02-12,P129,82
2026-02-12,P130,45
2026-02-13,P101,93
2026-02-13,P102,155
2026-02-13,P103,116
2026-02-13,P104,119
2026-02-13,P105,124
2026-02-13,P106,70
2026-02-13,P107,106
2026-02-13,P108,49
2026-02-13,P109,37
2026-02-13,P110,33
2026-02-13,P111,174
2026-02-13,P112,155
2026-02-13,P113,197
2026-02-13,P114,126
2026-02-13,P115,81
2026-02-13,P116,101
2026-02-13,P117,73
2026-02-13,P118,103
2026-02-13,P119,72
2026-02-13,P120,123
2026-02-13,P121,71
2026-02-13,P122,35
2026-02-13,P123,95
2026-02-13,P124,90
2026-02-13,P125,93
2026-02-13,P126,98
2026-02-13,P127,82
2026-02-13,P128,64
2026-02-13,P129,79
2026-02-13,P130,95
2026-02-14,P101,86
2026-02-14,P102,104
2026-02-14,P103,167
2026-02-14,P104,199
2026-02-14,P105,114
2026-02-14,P106,122
2026-02-14,P107,93
2026-02-14,P108,59
2026-02-14,P109,67
2026-02-14,P110,45
2026-02-14,P111,181
2026-02-14,P112,190
2026-02-14,P113,229
2026-02-14,P114,218
2026-02-14,P115,111
2026-02-14,P116,88
2026-02-14,P117,78
2026-02-14,P118,70
2026-02-14,P119,112
2026-02-14,P120,134
2026-02-14,P121,78
2026-02-14,P122,65
2026-02-14,P123,107
2026-02-14,P124,115
2026-02-14,P125,74
2026-02-14,P126,134
2026-02-14,P127,103
2026-02-14,P128,76
2026-02-14,P129,75
2026-02-14,P130,67
2026-02-15,P101,71
2026-02-15,P102,102
2026-02-15,P103,179
2026-02-15,P104,158
2026-02-15,P105,67
2026-02-15,P106,120
2026-02-15,P107,129
2026-02-15,P108,40
2026-02-15,P109,75
2026-02-15,P110,47
2026-02-15,P111,169
2026-02-15,P112,120
2026-02-15,P113,113
2026-02-15,P114,148
2026-02-15,P115,120
2026-02-15,P116,60
2026-02-15,P117,90
2026-02-15,P118,109
2026-02-15,P119,78
2026-02-15,P120,130
2026-02-15,P121,110
2026-02-15,P122,54
2026-02-15,P123,60
2026-02-15,P124,125
2026-02-15,P125,126
2026-02-15,P126,102
2026-02-15,P127,113
2026-02-15,P128,125
2026-02-15,P129,64
2026-02-15,P130,94
2026-02-16,P101,59
2026-02-16,P102,90
2026-02-16,P103,118
2026-02-16,P104,88
2026-02-16,P105,89
2026-02-16,P106,66
2026-02-16,P107,65
2026-02-16,P108,59
2026-02-16,P109,42
2026-02-16,P110,56
2026-02-16,P111,149
2026-02-16,P112,131
2026-02-16,P113,130
2026-02-16,P114,104
2026-02-16,P115,69
2026-02-16,P116,62
2026-02-16,P117,49
2026-02-16,P118,53
2026-02-16,P119,90
2026-02-16,P120,87
2026-02-16,P121,43
2026-02-16,P122,42
2026-02-16,P123,96
2026-02-16,P124,93
2026-02-16,P125,82
2026-02-16,P126,48
2026-02-16,P127,49
2026-02-16,P128,108
2026-02-16,P129,43
2026-02-16,P130,70
2026-02-17,P101,56
2026-02-17,P102,80
2026-02-17,P103,82
2026-02-17,P104,94
2026-02-17,P105,93
2026-02-17,P106,74
2026-02-17,P107,119
2026-02-17,P108,58
2026-02-17,P109,47
2026-02-17,P110,54
2026-02-17,P111,120
2026-02-17,P112,172
2026-02-17,P113,98
2026-02-17,P114,107
2026-02-17,P115,119
2026-02-17,P116,81
2026-02-17,P117,78
2026-02-17,P118,80
2026-02-17,P119,51
2026-02-17,P120,55
2026-02-17,P121,54
2026-02-17,P122,45
2026-02-17,P123,92
2026-02-17,P124,99
2026-02-17,P125,79
2026-02-17,P126,118
2026-02-17,P127,78
2026-02-17,P128,75
2026-02-17,P129,42
2026-02-17,P130,41
2026-02-18,P101,82
2026-02-18,P102,99
2026-02-18,P103,99
2026-02-18,P104,97
2026-02-18,P105,101
2026-02-18,P106,88
2026-02-18,P107,67
2026-02-18,P108,39
2026-02-18,P109,64
2026-02-18,P110,32
2026-02-18,P111,139
2026-02-18,P112,148
2026-02-18,P113,125
2026-02-18,P114,156
2026-02-18,P115,93
2026-02-18,P116,65
2026-02-18,P117,66
2026-02-18,P118,60
2026-02-18,P119,101
2026-02-18,P120,88
2026-02-18,P121,59
2026-02-18,P122,50
2026-02-18,P123,77
2026-02-18,P124,58
2026-02-18,P125,97
2026-02-18,P126,77
2026-02-18,P127,69
2026-02-18,P128,63
2026-02-18,P129,76
2026-02-18,P130,95
2026-02-19,P101,85
2026-02-19,P102,132
2026-02-19,P103,96
2026-02-19,P104,174
2026-02-19,P105,100
2026-02-19,P106,99
2026-02-19,P107,135
2026-02-19,P108,36
2026-02-19,P109,43
2026-02-19,P110,32
2026-02-19,P111,146
2026-02-19,P112,131
2026-02-19,P113,156
2026-02-19,P114,122
2026-02-19,P115,82
2026-02-19,P116,56
2026-02-19,P117,110
2026-02-19,P118,95
2026-02-19,P119,90
2026-02-19,P120,84
2026-02-19,P121,84
2026-02-19,P122,69
2026-02-19,P123,44
2026-02-19,P124,113
2026-02-19,P125,88
2026-02-19,P126,58
2026-02-19,P127,56
2026-02-19,P128,74
2026-02-19,P129,82
2026-02-19,P130,71
2026-02-20,P101,69
2026-02-20,P102,127
2026-02-20,P103,160
2026-02-20,P104,113
2026-02-20,P105,115
2026-02-20,P106,97
2026-02-20,P107,120
2026-02-20,P108,64
2026-02-20,P109,39
2026-02-20,P110,59
2026-02-20,P111,95
2026-02-20,P112,177
2026-02-20,P113,129
2026-02-20,P114,222
2026-02-20,P115,141
2026-02-20,P116,105
2026-02-20,P117,57
2026-02-20,P118,74
2026-02-20,P119,70
2026-02-20,P120,105
2026-02-20,P121,81
2026-02-20,P122,38
2026-02-20,P123,63
2026-02-20,P124,81
2026-02-20,P125,67
2026-02-20,P126,80
2026-02-20,P127,116
2026-02-20,P128,127
2026-02-20,P129,82
2026-02-20,P130,50
2026-02-21,P101,117
2026-02-21,P102,176
2026-02-21,P103,121
2026-02-21,P104,130
2026-02-21,P105,148
2026-02-21,P106,93
2026-02-21,P107,113
2026-02-21,P108,63
2026-02-21,P109,48
2026-02-21,P110,90
2026-02-21,P111,204
2026-02-21,P112,188
2026-02-21,P113,147
2026-02-21,P114,132
2026-02-21,P115,88
2026-02-21,P116,70
2026-02-21,P117,108
2026-02-21,P118,73
2026-02-21,P119,82
2026-02-21,P120,114
2026-02-21,P121,122
2026-02-21,P122,81
2026-02-21,P123,124
2026-02-21,P124,74
2026-02-21,P125,85
2026-02-21,P126,68
2026-02-21,P127,81
2026-02-21,P128,130
2026-02-21,P129,53
2026-02-21,P130,52
2026-02-22,P101,72
2026-02-22,P102,172
2026-02-22,P103,174
2026-02-22,P104,141
2026-02-22,P105,79
2026-02-22,P106,141
2026-02-22,P107,133
2026-02-22,P108,34
2026-02-22,P109,80
2026-02-22,P110,48
2026-02-22,P111,178
2026-02-22,P112,167
2026-02-22,P113,114
2026-02-22,P114,186
2026-02-22,P115,98
2026-02-22,P116,82
2026-02-22,P117,83
2026-02-22,P118,125
2026-02-22,P119,135
2026-02-22,P120,124
2026-02-22,P121,94
2026-02-22,P122,77
2026-02-22,P123,82
2026-02-22,P124,80
2026-02-22,P125,133
2026-02-22,P126,132
2026-02-22,P127,66
2026-02-22,P128,98
2026-02-22,P129,91
2026-02-22,P130,54
2026-02-23,P101,77
2026-02-23,P102,123
2026-02-23,P103,81
2026-02-23,P104,128
2026-02-23,P105,100
2026-02-23,P106,99
2026-02-23,P107,71
2026-02-23,P108,43
2026-02-23,P109,63
2026-02-23,P110,70
2026-02-23,P111,130
2026-02-23,P112,112
2026-02-23,P113,164
2026-02-23,P114,159
2026-02-23,P115,73
2026-02-23,P116,70
2026-02-23,P117,73
2026-02-23,P118,54
2026-02-23,P119,90
2026-02-23,P120,110
2026-02-23,P121,97
2026-02-23,P122,35
2026-02-23,P123,68
2026-02-23,P124,88
2026-02-23,P125,86
2026-02-23,P126,95
2026-02-23,P127,79
2026-02-23,P128,54
2026-02-23,P129,63
2026-02-23,P130,73
2026-02-24,P101,44
2026-02-24,P102,148
2026-02-24,P103,118
2026-02-24,P104,157
2026-02-24,P105,90
2026-02-24,P106,100
2026-02-24,P107,105
2026-02-24,P108,36
2026-02-24,P109,64
2026-02-24,P110,43
2026-02-24,P111,141
2026-02-24,P112,133
2026-02-24,P113,110
2026-02-24,P114,181
2026-02-24,P115,103
2026-02-24,P116,46
2026-02-24,P117,73
2026-02-24,P118,98
2026-02-24,P119,70
2026-02-24,P120,86
2026-02-24,P121,85
2026-02-24,P122,54
2026-02-24,P123,64
2026-02-24,P124,48
2026-02-24,P125,92
2026-02-24,P126,68
2026-02-24,P127,98
2026-02-24,P128,60
2026-02-24,P129,70
2026-02-24,P130,64
2026-02-25,P101,56
2026-02-25,P102,109
2026-02-25,P103,147
2026-02-25,P104,168
2026-02-25,P105,81
2026-02-25,P106,101
2026-02-25,P107,74
2026-02-25,P108,53
2026-02-25,P109,47
2026-02-25,P110,56
2026-02-25,P111,168
2026-02-25,P112,110
2026-02-25,P113,186
2026-02-25,P114,203
2026-02-25,P115,136
2026-02-25,P116,53
2026-02-25,P117,58
2026-02-25,P118,74
2026-02-25,P119,68
2026-02-25,P120,83
2026-02-25,P121,83
2026-02-25,P122,72
2026-02-25,P123,84
2026-02-25,P124,83
2026-02-25,P125,107
2026-02-25,P126,93
2026-02-25,P127,106
2026-02-25,P128,87
2026-02-25,P129,83
2026-02-25,P130,79
2026-02-26,P101,42
2026-02-26,P102,140
2026-02-26,P103,110
2026-02-26,P104,95
2026-02-26,P105,112
2026-02-26,P106,119
2026-02-26,P107,72
2026-02-26,P108,65
2026-02-26,P109,38
2026-02-26,P110,69
2026-02-26,P111,105
2026-02-26,P112,148
2026-02-26,P113,108
2026-02-26,P114,206
2026-02-26,P115,131
2026-02-26,P116,82
2026-02-26,P117,118
2026-02-26,P118,70
2026-02-26,P119,80
2026-02-26,P120,110
2026-02-26,P121,94
2026-02-26,P122,50
2026-02-26,P123,55
2026-02-26,P124,105
2026-02-26,P125,77
2026-02-26,P126,134
2026-02-26,P127,103
2026-02-26,P128,58
2026-02-26,P129,42
2026-02-26,P130,95
2026-02-27,P101,92
2026-02-27,P102,118
2026-02-27,P103,110
2026-02-27,P104,148
2026-02-27,P105,96
2026-02-27,P106,118
2026-02-27,P107,144
2026-02-27,P108,64
2026-02-27,P109,67
2026-02-27,P110,51
2026-02-27,P111,107
2026-02-27,P112,110
2026-02-27,P113,111
2026-02-27,P114,169
2026-02-27,P115,155
2026-02-27,P116,98
2026-02-27,P117,81
2026-02-27,P118,107
2026-02-27,P119,71
2026-02-27,P120,71
2026-02-27,P121,77
2026-02-27,P122,55
2026-02-27,P123,56
2026-02-27,P124,109
2026-02-27,P125,103
2026-02-27,P126,61
2026-02-27,P127,98
2026-02-27,P128,67
2026-02-27,P129,67
2026-02-27,P130,70
2026-02-28,P101,118
2026-02-28,P102,183
2026-02-28,P103,158
2026-02-28,P104,217
2026-02-28,P105,114
2026-02-28,P106,84
2026-02-28,P107,128
2026-02-28,P108,48
2026-02-28,P109,85
2026-02-28,P110,48
2026-02-28,P111,141
2026-02-28,P112,186
2026-02-28,P113,233
2026-02-28,P114,259
2026-02-28,P115,99
2026-02-28,P116,87
2026-02-28,P117,83
2026-02-28,P118,118
2026-02-28,P119,144
2026-02-28,P120,153
2026-02-28,P121,130
2026-02-28,P122,61
2026-02-28,P123,108
2026-02-28,P124,101
2026-02-28,P125,65
2026-02-28,P126,144
2026-02-28,P127,90
2026-02-28,P128,79
2026-02-28,P129,77
2026-02-28,P130,109
2026-03-01,P101,92
2026-03-01,P102,123
2026-03-01,P103,145
2026-03-01,P104,202
2026-03-01,P105,91
2026-03-01,P106,72
2026-03-01,P107,141
2026-03-01,P108,66
2026-03-01,P109,40
2026-03-01,P110,46
2026-03-01,P111,191
2026-03-01,P112,157
2026-03-01,P113,188
2026-03-01,P114,141
2026-03-01,P115,133
2026-03-01,P116,118
2026-03-01,P117,119
2026-03-01,P118,86
2026-03-01,P119,133
2026-03-01,P120,83
2026-03-01,P121,100
2026-03-01,P122,66
2026-03-01,P123,73
2026-03-01,P124,59
2026-03-01,P125,132
2026-03-01,P126,67
2026-03-01,P127,61
2026-03-01,P128,136
2026-03-01,P129,89
2026-03-01,P130,85
2026-03-02,P101,72
2026-03-02,P102,123
2026-03-02,P103,96
2026-03-02,P104,95
2026-03-02,P105,117
2026-03-02,P106,53
2026-03-02,P107,89
2026-03-02,P108,44
2026-03-02,P109,45
2026-03-02,P110,60
2026-03-02,P111,104
2026-03-02,P112,146
2026-03-02,P113,143
2026-03-02,P114,104
2026-03-02,P115,100
2026-03-02,P116,96
2026-03-02,P117,53
2026-03-02,P118,72
2026-03-02,P119,65
2026-03-02,P120,64
2026-03-02,P121,54
2026-03-02,P122,41
2026-03-02,P123,99
2026-03-02,P124,54
2026-03-02,P125,54
2026-03-02,P126,106
2026-03-02,P127,102
2026-03-02,P128,74
2026-03-02,P129,77
2026-03-02,P130,64
2026-03-03,P101,57
2026-03-03,P102,78
2026-03-03,P103,156
2026-03-03,P104,102
2026-03-03,P105,119
2026-03-03,P106,99
2026-03-03,P107,107
2026-03-03,P108,49
2026-03-03,P109,47
2026-03-03,P110,63
2026-03-03,P111,139
2026-03-03,P112,157
2026-03-03,P113,135
2026-03-03,P114,185
2026-03-03,P115,95
2026-03-03,P116,83
2026-03-03,P117,63
2026-03-03,P118,80
2026-03-03,P119,96
2026-03-03,P120,100
2026-03-03,P121,105
2026-03-03,P122,48
2026-03-03,P123,98
2026-03-03,P124,98
2026-03-03,P125,116
2026-03-03,P126,101
2026-03-03,P127,88
2026-03-03,P128,84
2026-03-03,P129,82
2026-03-03,P130,76
2026-03-04,P101,91
2026-03-04,P102,138
2026-03-04,P103,129
2026-03-04,P104,151
2026-03-04,P105,103
2026-03-04,P106,132
2026-03-04,P107,99
2026-03-04,P108,38
2026-03-04,P109,68
2026-03-04,P110,76
2026-03-04,P111,136
2026-03-04,P112,175
2026-03-04,P113,189
2026-03-04,P114,144
2026-03-04,P115,118
2026-03-04,P116,62
2026-03-04,P117,99
2026-03-04,P118,106
2026-03-04,P119,79
2026-03-04,P120,66
2026-03-04,P121,57
2026-03-04,P122,38
2026-03-04,P123,106
2026-03-04,P124,111
2026-03-04,P125,65
2026-03-04,P126,69
2026-03-04,P127,107
2026-03-04,P128,114
2026-03-04,P129,81
2026-03-04,P130,60
2026-03-05,P101,58
2026-03-05,P102,130
2026-03-05,P103,115
2026-03-05,P104,153
2026-03-05,P105,113
2026-03-05,P106,92
2026-03-05,P107,140
2026-03-05,P108,62
2026-03-05,P109,53
2026-03-05,P110,48
2026-03-05,P111,124
2026-03-05,P112,179
2026-03-05,P113,182
2026-03-05,P114,124
2026-03-05,P115,103
2026-03-05,P116,74
2026-03-05,P117,83
2026-03-05,P118,104
2026-03-05,P119,91
2026-03-05,P120,111
2026-03-05,P121,107
2026-03-05,P122,66
2026-03-05,P123,69
2026-03-05,P124,121
2026-03-05,P125,84
2026-03-05,P126,98
2026-03-05,P127,107
2026-03-05,P128,86
2026-03-05,P129,64
2026-03-05,P130,79
2026-03-06,P101,58
2026-03-06,P102,138
2026-03-06,P103,160
2026-03-06,P104,180
2026-03-06,P105,61
2026-03-06,P106,128
2026-03-06,P107,137
2026-03-06,P108,65
2026-03-06,P109,37
2026-03-06,P110,75
2026-03-06,P111,164
2026-03-06,P112,197
2026-03-06,P113,159
2026-03-06,P114,167
2026-03-06,P115,100
2026-03-06,P116,76
2026-03-06,P117,85
2026-03-06,P118,67
2026-03-06,P119,105
2026-03-06,P120,105
2026-03-06,P121,61
2026-03-06,P122,55
2026-03-06,P123,85
2026-03-06,P124,81
2026-03-06,P125,102
2026-03-06,P126,131
2026-03-06,P127,114
2026-03-06,P128,85
2026-03-06,P129,71
2026-03-06,P130,94
2026-03-07,P101,94
2026-03-07,P102,183
2026-03-07,P103,111
2026-03-07,P104,181
2026-03-07,P105,71
2026-03-07,P106,122
2026-03-07,P107,151
2026-03-07,P108,67
2026-03-07,P109,59
2026-03-07,P110,94
2026-03-07,P111,201
2026-03-07,P112,133
2026-03-07,P113,244
2026-03-07,P114,159
2026-03-07,P115,114
2026-03-07,P116,115
2026-03-07,P117,142
2026-03-07,P118,144
2026-03-07,P119,69
2026-03-07,P120,99
2026-03-07,P121,104
2026-03-07,P122,51
2026-03-07,P123,90
2026-03-07,P124,65
2026-03-07,P125,129
2026-03-07,P126,86
2026-03-07,P127,89
2026-03-07,P128,119
2026-03-07,P129,58
2026-03-07,P130,90
2026-03-08,P101,105
2026-03-08,P102,92
2026-03-08,P103,171
2026-03-08,P104,156
2026-03-08,P105,120
2026-03-08,P106,81
2026-03-08,P107,85
2026-03-08,P108,69
2026-03-08,P109,49
2026-03-08,P110,75
2026-03-08,P111,211
2026-03-08,P112,214
2026-03-08,P113,233
2026-03-08,P114,245
2026-03-08,P115,162
2026-03-08,P116,73
2026-03-08,P117,87
2026-03-08,P118,128
2026-03-08,P119,138
2026-03-08,P120,102
2026-03-08,P121,82
2026-03-08,P122,79
2026-03-08,P123,92
2026-03-08,P124,85
2026-03-08,P125,117
2026-03-08,P126,143
2026-03-08,P127,73
2026-03-08,P128,84
2026-03-08,P129,78
2026-03-08,P130,87
2026-03-09,P101,94
2026-03-09,P102,104
2026-03-09,P103,82
2026-03-09,P104,93
2026-03-09,P105,88
2026-03-09,P106,104
2026-03-09,P107,120
2026-03-09,P108,31
2026-03-09,P109,39
2026-03-09,P110,65
2026-03-09,P111,94
2026-03-09,P112,178
2026-03-09,P113,116
2026-03-09,P114,151
2026-03-09,P115,99
2026-03-09,P116,61
2026-03-09,P117,91
2026-03-09,P118,80
2026-03-09,P119,52
2026-03-09,P120,99
2026-03-09,P121,86
2026-03-09,P122,33
2026-03-09,P123,78
2026-03-09,P124,49
2026-03-09,P125,75
2026-03-09,P126,73
2026-03-09,P127,98
2026-03-09,P128,93
2026-03-09,P129,69
2026-03-09,P130,81
2026-03-10,P101,73
2026-03-10,P102,102
2026-03-10,P103,123
2026-03-10,P104,172
2026-03-10,P105,70
2026-03-10,P106,129
2026-03-10,P107,74
2026-03-10,P108,28
2026-03-10,P109,50
2026-03-10,P110,58
2026-03-10,P111,95
2026-03-10,P112,104
2026-03-10,P113,104
2026-03-10,P114,111
2026-03-10,P115,122
2026-03-10,P116,102
2026-03-10,P117,95
2026-03-10,P118,107
2026-03-10,P119,54
2026-03-10,P120,118
2026-03-10,P121,67
2026-03-10,P122,59
2026-03-10,P123,74
2026-03-10,P124,92
2026-03-10,P125,111
2026-03-10,P126,111
2026-03-10,P127,81
2026-03-10,P128,121
2026-03-10,P129,65
2026-03-10,P130,54
2026-03-11,P101,53
2026-03-11,P102,98
2026-03-11,P103,135
2026-03-11,P104,127
2026-03-11,P105,110
2026-03-11,P106,66
2026-03-11,P107,150
2026-03-11,P108,54
2026-03-11,P109,62
2026-03-11,P110,55
2026-03-11,P111,136
2026-03-11,P112,151
2026-03-11,P113,152
2026-03-11,P114,190
2026-03-11,P115,97
2026-03-11,P116,67
2026-03-11,P117,107
2026-03-11,P118,69
2026-03-11,P119,86
2026-03-11,P120,66
2026-03-11,P121,49
2026-03-11,P122,44
2026-03-11,P123,62
2026-03-11,P124,81
2026-03-11,P125,57
2026-03-11,P126,73
2026-03-11,P127,102
2026-03-11,P128,87
2026-03-11,P129,79
2026-03-11,P130,91
2026-03-12,P101,57
2026-03-12,P102,154
2026-03-12,P103,129
2026-03-12,P104,158
2026-03-12,P105,70
2026-03-12,P106,113
2026-03-12,P107,116
2026-03-12,P108,33
2026-03-12,P109,66
2026-03-12,P110,54
2026-03-12,P111,140
2026-03-12,P112,206
2026-03-12,P113,164
2026-03-12,P114,223
2026-03-12,P115,153
2026-03-12,P116,61
2026-03-12,P117,118
2026-03-12,P118,87
2026-03-12,P119,108
2026-03-12,P120,89
2026-03-12,P121,78
2026-03-12,P122,47
2026-03-12,P123,72
2026-03-12,P124,83
2026-03-12,P125,100
2026-03-12,P126,91
2026-03-12,P127,92
2026-03-12,P128,107
2026-03-12,P129,91
2026-03-12,P130,100
2026-03-13,P101,52
2026-03-13,P102,112
2026-03-13,P103,109
2026-03-13,P104,104
2026-03-13,P105,139
2026-03-13,P106,66
2026-03-13,P107,166
2026-03-13,P108,61
2026-03-13,P109,44
2026-03-13,P110,69
2026-03-13,P111,178
2026-03-13,P112,138
2026-03-13,P113,227
2026-03-13,P114,219
2026-03-13,P115,136
2026-03-13,P116,58
2026-03-13,P117,93
2026-03-13,P118,127
2026-03-13,P119,127
2026-03-13,P120,129
2026-03-13,P121,91
2026-03-13,P122,38
2026-03-13,P123,85
2026-03-13,P124,68
2026-03-13,P125,140
2026-03-13,P126,125
2026-03-13,P127,96
2026-03-13,P128,105
2026-03-13,P129,78
2026-03-13,P130,105
2026-03-14,P101,101
2026-03-14,P102,130
2026-03-14,P103,155
2026-03-14,P104,159
2026-03-14,P105,122
2026-03-14,P106,144
2026-03-14,P107,87
2026-03-14,P108,35
2026-03-14,P109,74
2026-03-14,P110,73
2026-03-14,P111,178
2026-03-14,P112,217
2026-03-14,P113,240
2026-03-14,P114,175
2026-03-14,P115,117
2026-03-14,P116,96
2026-03-14,P117,144
2026-03-14,P118,71
2026-03-14,P119,143
2026-03-14,P120,133
2026-03-14,P121,129
2026-03-14,P122,57
2026-03-14,P123,84
2026-03-14,P124,123
2026-03-14,P125,125
2026-03-14,P126,112
2026-03-14,P127,98
2026-03-14,P128,134
2026-03-14,P129,97
2026-03-14,P130,114
2026-03-15,P101,76
2026-03-15,P102,149
2026-03-15,P103,194
2026-03-15,P104,155
2026-03-15,P105,94
2026-03-15,P106,107
2026-03-15,P107,131
2026-03-15,P108,56
2026-03-15,P109,86
2026-03-15,P110,87
2026-03-15,P111,181
2026-03-15,P112,124
2026-03-15,P113,232
2026-03-15,P114,257
2026-03-15,P115,142
2026-03-15,P116,88
2026-03-15,P117,132
2026-03-15,P118,85
2026-03-15,P119,73
2026-03-15,P120,110
2026-03-15,P121,87
2026-03-15,P122,54
2026-03-15,P123,112
2026-03-15,P124,120
2026-03-15,P125,117
2026-03-15,P126,86
2026-03-15,P127,93
2026-03-15,P128,129
2026-03-15,P129,62
2026-03-15,P130,69
2026-03-16,P101,83
2026-03-16,P102,82
2026-03-16,P103,124
2026-03-16,P104,153
2026-03-16,P105,99
2026-03-16,P106,59
2026-03-16,P107,132
2026-03-16,P108,32
2026-03-16,P109,69
2026-03-16,P110,38
2026-03-16,P111,149
2026-03-16,P112,112
2026-03-16,P113,162
2026-03-16,P114,143
2026-03-16,P115,125
2026-03-16,P116,73
2026-03-16,P117,92
2026-03-16,P118,120
2026-03-16,P119,86
2026-03-16,P120,120
2026-03-16,P121,90
2026-03-16,P122,35
2026-03-16,P123,73
2026-03-16,P124,98
2026-03-16,P125,113
2026-03-16,P126,99
2026-03-16,P127,59
2026-03-16,P128,114
2026-03-16,P129,67
2026-03-16,P130,83
2026-03-17,P101,89
2026-03-17,P102,110
2026-03-17,P103,106
2026-03-17,P104,138
2026-03-17,P105,68
2026-03-17,P106,79
2026-03-17,P107,137
2026-03-17,P108,47
2026-03-17,P109,36
2026-03-17,P110,80
2026-03-17,P111,144
2026-03-17,P112,150
2026-03-17,P113,152
2026-03-17,P114,141
2026-03-17,P115,81
2026-03-17,P116,75
2026-03-17,P117,74
2026-03-17,P118,117
2026-03-17,P119,101
2026-03-17,P120,86
2026-03-17,P121,66
2026-03-17,P122,68
2026-03-17,P123,100
2026-03-17,P124,105
2026-03-17,P125,87
2026-03-17,P126,122
2026-03-17,P127,52
2026-03-17,P128,73
2026-03-17,P129,90
2026-03-17,P130,72
2026-03-18,P101,102
2026-03-18,P102,140
2026-03-18,P103,96
2026-03-18,P104,111
2026-03-18,P105,113
2026-03-18,P106,100
2026-03-18,P107,72
2026-03-18,P108,57
2026-03-18,P109,56
2026-03-18,P110,76
2026-03-18,P111,120
2026-03-18,P112,119
2026-03-18,P113,190
2026-03-18,P114,140
2026-03-18,P115,80
2026-03-18,P116,99
2026-03-18,P117,56
2026-03-18,P118,117
2026-03-18,P119,106
2026-03-18,P120,112
2026-03-18,P121,85
2026-03-18,P122,35
2026-03-18,P123,75
2026-03-18,P124,54
2026-03-18,P125,103
2026-03-18,P126,98
2026-03-18,P127,79
2026-03-18,P128,95
2026-03-18,P129,46
2026-03-18,P130,57
2026-03-19,P101,85
2026-03-19,P102,157
2026-03-19,P103,171
2026-03-19,P104,168
2026-03-19,P105,101
2026-03-19,P106,102
2026-03-19,P107,163
2026-03-19,P108,44
2026-03-19,P109,50
2026-03-19,P110,68
2026-03-19,P111,119
2026-03-19,P112,152
2026-03-19,P113,220
2026-03-19,P114,123
2026-03-19,P115,128
2026-03-19,P116,100
2026-03-19,P117,125
2026-03-19,P118,84
2026-03-19,P119,113
2026-03-19,P120,119
2026-03-19,P121,118
2026-03-19,P122,79
2026-03-19,P123,84
2026-03-19,P124,95
2026-03-19,P125,127
2026-03-19,P126,100
2026-03-19,P127,119
2026-03-19,P128,84
2026-03-19,P129,91
2026-03-19,P130,79
2026-03-20,P101,67
2026-03-20,P102,108
2026-03-20,P103,97
2026-03-20,P104,107
2026-03-20,P105,101
2026-03-20,P106,144
2026-03-20,P107,146
2026-03-20,P108,71
2026-03-20,P109,74
2026-03-20,P110,70
2026-03-20,P111,134
2026-03-20,P112,137
2026-03-20,P113,193
2026-03-20,P114,192
2026-03-20,P115,116
2026-03-20,P116,111
2026-03-20,P117,81
2026-03-20,P118,122
2026-03-20,P119,89
2026-03-20,P120,118
2026-03-20,P121,122
2026-03-20,P122,75
2026-03-20,P123,88
2026-03-20,P124,66
2026-03-20,P125,120
2026-03-20,P126,108
2026-03-20,P127,100
2026-03-20,P128,67
2026-03-20,P129,53
2026-03-20,P130,109
2026-03-21,P101,66
2026-03-21,P102,179
2026-03-21,P103,180
2026-03-21,P104,199
2026-03-21,P105,114
2026-03-21,P106,75
2026-03-21,P107,115
2026-03-21,P108,45
2026-03-21,P109,52
2026-03-21,P110,92
2026-03-21,P111,141
2026-03-21,P112,134
2026-03-21,P113,140
2026-03-21,P114,268
2026-03-21,P115,113
2026-03-21,P116,70
2026-03-21,P117,122
2026-03-21,P118,151
2026-03-21,P119,134
2026-03-21,P120,131
2026-03-21,P121,61
2026-03-21,P122,52
2026-03-21,P123,131
2026-03-21,P124,72
2026-03-21,P125,91
2026-03-21,P126,91
2026-03-21,P127,108
2026-03-21,P128,139
2026-03-21,P129,55
2026-03-21,P130,78
2026-03-22,P101,75
2026-03-22,P102,138
2026-03-22,P103,205
2026-03-22,P104,119
2026-03-22,P105,112
2026-03-22,P106,128
2026-03-22,P107,134
2026-03-22,P108,43
2026-03-22,P109,40
2026-03-22,P110,75
2026-03-22,P111,112
2026-03-22,P112,155
2026-03-22,P113,144
2026-03-22,P114,230
2026-03-22,P115,134
2026-03-22,P116,88
2026-03-22,P117,117
2026-03-22,P118,93
2026-03-22,P119,80
2026-03-22,P120,136
2026-03-22,P121,114
2026-03-22,P122,69
2026-03-22,P123,114
2026-03-22,P124,105
2026-03-22,P125,151
2026-03-22,P126,158
2026-03-22,P127,74
2026-03-22,P128,132
2026-03-22,P129,99
2026-03-22,P130,108
2026-03-23,P101,54
2026-03-23,P102,115
2026-03-23,P103,105
2026-03-23,P104,147
2026-03-23,P105,85
2026-03-23,P106,86
2026-03-23,P107,130
2026-03-23,P108,29
2026-03-23,P109,30
2026-03-23,P110,77
2026-03-23,P111,129
2026-03-23,P112,129
2026-03-23,P113,147
2026-03-23,P114,142
2026-03-23,P115,125
2026-03-23,P116,99
2026-03-23,P117,99
2026-03-23,P118,76
2026-03-23,P119,58
2026-03-23,P120,68
2026-03-23,P121,52
2026-03-23,P122,55
2026-03-23,P123,96
2026-03-23,P124,87
2026-03-23,P125,76
2026-03-23,P126,81
2026-03-23,P127,94
2026-03-23,P128,59
2026-03-23,P129,61
2026-03-23,P130,52
2026-03-24,P101,93
2026-03-24,P102,147
2026-03-24,P103,139
2026-03-24,P104,144
2026-03-24,P105,132
2026-03-24,P106,135
2026-03-24,P107,111
2026-03-24,P108,38
2026-03-24,P109,45
2026-03-24,P110,70
2026-03-24,P111,130
2026-03-24,P112,192
2026-03-24,P113,166
2026-03-24,P114,218
2026-03-24,P115,99
2026-03-24,P116,53
2026-03-24,P117,120
2026-03-24,P118,114
2026-03-24,P119,70
2026-03-24,P120,81
2026-03-24,P121,90
2026-03-24,P122,75
2026-03-24,P123,89
2026-03-24,P124,114
2026-03-24,P125,129
2026-03-24,P126,132
2026-03-24,P127,56
2026-03-24,P128,105
2026-03-24,P129,66
2026-03-24,P130,70
2026-03-25,P101,51
2026-03-25,P102,95
2026-03-25,P103,177
2026-03-25,P104,191
2026-03-25,P105,103
2026-03-25,P106,110
2026-03-25,P107,153
2026-03-25,P108,67
2026-03-25,P109,43
2026-03-25,P110,61
2026-03-25,P111,191
2026-03-25,P112,158
2026-03-25,P113,125
2026-03-25,P114,192
2026-03-25,P115,115
2026-03-25,P116,101
2026-03-25,P117,71
2026-03-25,P118,67
2026-03-25,P119,110
2026-03-25,P120,71
2026-03-25,P121,88
2026-03-25,P122,53
2026-03-25,P123,106
2026-03-25,P124,97
2026-03-25,P125,72
2026-03-25,P126,134
2026-03-25,P127,57
2026-03-25,P128,63
2026-03-25,P129,75
2026-03-25,P130,90
2026-03-26,P101,66
2026-03-26,P102,89
2026-03-26,P103,113
2026-03-26,P104,161
2026-03-26,P105,148
2026-03-26,P106,74
2026-03-26,P107,79
2026-03-26,P108,62
2026-03-26,P109,33
2026-03-26,P110,77
2026-03-26,P111,161
2026-03-26,P112,113
2026-03-26,P113,168
2026-03-26,P114,212
2026-03-26,P115,101
2026-03-26,P116,96
2026-03-26,P117,108
2026-03-26,P118,66
2026-03-26,P119,132
2026-03-26,P120,95
2026-03-26,P121,85
2026-03-26,P122,55
2026-03-26,P123,78
2026-03-26,P124,64
2026-03-26,P125,118
2026-03-26,P126,65
2026-03-26,P127,128
2026-03-26,P128,114
2026-03-26,P129,87
2026-03-26,P130,109
2026-03-27,P101,109
2026-03-27,P102,140
2026-03-27,P103,147
2026-03-27,P104,213
2026-03-27,P105,122
2026-03-27,P106,69
2026-03-27,P107,161
2026-03-27,P108,59
2026-03-27,P109,62
2026-03-27,P110,61
2026-03-27,P111,129
2026-03-27,P112,114
2026-03-27,P113,181
2026-03-27,P114,148
2026-03-27,P115,115
2026-03-27,P116,101
2026-03-27,P117,134
2026-03-27,P118,129
2026-03-27,P119,114
2026-03-27,P120,122
2026-03-27,P121,73
2026-03-27,P122,72
2026-03-27,P123,99
2026-03-27,P124,99
2026-03-27,P125,137
2026-03-27,P126,111
2026-03-27,P127,127
2026-03-27,P128,121
2026-03-27,P129,61
2026-03-27,P130,52
2026-03-28,P101,105
2026-03-28,P102,112
2026-03-28,P103,198
2026-03-28,P104,128
2026-03-28,P105,90
2026-03-28,P106,131
2026-03-28,P107,101
2026-03-28,P108,67
2026-03-28,P109,59
2026-03-28,P110,50
2026-03-28,P111,193
2026-03-28,P112,239
2026-03-28,P113,247
2026-03-28,P114,176
2026-03-28,P115,115
2026-03-28,P116,71
2026-03-28,P117,118
2026-03-28,P118,128
2026-03-28,P119,122
2026-03-28,P120,101
2026-03-28,P121,73
2026-03-28,P122,89
2026-03-28,P123,90
2026-03-28,P124,115
2026-03-28,P125,73
2026-03-28,P126,90
2026-03-28,P127,136
2026-03-28,P128,96
2026-03-28,P129,82
2026-03-28,P130,107
2026-03-29,P101,120
2026-03-29,P102,168
2026-03-29,P103,107
2026-03-29,P104,226
2026-03-29,P105,115
2026-03-29,P106,83
2026-03-29,P107,176
2026-03-29,P108,78
2026-03-29,P109,48
2026-03-29,P110,92
2026-03-29,P111,187
2026-03-29,P112,143
2026-03-29,P113,144
2026-03-29,P114,161
2026-03-29,P115,115
2026-03-29,P116,108
2026-03-29,P117,89
2026-03-29,P118,98
2026-03-29,P119,140
2026-03-29,P120,159
2026-03-29,P121,115
2026-03-29,P122,71
2026-03-29,P123,68
2026-03-29,P124,61
2026-03-29,P125,132
2026-03-29,P126,133
2026-03-29,P127,64
2026-03-29,P128,75
2026-03-29,P129,75
2026-03-29,P130,66
2026-03-30,P101,99
2026-03-30,P102,148
2026-03-30,P103,165
2026-03-30,P104,110
2026-03-30,P105,81
2026-03-30,P106,132
2026-03-30,P107,71
2026-03-30,P108,67
2026-03-30,P109,74
2026-03-30,P110,52
2026-03-30,P111,129
2026-03-30,P112,118
2026-03-30,P113,150
2026-03-30,P114,180
2026-03-30,P115,137
2026-03-30,P116,86
2026-03-30,P117,112
2026-03-30,P118,112
2026-03-30,P119,72
2026-03-30,P120,128
2026-03-30,P121,58
2026-03-30,P122,35
2026-03-30,P123,50
2026-03-30,P124,114
2026-03-30,P125,104
2026-03-30,P126,72
2026-03-30,P127,87
2026-03-30,P128,85
2026-03-30,P129,63
2026-03-30,P130,78
2026-03-31,P101,68
2026-03-31,P102,112
2026-03-31,P103,114
2026-03-31,P104,176
2026-03-31,P105,93
2026-03-31,P106,132
2026-03-31,P107,126
2026-03-31,P108,49
2026-03-31,P109,60
2026-03-31,P110,62
2026-03-31,P111,101
2026-03-31,P112,125
2026-03-31,P113,128
2026-03-31,P114,177
2026-03-31,P115,143
2026-03-31,P116,71
2026-03-31,P117,91
2026-03-31,P118,66
2026-03-31,P119,124
2026-03-31,P120,109
2026-03-31,P121,85
2026-03-31,P122,37
2026-03-31,P123,70
2026-03-31,P124,88
2026-03-31,P125,88
2026-03-31,P126,127
2026-03-31,P127,80
2026-03-31,P128,111
2026-03-31,P129,78
2026-03-31,P130,95
